Atomosphere of build,Same Layer Scanned?,Build Direction [degrees],Power [W],Velocity [m/s],Hatch Spacing [μm],Beam Diameter [μm],d90 [um],Nucleants,Powder Shape [0-1],Powder Layer Thickness [μm],Atomization Atomosphere,Powder Recycled How Many Times?,Initial Powder Bed Temperature [K],Substrate/Platform Temperature [K],Printability Evaluation,Surface Energy Density [J/mm2],Linear Energy Density [J/mm],Volume Energy Density [J/mm3]
Argon,1,90,200.0,0.75,125.0,80.0,150.0,0,1,47.76099206349207,Gas,0.0,298.0,298.0,Fail,2133.3333333333335,266.6666666666667,44666.85554808708
Argon,1,90,200.0,0.75,85.0,80.0,150.0,0,1,56.97460317460318,Gas,0.0,298.0,298.0,Fail,3137.254901960784,266.6666666666667,55064.09394983267
Argon,1,90,200.0,0.3,100.0,50.0,150.0,0,1,50.0,Gas,0.0,298.0,298.0,Fail,6666.666666666667,666.6666666666667,133333.33333333334
Argon,1,90,200.0,0.3,100.0,50.0,150.0,0,1,20.0,Gas,0.0,298.0,298.0,Fail,6666.666666666667,666.6666666666667,333333.3333333334
Argon,1,90,800.0,0.01333,2600.0,4000.0,150.0,0,1,250.0,Gas,0.0,298.0,298.0,Fail,23082.693750360668,60015.003750937736,92330.77500144267
Argon,1,90,800.0,0.013333,2600.0,4000.0,150.0,0,1,250.0,Gas,0.0,298.0,298.0,Fail,23077.50001442344,60001.50003750094,92310.00005769376
Argon,1,45,100.0,0.7,50.0,50.0,45.0,0,1,20.0,Gas,0.0,298.0,298.0,Fail,2857.142857142857,142.85714285714286,142857.14285714287
Argon,1,90,100.0,0.7,50.0,50.0,45.0,0,1,20.0,Gas,0.0,298.0,298.0,Fail,2857.142857142857,142.85714285714286,142857.14285714287
Argon,1,45,100.0,0.7,70.0,50.0,45.0,0,1,20.0,Gas,0.0,298.0,298.0,Fail,2040.816326530612,142.85714285714286,102040.81632653062
Argon,1,90,100.0,0.7,70.0,50.0,45.0,0,1,20.0,Gas,0.0,298.0,298.0,Fail,2040.816326530612,142.85714285714286,102040.81632653062
Argon,1,45,150.0,0.7,50.0,50.0,45.0,0,1,20.0,Gas,0.0,298.0,298.0,Fail,4285.714285714285,214.2857142857143,214285.7142857143
Argon,1,90,150.0,0.7,50.0,50.0,45.0,0,1,20.0,Gas,0.0,298.0,298.0,Fail,4285.714285714285,214.2857142857143,214285.7142857143
Argon,1,45,150.0,0.7,70.0,50.0,45.0,0,1,20.0,Gas,0.0,298.0,298.0,Fail,3061.224489795918,214.2857142857143,153061.22448979592
Argon,1,90,150.0,0.7,70.0,50.0,45.0,0,1,20.0,Gas,0.0,298.0,298.0,Fail,3061.224489795918,214.2857142857143,153061.22448979592
Argon,1,90,400.0,7.9,100.0,50.0,45.0,0,1,80.0,Gas,0.0,298.0,298.0,Fail,506.3291139240506,50.63291139240506,6329.113924050634
Argon,1,90,400.0,7.9,100.0,50.0,50.0,0,1,80.0,Gas,0.0,298.0,298.0,Fail,506.3291139240506,50.63291139240506,6329.113924050634
Argon,1,90,250.0,1.25,120.0,80.0,55.0,0,1,30.0,Gas,0.0,298.0,298.0,Fail,1666.6666666666667,200.0,55555.55555555556
Argon,1,90,35.5,0.307,66.0,100.0,54.342708333333334,0,1,30.0,Argon,0.0,298.0,298.0,Fail,1752.0481689862795,115.63517915309447,58401.60563287599
Argon,1,90,50.0,0.45,120.0,100.0,53.68541666666667,0,1,30.0,Argon,0.0,298.0,298.0,Fail,925.925925925926,111.11111111111111,30864.1975308642
Argon,1,90,50.0,0.08,35.0,100.0,53.028125,0,1,30.0,Argon,0.0,298.0,298.0,Success,17857.142857142855,625.0,595238.0952380951
Argon,1,90,35.0,0.45,35.0,100.0,52.37083333333333,0,1,30.0,Argon,0.0,298.0,298.0,Fail,2222.222222222222,77.77777777777777,74074.07407407407
Argon,1,90,35.0,0.08,120.0,100.0,51.713541666666664,0,1,30.0,Argon,0.0,298.0,298.0,Fail,3645.8333333333335,437.5,121527.77777777778
Argon,1,90,50.0,0.45,35.0,100.0,51.05625,0,1,30.0,Argon,0.0,298.0,298.0,Fail,3174.6031746031745,111.11111111111111,105820.10582010582
Argon,1,90,35.0,0.45,120.0,100.0,50.39895833333333,0,1,30.0,Argon,0.0,298.0,298.0,Fail,648.1481481481482,77.77777777777777,21604.93827160494
Argon,1,90,50.0,0.08,120.0,100.0,49.74166666666667,0,1,30.0,Argon,0.0,298.0,298.0,Success,5208.333333333334,625.0,173611.1111111111
Argon,1,90,49.5,0.279,85.0,100.0,49.084375,0,1,30.0,Argon,0.0,298.0,298.0,Fail,2087.2865275142312,177.41935483870967,69576.21758380772
Argon,1,90,45.5,0.27,119.0,100.0,48.427083333333336,0,1,30.0,Argon,0.0,298.0,298.0,Fail,1416.1220043572982,168.5185185185185,47204.06681190994
Argon,1,90,47.5,0.122,81.0,100.0,47.76979166666666,0,1,30.0,Argon,0.0,298.0,298.0,Fail,4806.719287593604,389.344262295082,160223.97625312017
Argon,1,90,48.0,0.288,113.0,100.0,47.1125,0,1,30.0,Argon,0.0,298.0,298.0,Fail,1474.9262536873157,166.66666666666669,49164.20845624386
Argon,1,90,48.5,0.353,79.0,100.0,46.45520833333333,0,1,30.0,Argon,0.0,298.0,298.0,Fail,1739.1616165238283,137.39376770538243,57972.05388412762
Argon,1,90,43.5,0.427,49.0,100.0,45.797916666666666,0,1,30.0,Argon,0.0,298.0,298.0,Fail,2079.0517612197104,101.87353629976582,69301.72537399035
Argon,1,90,43.0,0.177,117.0,100.0,45.140625,0,1,30.0,Argon,0.0,298.0,298.0,Fail,2076.3919069003814,242.93785310734464,69213.06356334606
Argon,1,90,38.0,0.205,62.0,100.0,44.483333333333334,0,1,30.0,Argon,0.0,298.0,298.0,Fail,2989.771833202203,185.3658536585366,99659.06110674012
Argon,1,90,41.0,0.196,83.0,100.0,43.82604166666667,0,1,30.0,Argon,0.0,298.0,298.0,Fail,2520.285222522744,209.18367346938774,84009.5074174248
Argon,1,90,42.5,0.223,98.0,100.0,43.16875,0,1,30.0,Argon,0.0,298.0,298.0,Fail,1944.7240779719962,190.5829596412556,64824.13593239987
Argon,1,90,36.5,0.149,91.0,100.0,42.51145833333333,0,1,30.0,Argon,0.0,298.0,298.0,Fail,2691.9389335496717,244.96644295302013,89731.29778498906
Argon,1,90,41.0,0.085,40.0,100.0,41.854166666666664,0,1,30.0,Argon,0.0,298.0,298.0,Success,12058.823529411764,482.35294117647055,401960.7843137254
Argon,1,90,44.0,0.418,106.0,100.0,41.196875,0,1,30.0,Argon,0.0,298.0,298.0,Fail,993.0486593843099,105.26315789473685,33101.62197947699
Argon,1,90,35.0,0.297,76.0,100.0,40.53958333333333,0,1,30.0,Argon,0.0,298.0,298.0,Fail,1550.593655856814,117.84511784511785,51686.455195227136
Argon,1,90,39.0,0.9,64.0,100.0,39.88229166666667,0,1,30.0,Argon,0.0,298.0,298.0,Fail,677.0833333333333,43.333333333333336,22569.444444444445
Argon,1,90,42.0,0.436,57.0,100.0,39.224999999999994,0,1,30.0,Argon,0.0,298.0,298.0,Fail,1690.0048285852245,96.3302752293578,56333.49428617415
Argon,1,90,39.5,0.334,102.0,100.0,38.56770833333333,0,1,30.0,Argon,0.0,298.0,298.0,Fail,1159.445814253845,118.26347305389221,38648.1938084615
Argon,1,90,44.0,0.131,89.0,100.0,37.91041666666666,0,1,30.0,Argon,0.0,298.0,298.0,Fail,3773.9085684878632,335.87786259541986,125796.95228292877
Argon,1,90,40.0,0.445,93.0,100.0,37.253125,0,1,30.0,Argon,0.0,298.0,298.0,Fail,966.5337682735291,89.8876404494382,32217.792275784304
Argon,1,90,36.5,0.316,42.0,100.0,36.59583333333333,0,1,30.0,Argon,0.0,298.0,298.0,Fail,2750.150693188668,115.50632911392405,91671.6897729556
Argon,1,90,48.5,0.381,59.0,100.0,35.938541666666666,0,1,30.0,Argon,0.0,298.0,298.0,Fail,2157.5692868899864,127.29658792650919,71918.97622966621
Argon,1,90,44.5,0.251,72.0,100.0,35.28125,0,1,30.0,Argon,0.0,298.0,298.0,Fail,2462.372731297034,177.29083665338646,82079.09104323447
Argon,1,90,45.0,0.325,53.0,100.0,34.623958333333334,0,1,30.0,Argon,0.0,298.0,298.0,Fail,2612.4818577648766,138.46153846153845,87082.72859216256
Argon,1,90,45.5,0.094,68.0,100.0,33.96666666666667,0,1,30.0,Argon,0.0,298.0,298.0,Success,7118.272841051314,484.04255319148933,237275.7613683771
Argon,1,90,46.0,0.399,51.0,100.0,33.309375,0,1,30.0,Argon,0.0,298.0,298.0,Fail,2260.5533441446755,115.28822055137844,75351.77813815585
Argon,1,90,47.0,0.362,104.0,100.0,32.65208333333333,0,1,30.0,Argon,0.0,298.0,298.0,Fail,1248.4062898427542,129.8342541436464,41613.54299475847
Argon,1,90,41.5,0.103,55.0,100.0,31.994791666666664,0,1,30.0,Argon,0.0,298.0,298.0,Fail,7325.684024713151,402.91262135922335,244189.4674904384
Argon,1,90,36.0,0.371,96.0,100.0,31.3375,0,1,30.0,Argon,0.0,298.0,298.0,Fail,1010.7816711590295,97.03504043126685,33692.722371967655
Argon,1,90,40.5,0.214,70.0,100.0,30.680208333333333,0,1,30.0,Argon,0.0,298.0,298.0,Fail,2703.604806408545,189.25233644859813,90120.16021361815
Argon,1,90,48.5,0.11,77.0,100.0,30.022916666666664,0,1,30.0,Argon,0.0,298.0,298.0,Fail,5726.092089728453,440.90909090909093,190869.73632428178
Argon,1,90,50.0,0.103,116.0,100.0,29.365624999999998,0,1,30.0,Argon,0.0,298.0,298.0,Fail,4184.800803481755,485.4368932038835,139493.36011605852
Argon,1,90,50.0,0.07,120.0,100.0,28.708333333333332,0,1,30.0,Argon,0.0,298.0,298.0,Success,5952.380952380951,714.2857142857142,198412.6984126984
Argon,1,90,45.5,0.115,39.0,100.0,28.051041666666663,0,1,30.0,Argon,0.0,298.0,298.0,Fail,10144.927536231884,395.65217391304344,338164.25120772945
Argon,1,90,49.0,0.085,106.0,100.0,27.393749999999997,0,1,30.0,Argon,0.0,298.0,298.0,Success,5438.401775804661,576.470588235294,181280.0591934887
Argon,1,90,41.0,0.083,95.0,100.0,26.73645833333333,0,1,30.0,Argon,0.0,298.0,298.0,Fail,5199.746353836397,493.9759036144578,173324.87846121326
Argon,1,90,48.0,0.089,113.0,100.0,26.079166666666666,0,1,30.0,Argon,0.0,298.0,298.0,Success,4772.795068111763,539.3258426966293,159093.16893705877
Argon,1,90,44.5,0.12,96.0,100.0,25.421874999999996,0,1,30.0,Argon,0.0,298.0,298.0,Fail,3862.8472222222226,370.83333333333337,128761.5740740741
Argon,1,90,48.5,0.109,62.0,100.0,24.76458333333333,0,1,30.0,Argon,0.0,298.0,298.0,Success,7176.679490973661,444.95412844036696,239222.64969912203
Argon,1,90,49.0,0.091,47.0,100.0,24.107291666666665,0,1,30.0,Argon,0.0,298.0,298.0,Success,11456.628477905073,538.4615384615385,381887.6159301691
Argon,1,90,185.0,0.597,100.0,70.0,23.45,0,1,70.0,Gas,0.0,298.0,298.0,Fail,3098.8274706867674,309.88274706867674,44268.96386695382
Argon,1,90,350.0,0.93,100.0,200.0,72.9,0,1,50.0,Gas,0.0,298.0,298.0,Fail,3763.440860215054,376.34408602150535,75268.81720430109
Argon,1,90,350.0,1.14,170.0,80.0,63.0,0,1,50.0,Water,0.0,298.0,373.15,Success,1805.985552115583,307.01754385964915,36119.71104231167
Argon,1,90,80.0,0.2,70.0,75.0,62.67857142857143,0,1,30.0,Nitrogen,0.0,298.0,298.0,Fail,5714.285714285714,400.0,190476.1904761905
Argon,1,90,60.0,0.2,70.0,75.0,62.357142857142854,0,1,30.0,Nitrogen,0.0,298.0,298.0,Fail,4285.714285714285,300.0,142857.14285714287
Argon,1,90,100.0,0.3,70.0,75.0,62.035714285714285,0,1,30.0,Nitrogen,0.0,298.0,298.0,Fail,4761.9047619047615,333.33333333333337,158730.15873015876
Argon,1,90,70.0,0.3,70.0,75.0,61.714285714285715,0,1,30.0,Nitrogen,0.0,298.0,298.0,Fail,3333.333333333333,233.33333333333334,111111.11111111112
Argon,1,90,80.0,0.3,70.0,75.0,61.392857142857146,0,1,30.0,Nitrogen,0.0,298.0,298.0,Fail,3809.523809523809,266.6666666666667,126984.126984127
Argon,1,90,90.0,0.4,70.0,75.0,61.07142857142857,0,1,30.0,Nitrogen,0.0,298.0,298.0,Fail,3214.285714285714,225.0,107142.85714285716
Argon,1,90,100.0,0.4,70.0,75.0,60.75,0,1,30.0,Nitrogen,0.0,298.0,298.0,Fail,3571.4285714285716,250.0,119047.61904761905
Argon,1,90,90.0,0.45,70.0,75.0,60.42857142857143,0,1,30.0,Nitrogen,0.0,298.0,298.0,Fail,2857.1428571428573,200.0,95238.09523809524
Argon,1,90,100.0,0.5,70.0,75.0,60.107142857142854,0,1,30.0,Nitrogen,0.0,298.0,298.0,Fail,2857.142857142857,200.0,95238.09523809524
Argon,1,90,90.0,0.5,70.0,75.0,59.785714285714285,0,1,30.0,Nitrogen,0.0,298.0,298.0,Fail,2571.428571428571,180.0,85714.28571428572
Argon,1,90,80.0,0.5,70.0,75.0,59.464285714285715,0,1,30.0,Nitrogen,0.0,298.0,298.0,Fail,2285.7142857142853,160.0,76190.4761904762
Argon,1,90,70.0,0.5,70.0,75.0,59.14285714285714,0,1,30.0,Nitrogen,0.0,298.0,298.0,Fail,1999.9999999999998,140.0,66666.66666666667
Argon,1,90,60.0,0.4,70.0,75.0,58.82142857142857,0,1,30.0,Nitrogen,0.0,298.0,298.0,Fail,2142.8571428571427,150.0,71428.57142857143
Argon,1,90,70.0,0.4,70.0,75.0,58.5,0,1,30.0,Nitrogen,0.0,298.0,298.0,Fail,2500.0,175.0,83333.33333333334
Argon,1,90,80.0,0.4,70.0,75.0,58.17857142857143,0,1,30.0,Nitrogen,0.0,298.0,298.0,Fail,2857.142857142857,200.0,95238.09523809525
Argon,1,90,20.0,0.2,70.0,75.0,57.857142857142854,0,1,30.0,Nitrogen,0.0,298.0,298.0,Fail,1428.5714285714284,100.0,47619.047619047626
Argon,1,90,40.0,0.4,70.0,75.0,57.535714285714285,0,1,30.0,Nitrogen,0.0,298.0,298.0,Fail,1428.5714285714284,100.0,47619.047619047626
Argon,1,90,70.0,0.6,70.0,75.0,57.214285714285715,0,1,30.0,Nitrogen,0.0,298.0,298.0,Fail,1666.6666666666665,116.66666666666667,55555.55555555556
Argon,1,90,20.0,0.4,70.0,75.0,56.89285714285714,0,1,30.0,Nitrogen,0.0,298.0,298.0,Fail,714.2857142857142,50.0,23809.523809523813
Argon,1,90,40.0,0.6,70.0,75.0,56.57142857142857,0,1,30.0,Nitrogen,0.0,298.0,298.0,Fail,952.3809523809523,66.66666666666667,31746.03174603175
Argon,1,90,60.0,0.8,70.0,75.0,56.25,0,1,30.0,Nitrogen,0.0,298.0,298.0,Fail,1071.4285714285713,75.0,35714.28571428572
Argon,1,90,40.0,0.8,70.0,75.0,55.92857142857143,0,1,30.0,Nitrogen,0.0,298.0,298.0,Fail,714.2857142857142,50.0,23809.523809523813
Argon,1,90,20.0,0.8,70.0,75.0,55.607142857142854,0,1,30.0,Nitrogen,0.0,298.0,298.0,Fail,357.1428571428571,25.0,11904.761904761906
Argon,1,90,20.0,0.6,70.0,75.0,55.285714285714285,0,1,30.0,Nitrogen,0.0,298.0,298.0,Fail,476.19047619047615,33.333333333333336,15873.015873015875
Argon,1,90,80.0,0.6,70.0,75.0,54.964285714285715,0,1,30.0,Nitrogen,0.0,298.0,298.0,Fail,1904.7619047619046,133.33333333333334,63492.0634920635
Argon,1,90,90.0,0.6,70.0,75.0,54.64285714285714,0,1,30.0,Nitrogen,0.0,298.0,298.0,Fail,2142.8571428571427,150.0,71428.57142857143
Argon,1,90,100.0,0.6,70.0,75.0,54.32142857142857,0,1,30.0,Nitrogen,0.0,298.0,298.0,Fail,2380.9523809523807,166.66666666666669,79365.07936507938
Argon,1,90,200.0,0.166667,130.0,80.0,54.0,0,1,40.0,Gas,0.0,298.0,298.0,Fail,9230.750769267692,1199.9976000048,230768.76923169233
Argon,1,90,200.0,0.333333,130.0,80.0,53.67857142857143,0,1,40.0,Gas,0.0,298.0,298.0,Fail,4615.389230773847,600.0006000006,115384.73076934616
Argon,1,90,200.0,0.166667,110.0,80.0,53.357142857142854,0,1,40.0,Gas,0.0,298.0,298.0,Fail,10909.069090952726,1199.9976000048,272726.72727381816
Argon,1,90,200.0,0.166667,90.0,80.0,53.035714285714285,0,1,40.0,Gas,0.0,298.0,298.0,Fail,13333.306666719998,1199.9976000048,333332.666668
Argon,1,90,200.0,0.166667,70.0,80.0,52.714285714285715,0,1,40.0,Gas,0.0,298.0,298.0,Fail,17142.822857211428,1199.9976000048,428570.5714302857
Argon,1,90,200.0,0.50001,130.0,80.0,52.39285714285714,0,1,40.0,Gas,0.0,298.0,298.0,Fail,3076.8615396922833,399.99200015999685,76921.53849230708
Argon,1,90,200.0,0.6667,130.0,80.0,52.07142857142857,0,1,40.0,Gas,0.0,298.0,298.0,Fail,2307.5769288458655,299.9850007499625,57689.42322114664
Argon,1,90,200.0,0.33333,110.0,80.0,51.75,0,1,40.0,Gas,0.0,298.0,298.0,Fail,5454.60000054546,600.0060000600006,136365.0000136365
Argon,1,90,200.0,0.5,110.0,80.0,51.42857142857143,0,1,40.0,Gas,0.0,298.0,298.0,Fail,3636.3636363636365,400.0,90909.09090909093
Argon,1,90,200.0,0.5,90.0,80.0,51.107142857142854,0,1,40.0,Gas,0.0,298.0,298.0,Fail,4444.444444444444,400.0,111111.11111111111
Argon,1,90,200.0,0.33333,90.0,80.0,50.785714285714285,0,1,40.0,Gas,0.0,298.0,298.0,Fail,6666.733334000007,600.0060000600006,166668.33335000018
Argon,1,90,200.0,0.33333,70.0,80.0,50.464285714285715,0,1,40.0,Gas,0.0,298.0,298.0,Fail,8571.514286571437,600.0060000600006,214287.85716428593
Argon,1,90,200.0,1.0,130.0,80.0,50.14285714285714,0,1,40.0,Gas,0.0,298.0,298.0,Fail,1538.4615384615383,200.0,38461.53846153846
Argon,1,90,200.0,0.8333,110.0,80.0,49.82142857142857,0,1,40.0,Gas,0.0,298.0,298.0,Fail,2181.905458036503,240.00960038401536,54547.63645091258
Argon,1,90,200.0,0.66667,90.0,80.0,49.5,0,1,40.0,Gas,0.0,298.0,298.0,Fail,3333.3166667499995,299.99850000749996,83332.91666875001
Argon,1,90,200.0,0.5,70.0,80.0,49.17857142857143,0,1,40.0,Gas,0.0,298.0,298.0,Fail,5714.285714285714,400.0,142857.14285714287
Argon,1,90,200.0,1.0,110.0,80.0,48.857142857142854,0,1,40.0,Gas,0.0,298.0,298.0,Fail,1818.1818181818182,200.0,45454.54545454546
Argon,1,90,200.0,1.0,90.0,80.0,48.535714285714285,0,1,40.0,Gas,0.0,298.0,298.0,Fail,2222.222222222222,200.0,55555.555555555555
Argon,1,90,200.0,0.83333,90.0,80.0,48.214285714285715,0,1,40.0,Gas,0.0,298.0,298.0,Fail,2666.677333376,240.00096000384002,66666.9333344
Argon,1,90,200.0,0.66667,70.0,80.0,47.89285714285714,0,1,40.0,Gas,0.0,298.0,298.0,Fail,4285.69285725,299.99850000749996,107142.32143124999
Argon,1,90,200.0,0.8333,70.0,80.0,47.57142857142857,0,1,40.0,Gas,0.0,298.0,298.0,Fail,3428.708576914505,240.00960038401536,85717.71442286261
Argon,1,90,200.0,1.0,70.0,80.0,47.25,0,1,40.0,Gas,0.0,298.0,298.0,Fail,2857.142857142857,200.0,71428.57142857143
Argon,1,90,150.0,0.3,130.0,50.0,46.92857142857143,0,1,100.0,Gas,0.0,298.0,298.0,Fail,3846.153846153846,500.0,38461.53846153846
Argon,1,90,300.0,0.15,100.0,50.0,46.60714285714286,0,1,50.0,Gas,0.0,298.0,298.0,Success,20000.0,2000.0,400000.0
Argon,1,90,150.0,0.3,130.0,50.0,46.285714285714285,0,1,100.0,Water,0.0,298.0,298.0,Fail,3846.153846153846,500.0,38461.53846153846
Argon,1,90,300.0,0.15,100.0,50.0,45.96428571428571,0,1,50.0,Water,0.0,298.0,298.0,Fail,20000.0,2000.0,400000.0
Argon,1,90,200.0,0.6,100.0,50.0,45.64285714285714,0,1,100.0,Water,0.0,298.0,298.0,Fail,3333.3333333333335,333.33333333333337,33333.333333333336
Argon,1,90,300.0,1.9,100.0,50.0,45.32142857142857,0,1,50.0,Water,0.0,298.0,298.0,Fail,1578.9473684210527,157.89473684210526,31578.947368421053
Argon,1,90,200.0,0.597,100.0,10.0,45.0,0,1,24.05,Gas,0.0,298.0,298.0,Fail,3350.0837520938026,335.00837520938023,139296.62170868204
Argon,1,90,200.0,0.597,100.0,10.0,45.9903125,0,1,24.05,Gas,0.0,298.0,298.0,Fail,3350.0837520938026,335.00837520938023,139296.62170868204
Argon,1,90,200.0,0.597,100.0,10.0,46.980625,0,1,24.05,Gas,0.0,298.0,298.0,Fail,3350.0837520938026,335.00837520938023,139296.62170868204
Argon,1,90,200.0,0.597,100.0,10.0,47.9709375,0,1,24.05,Gas,0.0,298.0,298.0,Fail,3350.0837520938026,335.00837520938023,139296.62170868204
Argon,1,90,200.0,0.597,100.0,10.0,48.96125,0,1,24.113333333333333,Gas,0.0,298.0,298.0,Fail,3350.0837520938026,335.00837520938023,138930.76107660227
Argon,1,90,200.0,0.597,100.0,10.0,49.9515625,0,1,24.316666666666666,Gas,0.0,298.0,298.0,Fail,3350.0837520938026,335.00837520938023,137769.03709775748
Argon,1,90,200.0,0.597,100.0,10.0,50.941874999999996,0,1,24.1,Gas,0.0,298.0,298.0,Fail,3350.0837520938026,335.00837520938023,139007.62456820757
Argon,1,90,200.0,0.597,100.0,10.0,51.9321875,0,1,20.0,Gas,0.0,298.0,298.0,Fail,3350.0837520938026,335.00837520938023,167504.18760469012
Nitrogen,1,90,40.0,0.2,110.0,75.0,52.9225,0,1,20.0,Gas,0.0,298.0,298.0,Fail,1818.1818181818182,200.0,90909.09090909091
Nitrogen,1,90,40.0,0.7,110.0,75.0,53.9128125,0,1,20.0,Gas,0.0,298.0,298.0,Fail,519.4805194805194,57.142857142857146,25974.025974025975
Nitrogen,1,90,40.0,1.2,110.0,75.0,54.903125,0,1,20.0,Gas,0.0,298.0,298.0,Fail,303.030303030303,33.333333333333336,15151.515151515152
Nitrogen,1,90,100.0,0.2,110.0,75.0,55.8934375,0,1,20.0,Gas,0.0,298.0,298.0,Success,4545.454545454546,500.0,227272.7272727273
Nitrogen,1,90,100.0,0.7,110.0,75.0,56.88375,0,1,20.0,Gas,0.0,298.0,298.0,Fail,1298.7012987012988,142.85714285714286,64935.06493506494
Nitrogen,1,90,100.0,1.2,110.0,75.0,57.8740625,0,1,20.0,Gas,0.0,298.0,298.0,Fail,757.5757575757575,83.33333333333334,37878.78787878788
Nitrogen,1,90,100.0,1.7,110.0,75.0,58.864374999999995,0,1,20.0,Gas,0.0,298.0,298.0,Fail,534.75935828877,58.82352941176471,26737.967914438505
Nitrogen,1,90,100.0,2.2,110.0,75.0,59.8546875,0,1,20.0,Gas,0.0,298.0,298.0,Fail,413.2231404958677,45.45454545454545,20661.157024793385
Nitrogen,1,90,100.0,2.5,110.0,75.0,60.845,0,1,20.0,Gas,0.0,298.0,298.0,Fail,363.6363636363636,40.0,18181.818181818184
Nitrogen,1,90,150.0,0.2,110.0,75.0,61.8353125,0,1,20.0,Gas,0.0,298.0,298.0,Fail,6818.181818181819,750.0,340909.09090909094
Nitrogen,1,90,150.0,0.7,110.0,75.0,62.825625,0,1,20.0,Gas,0.0,298.0,298.0,Success,1948.051948051948,214.2857142857143,97402.59740259741
Nitrogen,1,90,150.0,1.2,110.0,75.0,63.8159375,0,1,20.0,Gas,0.0,298.0,298.0,Fail,1136.3636363636363,125.0,56818.181818181816
Nitrogen,1,90,200.0,0.2,110.0,75.0,64.80625,0,1,20.0,Gas,0.0,298.0,298.0,Success,9090.909090909092,1000.0,454545.4545454546
Nitrogen,1,90,200.0,0.7,110.0,75.0,65.7965625,0,1,20.0,Gas,0.0,298.0,298.0,Success,2597.4025974025976,285.7142857142857,129870.12987012988
Nitrogen,1,90,200.0,1.2,110.0,75.0,66.786875,0,1,20.0,Gas,0.0,298.0,298.0,Success,1515.151515151515,166.66666666666669,75757.57575757576
Nitrogen,1,90,200.0,1.7,110.0,75.0,67.7771875,0,1,20.0,Gas,0.0,298.0,298.0,Success,1069.51871657754,117.64705882352942,53475.93582887701
Nitrogen,1,90,200.0,2.2,110.0,75.0,68.7675,0,1,20.0,Gas,0.0,298.0,298.0,Fail,826.4462809917354,90.9090909090909,41322.31404958677
Nitrogen,1,90,200.0,2.5,110.0,75.0,69.7578125,0,1,20.0,Gas,0.0,298.0,298.0,Fail,727.2727272727273,80.0,36363.63636363637
Nitrogen,1,90,300.0,0.2,110.0,75.0,70.748125,0,1,20.0,Gas,0.0,298.0,298.0,Success,13636.363636363638,1500.0,681818.1818181819
Nitrogen,1,90,300.0,0.7,110.0,75.0,71.7384375,0,1,20.0,Gas,0.0,298.0,298.0,Success,3896.103896103896,428.5714285714286,194805.19480519483
Nitrogen,1,90,300.0,1.2,110.0,75.0,72.72874999999999,0,1,20.0,Gas,0.0,298.0,298.0,Success,2272.7272727272725,250.0,113636.36363636363
Nitrogen,1,90,300.0,1.7,110.0,75.0,73.7190625,0,1,20.0,Gas,0.0,298.0,298.0,Success,1604.2780748663101,176.47058823529412,80213.90374331552
Nitrogen,1,90,300.0,2.2,110.0,75.0,74.709375,0,1,20.0,Gas,0.0,298.0,298.0,Success,1239.6694214876031,136.36363636363635,61983.471074380155
Nitrogen,1,90,300.0,2.5,110.0,75.0,75.6996875,0,1,20.0,Gas,0.0,298.0,298.0,Success,1090.9090909090908,120.0,54545.45454545455
Argon,1,90,85.0,0.071,100.0,80.0,76.69,0,1,100.0,Argon,0.0,298.0,298.0,Fail,11971.830985915494,1197.1830985915494,119718.30985915492
Argon,1,90,135.0,0.112,100.0,80.0,76.69,0,1,100.0,Argon,0.0,298.0,298.0,Fail,12053.571428571428,1205.357142857143,120535.71428571429
Argon,1,90,165.0,0.138,100.0,80.0,76.69,0,1,100.0,Argon,0.0,298.0,298.0,Success,11956.521739130434,1195.6521739130433,119565.21739130435
Argon,1,90,200.0,0.083,90.0,100.0,18.0,0,0.5,40.0,Gas,0.0,298.0,298.0,Fail,26773.761713520747,2409.6385542168673,669344.0428380187
Argon,1,90,200.0,0.167,90.0,100.0,18.0,0,0.5,40.0,Gas,0.0,298.0,298.0,Fail,13306.71989354624,1197.6047904191616,332667.99733865605
Argon,1,90,200.0,0.417,90.0,100.0,18.0,0,0.5,40.0,Gas,0.0,298.0,298.0,Fail,5329.070077271516,479.6163069544365,133226.7519317879
Argon,1,90,200.0,0.583,90.0,100.0,18.0,0,0.5,40.0,Gas,0.0,298.0,298.0,Fail,3811.701924909472,343.0531732418525,95292.5481227368
Argon,1,90,200.0,0.667,90.0,100.0,18.0,0,0.5,40.0,Gas,0.0,298.0,298.0,Fail,3331.6674995835415,299.8500749625187,83291.68748958856
Argon,1,90,200.0,0.083,90.0,100.0,18.0,0,0.5,40.0,Gas,0.0,298.0,298.0,Success,26773.761713520747,2409.6385542168673,669344.0428380187
Argon,1,90,200.0,0.167,90.0,100.0,18.0,0,0.5,40.0,Gas,0.0,298.0,298.0,Success,13306.71989354624,1197.6047904191616,332667.99733865605
Argon,1,90,200.0,0.417,90.0,100.0,18.0,0,0.5,40.0,Gas,0.0,298.0,298.0,Success,5329.070077271516,479.6163069544365,133226.7519317879
Argon,1,90,200.0,0.583,90.0,100.0,18.0,0,0.5,40.0,Gas,0.0,298.0,298.0,Success,3811.701924909472,343.0531732418525,95292.5481227368
Argon,1,90 (z - direction),120.0,0.4,125.0,80.0,23.5,0,1,50.0,Gas,0.0,298.0,298.0,Fail,2400.0,300.0,48000.0
Argon,1,90 (z - direction),120.0,0.8,125.0,80.0,29.0,0,1,50.0,Gas,0.0,298.0,298.0,Fail,1200.0,150.0,24000.0
Argon,1,90 (z - direction),120.0,1.2,125.0,80.0,34.5,0,1,50.0,Gas,0.0,298.0,298.0,Fail,800.0,100.0,16000.0
Argon,1,90 (z - direction),240.0,0.4,125.0,80.0,40.0,0,1,50.0,Gas,0.0,298.0,298.0,Success,4800.0,600.0,96000.0
Argon,1,90 (z - direction),240.0,0.8,125.0,80.0,45.5,0,1,50.0,Gas,0.0,298.0,298.0,Fail,2400.0,300.0,48000.0
Argon,1,90 (z - direction),240.0,1.2,125.0,80.0,51.0,0,1,50.0,Gas,0.0,298.0,298.0,Fail,1600.0,200.0,32000.0
Argon,1,90 (z - direction),360.0,0.4,125.0,80.0,56.5,0,1,50.0,Gas,0.0,298.0,298.0,Fail,7200.0,900.0,144000.0
Argon,1,90 (z - direction),360.0,0.8,125.0,80.0,62.0,0,1,50.0,Gas,0.0,298.0,298.0,Fail,3600.0,450.0,72000.0
Argon,1,90 (z - direction),360.0,1.2,125.0,80.0,67.5,0,1,50.0,Gas,0.0,298.0,298.0,Fail,2400.0,300.0,48000.0
Argon,1,90,200.0,0.083,70.0,100.0,73.0,0,1,40.0,Gas,0.0,298.0,298.0,Fail,34423.40791738382,2409.6385542168673,860585.1979345955
Argon,1,90,200.0,0.083,90.0,100.0,73.0,0,1,40.0,Gas,0.0,298.0,298.0,Fail,26773.761713520747,2409.6385542168673,669344.0428380187
Argon,1,90,200.0,0.083,110.0,100.0,73.0,0,1,40.0,Gas,0.0,298.0,298.0,Fail,21905.80503833516,2409.6385542168673,547645.1259583789
Argon,1,90,200.0,0.083,130.0,100.0,73.0,0,1,40.0,Gas,0.0,298.0,298.0,Fail,18535.681186283593,2409.6385542168673,463392.02965708985
Argon,1,90,200.0,0.133,70.0,100.0,73.0,0,1,40.0,Gas,0.0,298.0,298.0,Fail,21482.277121374864,1503.7593984962405,537056.9280343717
Argon,1,90,200.0,0.133,90.0,100.0,73.0,0,1,40.0,Gas,0.0,298.0,298.0,Fail,16708.437761069337,1503.7593984962405,417710.9440267335
Argon,1,90,200.0,0.133,110.0,100.0,73.0,0,1,40.0,Gas,0.0,298.0,298.0,Fail,13670.539986329459,1503.7593984962405,341763.4996582365
Argon,1,90,200.0,0.133,130.0,100.0,73.0,0,1,40.0,Gas,0.0,298.0,298.0,Fail,11567.37998843262,1503.7593984962405,289184.49971081555
Argon,1,90,200.0,0.167,70.0,100.0,73.0,0,1,40.0,Gas,0.0,298.0,298.0,Fail,17108.63986313088,1197.6047904191616,427715.996578272
Argon,1,90,200.0,0.167,90.0,100.0,73.0,0,1,40.0,Gas,0.0,298.0,298.0,Fail,13306.71989354624,1197.6047904191616,332667.99733865605
Argon,1,90,200.0,0.167,110.0,100.0,73.0,0,1,40.0,Gas,0.0,298.0,298.0,Fail,10887.316276537833,1197.6047904191616,272182.9069134458
Argon,1,90,200.0,0.167,130.0,100.0,73.0,0,1,40.0,Gas,0.0,298.0,298.0,Fail,9212.34454168586,1197.6047904191616,230308.61354214646
Argon,1,90,200.0,0.25,70.0,100.0,73.0,0,1,40.0,Gas,0.0,298.0,298.0,Fail,11428.571428571428,800.0,285714.28571428574
Argon,1,90,200.0,0.25,90.0,100.0,73.0,0,1,40.0,Gas,0.0,298.0,298.0,Fail,8888.888888888889,800.0,222222.22222222222
Argon,1,90,200.0,0.25,110.0,100.0,73.0,0,1,40.0,Gas,0.0,298.0,298.0,Fail,7272.727272727273,800.0,181818.18181818185
Argon,1,90,200.0,0.25,130.0,100.0,73.0,0,1,40.0,Gas,0.0,298.0,298.0,Fail,6153.846153846153,800.0,153846.15384615384
Argon,1,90,200.0,0.333,70.0,100.0,73.0,0,1,40.0,Gas,0.0,298.0,298.0,Fail,8580.008580008578,600.6006006006006,214500.2145002145
Argon,1,90,200.0,0.333,90.0,100.0,73.0,0,1,40.0,Gas,0.0,298.0,298.0,Fail,6673.340006673339,600.6006006006006,166833.5001668335
Argon,1,90,200.0,0.333,110.0,100.0,73.0,0,1,40.0,Gas,0.0,298.0,298.0,Fail,5460.00546000546,600.6006006006006,136500.1365001365
Argon,1,90,200.0,0.333,130.0,100.0,73.0,0,1,40.0,Gas,0.0,298.0,298.0,Fail,4620.00462000462,600.6006006006006,115500.11550011551
Argon,1,90,450.0,3.5,60.0,80.0,42.15,0,1,30.0,Gas,0.0,298.0,473.0,Fail,2142.857142857143,128.57142857142858,71428.57142857143
Nitrogen,1,90,350.0,0.9,130.0,100.0,77.7,0,1,30.0,Gas,0.0,298.0,373.0,Success,2991.4529914529912,388.88888888888886,99715.09971509973
Argon,1,90,170.0,0.6666666666666666,140.0,80.0,52.0,0,1,60.0,Gas,0.0,298.0,298.0,Fail,1821.4285714285716,255.0,30357.14285714286
Argon,1,90,170.0,0.6,140.0,80.0,52.0,0,1,60.0,Gas,0.0,298.0,298.0,Fail,2023.8095238095236,283.33333333333337,33730.158730158735
Argon,1,90,170.0,0.5454545454545454,140.0,80.0,52.0,0,1,60.0,Gas,0.0,298.0,298.0,Fail,2226.1904761904766,311.6666666666667,37103.1746031746
Argon,1,90,170.0,0.5,140.0,80.0,52.0,0,1,60.0,Gas,0.0,298.0,298.0,Fail,2428.5714285714284,340.0,40476.19047619048
Argon,1,90,180.0,0.6666666666666666,140.0,80.0,52.0,0,1,60.0,Gas,0.0,298.0,298.0,Fail,1928.5714285714287,270.0,32142.857142857145
Argon,1,90,180.0,0.6,140.0,80.0,52.0,0,1,60.0,Gas,0.0,298.0,298.0,Fail,2142.8571428571427,300.0,35714.28571428572
Argon,1,90,180.0,0.5454545454545454,140.0,80.0,52.0,0,1,60.0,Gas,0.0,298.0,298.0,Fail,2357.1428571428573,330.0,39285.71428571429
Argon,1,90,180.0,0.5,140.0,80.0,52.0,0,1,60.0,Gas,0.0,298.0,298.0,Fail,2571.428571428571,360.0,42857.14285714286
Argon,1,90,190.0,0.6666666666666666,140.0,80.0,52.0,0,1,60.0,Gas,0.0,298.0,298.0,Fail,2035.714285714286,285.0,33928.57142857143
Argon,1,90,190.0,0.6,140.0,80.0,52.0,0,1,60.0,Gas,0.0,298.0,298.0,Fail,2261.904761904762,316.6666666666667,37698.41269841271
Argon,1,90,190.0,0.5454545454545454,140.0,80.0,52.0,0,1,60.0,Gas,0.0,298.0,298.0,Fail,2488.0952380952385,348.33333333333337,41468.25396825397
Argon,1,90,190.0,0.5,140.0,80.0,52.0,0,1,60.0,Gas,0.0,298.0,298.0,Fail,2714.285714285714,380.0,45238.095238095244
Argon,1,90,200.0,0.6666666666666666,140.0,80.0,52.0,0,1,60.0,Gas,0.0,298.0,298.0,Fail,2142.857142857143,300.0,35714.28571428572
Argon,1,90,200.0,0.6,140.0,80.0,52.0,0,1,60.0,Gas,0.0,298.0,298.0,Fail,2380.9523809523807,333.33333333333337,39682.53968253969
Argon,1,90,200.0,0.5454545454545454,140.0,80.0,52.0,0,1,60.0,Gas,0.0,298.0,298.0,Fail,2619.0476190476193,366.6666666666667,43650.793650793654
Argon,1,90,200.0,0.5,140.0,80.0,52.0,0,1,60.0,Gas,0.0,298.0,298.0,Fail,2857.142857142857,400.0,47619.04761904762
Argon,1,Z - direction,125.0,0.7,80.0,50.0,51.75,0,1,60.0,Gas,0.0,298.0,388.13,Fail,2232.142857142857,178.57142857142858,37202.380952380954
Argon,1,Z - direction,125.0,0.7,140.0,50.0,51.5,0,1,60.0,Gas,0.0,298.0,388.13,Fail,1275.5102040816325,178.57142857142858,21258.503401360544
Argon,1,Z - direction,125.0,0.7,200.0,50.0,51.25,0,1,60.0,Gas,0.0,298.0,388.13,Fail,892.8571428571428,178.57142857142858,14880.952380952382
Argon,1,Z - direction,125.0,0.95,80.0,50.0,51.0,0,1,60.0,Gas,0.0,298.0,388.13,Fail,1644.7368421052631,131.57894736842107,27412.280701754386
Argon,1,Z - direction,125.0,0.95,140.0,50.0,50.75,0,1,60.0,Gas,0.0,298.0,388.13,Fail,939.8496240601503,131.57894736842107,15664.160401002508
Argon,1,Z - direction,125.0,0.95,200.0,50.0,50.5,0,1,60.0,Gas,0.0,298.0,388.13,Fail,657.8947368421052,131.57894736842107,10964.912280701756
Argon,1,Z - direction,125.0,1.2,80.0,50.0,50.25,0,1,60.0,Gas,0.0,298.0,388.13,Fail,1302.0833333333333,104.16666666666667,21701.38888888889
Argon,1,Z - direction,125.0,1.2,140.0,50.0,50.0,0,1,60.0,Gas,0.0,298.0,388.13,Fail,744.047619047619,104.16666666666667,12400.793650793652
Argon,1,Z - direction,125.0,1.2,200.0,50.0,49.75,0,1,60.0,Gas,0.0,298.0,388.13,Fail,520.8333333333334,104.16666666666667,8680.555555555557
Argon,1,Z - direction,200.0,0.7,80.0,50.0,49.5,0,1,60.0,Gas,0.0,298.0,388.13,Fail,3571.4285714285716,285.7142857142857,59523.80952380953
Argon,1,Z - direction,200.0,0.7,140.0,50.0,49.25,0,1,60.0,Gas,0.0,298.0,388.13,Success,2040.816326530612,285.7142857142857,34013.60544217687
Argon,1,Z - direction,200.0,0.7,200.0,50.0,49.0,0,1,60.0,Gas,0.0,298.0,388.13,Fail,1428.5714285714284,285.7142857142857,23809.52380952381
Argon,1,Z - direction,200.0,0.95,80.0,50.0,48.75,0,1,60.0,Gas,0.0,298.0,388.13,Fail,2631.5789473684213,210.5263157894737,43859.64912280702
Argon,1,Z - direction,200.0,0.95,140.0,50.0,48.5,0,1,60.0,Gas,0.0,298.0,388.13,Fail,1503.7593984962405,210.5263157894737,25062.65664160401
Argon,1,Z - direction,200.0,0.95,200.0,50.0,48.25,0,1,60.0,Gas,0.0,298.0,388.13,Fail,1052.6315789473683,210.5263157894737,17543.85964912281
Argon,1,Z - direction,200.0,1.2,80.0,50.0,48.0,0,1,60.0,Gas,0.0,298.0,388.13,Success,2083.3333333333335,166.66666666666669,34722.222222222226
Argon,1,Z - direction,200.0,1.2,140.0,50.0,47.75,0,1,60.0,Gas,0.0,298.0,388.13,Fail,1190.4761904761904,166.66666666666669,19841.269841269845
Argon,1,Z - direction,200.0,1.2,200.0,50.0,47.5,0,1,60.0,Gas,0.0,298.0,388.13,Fail,833.3333333333334,166.66666666666669,13888.888888888889
Argon,1,Z - direction,280.0,0.7,80.0,50.0,47.25,0,1,60.0,Gas,0.0,298.0,388.13,Fail,5000.0,400.0,83333.33333333334
Argon,1,Z - direction,280.0,0.7,140.0,50.0,47.0,0,1,60.0,Gas,0.0,298.0,388.13,Fail,2857.142857142857,400.0,47619.04761904762
Argon,1,Z - direction,280.0,0.7,200.0,50.0,46.75,0,1,60.0,Gas,0.0,298.0,388.13,Fail,1999.9999999999998,400.0,33333.333333333336
Argon,1,Z - direction,280.0,0.95,80.0,50.0,46.5,0,1,60.0,Gas,0.0,298.0,388.13,Fail,3684.2105263157896,294.7368421052632,61403.508771929824
Argon,1,Z - direction,280.0,0.95,140.0,50.0,46.25,0,1,60.0,Gas,0.0,298.0,388.13,Fail,2105.2631578947367,294.7368421052632,35087.71929824562
Argon,1,Z - direction,280.0,0.95,200.0,50.0,46.0,0,1,60.0,Gas,0.0,298.0,388.13,Fail,1473.6842105263158,294.7368421052632,24561.40350877193
Argon,1,Z - direction,280.0,1.2,80.0,50.0,45.75,0,1,60.0,Gas,0.0,298.0,388.13,Fail,2916.6666666666665,233.33333333333334,48611.11111111112
Argon,1,Z - direction,280.0,1.2,140.0,50.0,45.5,0,1,60.0,Gas,0.0,298.0,388.13,Fail,1666.6666666666665,233.33333333333334,27777.77777777778
Argon,1,Z - direction,280.0,1.2,200.0,50.0,45.25,0,1,60.0,Gas,0.0,298.0,388.13,Fail,1166.6666666666667,233.33333333333334,19444.444444444445
Nitrogen,1,90,370.0,0.2,80.0,100.0,45.0,0,1,20.0,Gas,0.0,298.0,298.0,Success,23125.0,1850.0,1156250.0
Nitrogen,1,90,370.0,0.3,80.0,100.0,45.0,0,1,20.0,Gas,0.0,298.0,298.0,Success,15416.666666666666,1233.3333333333335,770833.3333333334
Nitrogen,1,90,370.0,0.4,80.0,100.0,45.0,0,1,20.0,Gas,0.0,298.0,298.0,Success,11562.5,925.0,578125.0
Nitrogen,1,90,370.0,0.5,80.0,100.0,45.0,0,1,20.0,Gas,0.0,298.0,298.0,Success,9250.0,740.0,462500.00000000006
Nitrogen,1,90,350.0,0.2,80.0,100.0,45.0,0,1,20.0,Gas,0.0,298.0,298.0,Success,21875.0,1750.0,1093750.0
Nitrogen,1,90,350.0,0.3,80.0,100.0,45.0,0,1,20.0,Gas,0.0,298.0,298.0,Success,14583.333333333332,1166.6666666666667,729166.6666666667
Nitrogen,1,90,350.0,0.4,80.0,100.0,45.0,0,1,20.0,Gas,0.0,298.0,298.0,Success,10937.5,875.0,546875.0
Nitrogen,1,90,350.0,0.5,80.0,100.0,45.0,0,1,20.0,Gas,0.0,298.0,298.0,Success,8750.0,700.0,437500.00000000006
Nitrogen,1,90,330.0,0.2,80.0,100.0,45.0,0,1,20.0,Gas,0.0,298.0,298.0,Success,20625.0,1650.0,1031250.0000000001
Nitrogen,1,90,330.0,0.3,80.0,100.0,45.0,0,1,20.0,Gas,0.0,298.0,298.0,Success,13750.0,1100.0,687500.0000000001
Nitrogen,1,90,330.0,0.4,80.0,100.0,45.0,0,1,20.0,Gas,0.0,298.0,298.0,Success,10312.5,825.0,515625.00000000006
Nitrogen,1,90,330.0,0.5,80.0,100.0,45.0,0,1,20.0,Gas,0.0,298.0,298.0,Success,8250.0,660.0,412500.00000000006
Nitrogen,1,90,300.0,0.2,80.0,100.0,45.0,0,1,20.0,Gas,0.0,298.0,298.0,Success,18750.0,1500.0,937500.0000000001
Nitrogen,1,90,300.0,0.3,80.0,100.0,45.0,0,1,20.0,Gas,0.0,298.0,298.0,Success,12500.0,1000.0,625000.0
Nitrogen,1,90,300.0,0.4,80.0,100.0,45.0,0,1,20.0,Gas,0.0,298.0,298.0,Success,9375.0,750.0,468750.00000000006
Nitrogen,1,90,300.0,0.5,80.0,100.0,45.0,0,1,20.0,Gas,0.0,298.0,298.0,Success,7500.0,600.0,375000.00000000006
Nitrogen,1,90,370.0,0.1,110.0,100.0,45.0,0,1,20.0,Gas,0.0,298.0,298.0,Success,33636.36363636364,3700.0,1681818.1818181819
Nitrogen,1,90,370.0,0.2,110.0,100.0,45.0,0,1,20.0,Gas,0.0,298.0,298.0,Success,16818.18181818182,1850.0,840909.0909090909
Nitrogen,1,90,370.0,0.3,110.0,100.0,45.0,0,1,20.0,Gas,0.0,298.0,298.0,Success,11212.121212121212,1233.3333333333335,560606.0606060607
Nitrogen,1,90,370.0,0.4,110.0,100.0,45.0,0,1,20.0,Gas,0.0,298.0,298.0,Success,8409.09090909091,925.0,420454.54545454547
Nitrogen,1,90,370.0,0.5,110.0,100.0,45.0,0,1,20.0,Gas,0.0,298.0,298.0,Success,6727.272727272727,740.0,336363.6363636364
Nitrogen,1,90,350.0,0.1,110.0,100.0,45.0,0,1,20.0,Gas,0.0,298.0,298.0,Success,31818.18181818182,3500.0,1590909.090909091
Nitrogen,1,90,350.0,0.2,110.0,100.0,45.0,0,1,20.0,Gas,0.0,298.0,298.0,Success,15909.09090909091,1750.0,795454.5454545455
Nitrogen,1,90,350.0,0.3,110.0,100.0,45.0,0,1,20.0,Gas,0.0,298.0,298.0,Success,10606.060606060606,1166.6666666666667,530303.0303030303
Nitrogen,1,90,350.0,0.4,110.0,100.0,45.0,0,1,20.0,Gas,0.0,298.0,298.0,Success,7954.545454545455,875.0,397727.27272727276
Nitrogen,1,90,350.0,0.5,110.0,100.0,45.0,0,1,20.0,Gas,0.0,298.0,298.0,Success,6363.636363636364,700.0,318181.81818181823
Nitrogen,1,90,330.0,0.1,110.0,100.0,45.0,0,1,20.0,Gas,0.0,298.0,298.0,Success,30000.0,3300.0,1500000.0000000002
Nitrogen,1,90,330.0,0.2,110.0,100.0,45.0,0,1,20.0,Gas,0.0,298.0,298.0,Success,15000.0,1650.0,750000.0000000001
Nitrogen,1,90,330.0,0.3,110.0,100.0,45.0,0,1,20.0,Gas,0.0,298.0,298.0,Success,10000.0,1100.0,500000.0
Nitrogen,1,90,330.0,0.4,110.0,100.0,45.0,0,1,20.0,Gas,0.0,298.0,298.0,Success,7500.0,825.0,375000.00000000006
Nitrogen,1,90,330.0,0.5,110.0,100.0,45.0,0,1,20.0,Gas,0.0,298.0,298.0,Success,6000.0,660.0,300000.00000000006
Nitrogen,1,90,300.0,0.1,110.0,100.0,45.0,0,1,20.0,Gas,0.0,298.0,298.0,Success,27272.727272727276,3000.0,1363636.3636363638
Nitrogen,1,90,300.0,0.2,110.0,100.0,45.0,0,1,20.0,Gas,0.0,298.0,298.0,Success,13636.363636363638,1500.0,681818.1818181819
Nitrogen,1,90,300.0,0.3,110.0,100.0,45.0,0,1,20.0,Gas,0.0,298.0,298.0,Success,9090.90909090909,1000.0,454545.45454545453
Nitrogen,1,90,300.0,0.4,110.0,100.0,45.0,0,1,20.0,Gas,0.0,298.0,298.0,Success,6818.181818181819,750.0,340909.09090909094
Nitrogen,1,90,300.0,0.5,110.0,100.0,45.0,0,1,20.0,Gas,0.0,298.0,298.0,Success,5454.545454545455,600.0,272727.27272727276
Argon,1,90,271.0,0.21,90.0,80.0,41.3,0,1,90.0,Gas,0.0,298.0,298.0,Fail,14338.624338624339,1290.4761904761906,159318.04820693712
Nitrogen,>=2,90,60.0,0.12,120.0,70.0,37.6,0,1,40.0,Gas,0.0,298.0,298.0,Success,4166.666666666667,500.0,104166.66666666666
Argon,1,x-y,50.0,0.125,50.0,82.0,82.2,0,1,60.0,Argon,0.0,298.0,298.0,Fail,8000.0,400.0,133333.33333333334
Argon,1,x-y,85.0,0.05,50.0,82.0,82.2,0,1,60.0,Argon,0.0,298.0,298.0,Fail,34000.0,1700.0,566666.6666666667
Argon,1,x-y,85.0,0.2,50.0,82.0,82.2,0,1,60.0,Argon,0.0,298.0,298.0,Fail,8500.0,425.0,141666.6666666667
Argon,1,x-y,100.0,0.3,50.0,82.0,82.2,0,1,60.0,Argon,0.0,298.0,298.0,Fail,6666.666666666667,333.33333333333337,111111.11111111111
Argon,1,x-y,120.0,0.125,50.0,82.0,82.2,0,1,60.0,Argon,0.0,298.0,298.0,Fail,19200.0,960.0,320000.0
Argon,1,x-y,150.0,0.15,50.0,82.0,82.2,0,1,60.0,Argon,0.0,298.0,298.0,Fail,20000.0,1000.0,333333.3333333333
Argon,1,x-y,150.0,0.45,50.0,85.0,82.2,0,1,60.0,Argon,0.0,298.0,298.0,Fail,6666.666666666667,333.3333333333333,111111.11111111112
Argon,1,x-y,200.0,0.3,50.0,82.0,82.2,0,1,60.0,Argon,0.0,298.0,298.0,Fail,13333.333333333334,666.6666666666667,222222.22222222222
Argon,1,x-y,50.0,0.05,50.0,82.0,82.2,0,1,60.0,Argon,0.0,298.0,298.0,Fail,20000.0,1000.0,333333.3333333334
Argon,1,x-y,50.0,0.2,75.0,82.0,82.2,0,1,60.0,Argon,0.0,298.0,298.0,Fail,3333.3333333333335,250.0,55555.555555555555
Argon,1,x-y,85.0,0.125,75.0,82.0,82.2,0,1,60.0,Argon,0.0,298.0,298.0,Fail,9066.666666666668,680.0,151111.11111111112
Argon,1,x-y,100.0,0.15,75.0,82.0,82.2,0,1,60.0,Argon,0.0,298.0,298.0,Fail,8888.888888888889,666.6666666666667,148148.14814814818
Argon,1,x-y,100.0,0.45,75.0,82.0,82.2,0,1,60.0,Argon,0.0,298.0,298.0,Fail,2962.9629629629626,222.22222222222223,49382.71604938272
Argon,1,x-y,120.0,0.05,75.0,82.0,82.2,0,1,60.0,Argon,0.0,298.0,298.0,Fail,32000.0,2400.0,533333.3333333334
Argon,1,x-y,120.0,0.2,75.0,82.0,82.2,0,1,60.0,Argon,0.0,298.0,298.0,Fail,8000.0,600.0,133333.33333333334
Argon,1,x-y,150.0,0.3,75.0,82.0,82.2,0,1,60.0,Argon,0.0,298.0,298.0,Fail,6666.666666666667,500.0,111111.11111111112
Argon,1,x-y,200.0,0.15,75.0,82.0,82.2,0,1,60.0,Argon,0.0,298.0,298.0,Fail,17777.777777777777,1333.3333333333335,296296.29629629635
Argon,1,x-y,200.0,0.45,75.0,82.0,82.2,0,1,60.0,Argon,0.0,298.0,298.0,Fail,5925.925925925925,444.44444444444446,98765.43209876544
Argon,1,x-y,50.0,0.125,100.0,82.0,82.2,0,1,60.0,Argon,0.0,298.0,298.0,Fail,4000.0,400.0,66666.66666666667
Argon,1,x-y,85.0,0.05,100.0,82.0,82.2,0,1,60.0,Argon,0.0,298.0,298.0,Fail,17000.0,1700.0,283333.3333333334
Argon,1,x-y,85.0,0.2,100.0,82.0,82.2,0,1,60.0,Argon,0.0,298.0,298.0,Fail,4250.0,425.0,70833.33333333334
Argon,1,x-y,100.0,0.3,100.0,82.0,82.2,0,1,60.0,Argon,0.0,298.0,298.0,Fail,3333.3333333333335,333.33333333333337,55555.555555555555
Argon,1,x-y,120.0,0.125,100.0,82.0,82.2,0,1,60.0,Argon,0.0,298.0,298.0,Fail,9600.0,960.0,160000.0
Argon,1,x-y,150.0,0.15,100.0,82.0,82.2,0,1,60.0,Argon,0.0,298.0,298.0,Fail,10000.0,1000.0,166666.66666666666
Argon,1,x-y,150.0,0.45,100.0,82.0,82.2,0,1,60.0,Argon,0.0,298.0,298.0,Fail,3333.3333333333335,333.3333333333333,55555.55555555556
Nitrogen,1,x-y,200.0,0.3,100.0,82.0,82.2,0,1,60.0,Argon,0.0,298.0,298.0,Fail,6666.666666666667,666.6666666666667,111111.11111111111
Argon,1,90,200.0,0.1,300.0,500.0,78.36,0,1,200.0,Gas,0.0,298.0,298.0,Success,6666.666666666667,2000.0,33333.333333333336
Argon,1,90,200.0,0.1,300.0,500.0,74.52,0,1,200.0,Gas,0.0,298.0,298.0,Success,6666.666666666667,2000.0,33333.333333333336
Argon,1,90,200.0,0.1,300.0,500.0,70.68,0,1,200.0,Gas,0.0,298.0,298.0,Success,6666.666666666667,2000.0,33333.333333333336
Argon,1,90,200.0,0.1,300.0,500.0,66.84,0,1,200.0,Gas,0.0,298.0,298.0,Success,6666.666666666667,2000.0,33333.333333333336
Argon,1,z direction,195.0,0.8,200.0,100.0,63.0,0,1,30.0,Gas,0.0,298.0,308.15,Success,1218.75,243.75,40625.0
Argon,1,z direction,195.0,0.8,250.0,100.0,63.0,0,1,30.0,Gas,0.0,298.0,308.15,Fail,975.0,243.75,32500.0
Argon,1,z direction,195.0,1.2,200.0,100.0,63.0,0,1,30.0,Gas,0.0,298.0,308.15,Fail,812.5,162.5,27083.333333333336
Argon,1,z direction,135.0,1.2,200.0,100.0,63.0,0,1,30.0,Gas,0.0,298.0,308.15,Fail,562.5,112.5,18750.0
Argon,1,z direction,195.0,0.8,250.0,100.0,63.0,0,1,30.0,Gas,0.0,298.0,308.15,Success,975.0,243.75,32500.0
Argon,1,z direction,195.0,1.2,200.0,100.0,63.0,0,1,30.0,Gas,0.0,298.0,308.15,Success,812.5,162.5,27083.333333333336
Argon,1,90,400.0,0.25,100.0,80.0,127.2,0,1,100.0,Gas,0.0,298.0,298.0,Fail,16000.0,1600.0,160000.0
Argon,1,90,200.0,0.8,110.0,80.0,85.0,0,1,50.0,Gas,0.0,298.0,298.0,Fail,2272.727272727273,250.0,45454.54545454546
Argon,1,90,200.0,1.2,110.0,80.0,85.0,0,1,50.0,Gas,0.0,298.0,298.0,Fail,1515.151515151515,166.66666666666669,30303.030303030304
Argon,1,90,200.0,2.0,110.0,80.0,85.0,0,1,50.0,Gas,0.0,298.0,298.0,Fail,909.0909090909091,100.0,18181.818181818184
Argon,1,90,250.0,0.8,110.0,80.0,85.0,0,1,50.0,Gas,0.0,298.0,298.0,Fail,2840.909090909091,312.5,56818.18181818182
Argon,1,90,250.0,1.2,110.0,80.0,85.0,0,1,50.0,Gas,0.0,298.0,298.0,Fail,1893.9393939393938,208.33333333333334,37878.78787878788
Argon,1,90,250.0,1.6,110.0,80.0,85.0,0,1,50.0,Gas,0.0,298.0,298.0,Fail,1420.4545454545455,156.25,28409.09090909091
Argon,1,90,250.0,2.0,110.0,80.0,85.0,0,1,50.0,Gas,0.0,298.0,298.0,Fail,1136.3636363636363,125.0,22727.272727272728
Argon,1,90,300.0,0.8,110.0,80.0,85.0,0,1,50.0,Gas,0.0,298.0,298.0,Fail,3409.0909090909095,375.0,68181.81818181819
Argon,1,90,300.0,1.2,110.0,80.0,85.0,0,1,50.0,Gas,0.0,298.0,298.0,Fail,2272.7272727272725,250.0,45454.545454545456
Argon,1,90,300.0,1.6,110.0,80.0,85.0,0,1,50.0,Gas,0.0,298.0,298.0,Fail,1704.5454545454547,187.5,34090.909090909096
Argon,1,90,300.0,2.0,110.0,80.0,85.0,0,1,50.0,Gas,0.0,298.0,298.0,Fail,1363.6363636363637,150.0,27272.727272727276
Argon,1,90,350.0,0.8,110.0,80.0,85.0,0,1,50.0,Gas,0.0,298.0,298.0,Fail,3977.2727272727275,437.5,79545.45454545456
Argon,1,90,350.0,1.2,110.0,80.0,85.0,0,1,50.0,Gas,0.0,298.0,298.0,Fail,2651.5151515151515,291.6666666666667,53030.30303030303
Argon,1,90,350.0,1.6,110.0,80.0,85.0,0,1,50.0,Gas,0.0,298.0,298.0,Fail,1988.6363636363637,218.75,39772.72727272728
Argon,1,90,350.0,2.0,110.0,80.0,85.0,0,1,50.0,Gas,0.0,298.0,298.0,Fail,1590.909090909091,175.0,31818.18181818182
Argon,1,90,400.0,0.8,110.0,80.0,85.0,0,1,50.0,Gas,0.0,298.0,298.0,Fail,4545.454545454546,500.0,90909.09090909093
Argon,1,90,400.0,1.2,110.0,80.0,85.0,0,1,50.0,Gas,0.0,298.0,298.0,Fail,3030.30303030303,333.33333333333337,60606.06060606061
Argon,1,90,400.0,1.0,110.0,80.0,85.0,0,1,50.0,Gas,0.0,298.0,298.0,Fail,3636.3636363636365,400.0,72727.27272727274
Argon,1,90,400.0,1.6,110.0,80.0,85.0,0,1,50.0,Gas,0.0,298.0,298.0,Fail,2272.727272727273,250.0,45454.54545454546
Argon,1,90,400.0,2.0,110.0,80.0,85.0,0,1,50.0,Gas,0.0,298.0,298.0,Fail,1818.1818181818182,200.0,36363.63636363637
Argon,1,90,300.0,0.4,80.0,100.0,45.3,0,1,40.0,Argon,0.0,298.0,298.0,Fail,9375.0,750.0,234375.00000000003
Argon,1,90,300.0,0.6,60.0,100.0,45.3,0,1,40.0,Argon,0.0,298.0,298.0,Fail,8333.333333333332,500.0,208333.33333333334
Argon,1,90,300.0,0.6,80.0,100.0,45.3,0,1,40.0,Argon,0.0,298.0,298.0,Fail,6250.0,500.0,156250.0
Argon,1,90,300.0,0.6,100.0,100.0,45.3,0,1,40.0,Argon,0.0,298.0,298.0,Fail,5000.0,500.0,125000.00000000001
Argon,1,90,300.0,0.6,120.0,100.0,45.3,0,1,40.0,Argon,0.0,298.0,298.0,Fail,4166.666666666666,500.0,104166.66666666667
Argon,1,90,300.0,0.8,80.0,100.0,45.3,0,1,40.0,Argon,0.0,298.0,298.0,Fail,4687.5,375.0,117187.50000000001
Argon,1,90,300.0,1.0,80.0,100.0,45.3,0,1,40.0,Argon,0.0,298.0,298.0,Fail,3750.0,300.0,93750.00000000001
Argon,1,90,300.0,1.2,80.0,100.0,45.3,0,1,40.0,Argon,0.0,298.0,298.0,Fail,3125.0,250.0,78125.0
Argon,1,90,160.0,1.5,50.0,75.0,45.904761904761905,0,1,40.0,Gas,0.0,298.0,298.0,Fail,2133.3333333333335,106.66666666666667,53333.333333333336
Argon,1,90,180.0,1.5,50.0,75.0,46.509523809523806,0,1,40.0,Gas,0.0,298.0,298.0,Success,2400.0,120.0,60000.0
Argon,1,90,190.0,1.5,50.0,75.0,47.114285714285714,0,1,40.0,Gas,0.0,298.0,298.0,Success,2533.3333333333335,126.66666666666667,63333.33333333333
Argon,1,90,250.0,1.5,50.0,75.0,47.719047619047615,0,1,40.0,Gas,0.0,298.0,298.0,Fail,3333.3333333333335,166.66666666666666,83333.33333333333
Argon,1,90,220.0,2.0,50.0,75.0,48.32380952380952,0,1,40.0,Gas,0.0,298.0,298.0,Fail,2200.0,110.0,55000.0
Argon,1,90,240.0,2.0,50.0,75.0,48.92857142857143,0,1,40.0,Gas,0.0,298.0,298.0,Success,2400.0,120.0,60000.0
Argon,1,90,270.0,2.0,50.0,75.0,49.53333333333333,0,1,40.0,Gas,0.0,298.0,298.0,Success,2700.0,135.0,67500.0
Argon,1,90,240.0,2.5,50.0,75.0,50.13809523809524,0,1,40.0,Gas,0.0,298.0,298.0,Fail,1920.0,96.0,48000.0
Argon,1,90,260.0,2.5,50.0,75.0,50.74285714285714,0,1,40.0,Gas,0.0,298.0,298.0,Fail,2080.0,104.0,52000.0
Argon,1,90,280.0,2.5,50.0,75.0,51.34761904761905,0,1,40.0,Gas,0.0,298.0,298.0,Success,2240.0,112.0,56000.0
Argon,1,90,180.0,1.5,50.0,75.0,51.95238095238095,0,1,40.0,Gas,0.0,298.0,298.0,Success,2400.0,120.0,60000.0
Argon,1,90,240.0,2.5,50.0,75.0,52.55714285714286,0,1,40.0,Gas,0.0,298.0,298.0,Success,1920.0,96.0,48000.0
Argon,1,90,370.0,1.6,100.0,100.0,53.161904761904765,0,1,30.0,Gas,0.0,298.0,308.0,Success,2312.5,231.25,77083.33333333334
Argon,1,90,370.0,0.8,100.0,100.0,53.766666666666666,0,1,30.0,Gas,0.0,298.0,30.0,Success,4625.0,462.5,154166.6666666667
Argon,1,90,370.0,1.6,100.0,100.0,54.371428571428574,0,1,30.0,Gas,0.0,298.0,473.0,Success,2312.5,231.25,77083.33333333334
Argon,1,90,370.0,0.8,100.0,100.0,54.976190476190474,0,1,30.0,Gas,0.0,298.0,473.0,Success,4625.0,462.5,154166.6666666667
Argon,1,90,370.0,1.6,100.0,100.0,55.58095238095238,0,1,30.0,Gas,0.0,298.0,308.0,Fail,2312.5,231.25,77083.33333333334
Argon,1,90,370.0,0.8,100.0,100.0,56.18571428571428,0,1,30.0,Gas,0.0,298.0,30.0,Fail,4625.0,462.5,154166.6666666667
Argon,1,90,370.0,1.6,100.0,100.0,56.79047619047619,0,1,30.0,Gas,0.0,298.0,473.0,Fail,2312.5,231.25,77083.33333333334
Argon,1,90,370.0,0.8,100.0,100.0,57.3952380952381,0,1,30.0,Gas,0.0,298.0,473.0,Fail,4625.0,462.5,154166.6666666667
Argon,1,90,370.0,0.7,80.0,200.0,58.0,0,1,30.0,Gas,0.0,298.0,493.15,Fail,6607.142857142857,528.5714285714286,220238.09523809527
Argon,1,90,370.0,1.0,80.0,200.0,58.0,0,1,30.0,Gas,0.0,298.0,493.15,Success,4625.0,370.0,154166.6666666667
Argon,1,90,370.0,1.3,80.0,200.0,58.0,0,1,30.0,Gas,0.0,298.0,493.15,Success,3557.692307692307,284.6153846153846,118589.7435897436
Argon,1,90,200.0,0.6,80.0,80.0,64.5,0,1,20.0,Gas,0.0,298.0,298.0,Fail,4166.666666666667,333.33333333333337,208333.33333333334
Argon,1,90,200.0,1.0,60.0,80.0,71.0,0,1,20.0,Gas,0.0,298.0,298.0,Fail,3333.3333333333335,200.0,166666.6666666667
Argon,1,90,200.0,1.4,140.0,80.0,77.5,0,1,20.0,Gas,0.0,298.0,298.0,Fail,1020.408163265306,142.85714285714286,51020.40816326531
Argon,1,90,150.0,0.23,100.0,80.0,84.0,0,1,50.0,Gas,0.0,298.0,298.0,Fail,6521.739130434783,652.1739130434783,130434.78260869565
Argon,1,90,150.0,0.75,100.0,80.0,84.0,0,1,50.0,Gas,0.0,298.0,298.0,Fail,2000.0,200.0,40000.0
Argon,1,90,150.0,0.375,100.0,80.0,84.0,0,1,50.0,Gas,0.0,298.0,298.0,Fail,4000.0,400.0,80000.0
Argon,1,90,350.0,0.597,100.0,100.0,81.38461538461539,0,1,30.0,Gas,0.0,298.0,298.0,Fail,5862.646566164154,586.2646566164154,195421.55220547185
Argon,1,90,350.0,0.597,100.0,100.0,78.76923076923077,0,1,30.0,Gas,0.0,298.0,298.0,Fail,5862.646566164154,586.2646566164154,195421.55220547185
Argon,1,90,350.0,0.597,100.0,100.0,76.15384615384616,0,1,30.0,Gas,0.0,298.0,298.0,Fail,5862.646566164154,586.2646566164154,195421.55220547185
Argon,1,90,350.0,0.597,100.0,100.0,73.53846153846153,0,1,30.0,Gas,0.0,298.0,298.0,Fail,5862.646566164154,586.2646566164154,195421.55220547185
Argon,1,90,350.0,0.597,100.0,100.0,70.92307692307692,0,1,30.0,Gas,0.0,298.0,298.0,Fail,5862.646566164154,586.2646566164154,195421.55220547185
Argon,1,90,350.0,0.597,100.0,100.0,68.3076923076923,0,1,30.0,Gas,0.0,298.0,298.0,Fail,5862.646566164154,586.2646566164154,195421.55220547185
Argon,1,90,350.0,0.597,100.0,100.0,65.6923076923077,0,1,30.0,Gas,0.0,298.0,298.0,Fail,5862.646566164154,586.2646566164154,195421.55220547185
Argon,1,90,350.0,0.597,100.0,100.0,63.07692307692308,0,1,30.0,Gas,0.0,298.0,298.0,Fail,5862.646566164154,586.2646566164154,195421.55220547185
Argon,1,90,350.0,0.597,100.0,100.0,60.46153846153846,0,1,30.0,Gas,0.0,298.0,298.0,Fail,5862.646566164154,586.2646566164154,195421.55220547185
Argon,1,90,350.0,0.597,100.0,100.0,57.84615384615385,0,1,30.0,Gas,0.0,298.0,298.0,Fail,5862.646566164154,586.2646566164154,195421.55220547185
Argon,1,90,350.0,0.597,100.0,100.0,55.230769230769226,0,1,30.0,Gas,0.0,298.0,298.0,Fail,5862.646566164154,586.2646566164154,195421.55220547185
Argon,1,90,350.0,0.597,100.0,100.0,52.61538461538461,0,1,30.0,Gas,0.0,298.0,298.0,Fail,5862.646566164154,586.2646566164154,195421.55220547185
Argon,1,90,285.0,0.96,100.0,70.0,50.0,0,1,30.970999999999997,Gas,0.0,298.0,353.0,Fail,2968.75,296.875,95855.80058764653
Argon,1,z direction,150.0,0.7,105.0,54.0,50.0,0,1,30.0,Plasma,0.0,298.0,298.0,Success,2040.8163265306123,214.2857142857143,68027.21088435374
Argon,1,z direction,150.0,0.9,75.0,54.0,50.0,0,1,30.0,Plasma,0.0,298.0,298.0,Success,2222.222222222222,166.66666666666666,74074.07407407407
Argon,1,z direction,250.0,1.0,105.0,54.0,50.0,0,1,30.0,Plasma,0.0,298.0,298.0,Success,2380.952380952381,250.0,79365.07936507936
Argon,1,z direction,250.0,1.3,105.0,54.0,50.0,0,1,30.0,Plasma,0.0,298.0,298.0,Success,1831.5018315018315,192.3076923076923,61050.06105006106
Argon,1,z direction,350.0,1.7,105.0,54.0,50.0,0,1,30.0,Plasma,0.0,298.0,298.0,Success,1960.7843137254904,205.88235294117646,65359.47712418301
Argon,1,z direction,296.0,0.15,100.0,207.0,50.0,0,1,50.0,Plasma,0.0,298.0,298.0,Success,19733.333333333336,1973.3333333333335,394666.6666666667
Argon,1,z direction,353.0,0.225,100.0,207.0,50.0,0,1,50.0,Plasma,0.0,298.0,298.0,Success,15688.888888888889,1568.888888888889,313777.7777777778
Argon,1,z direction,42.0,0.2,75.0,52.0,50.0,0,1,30.0,Plasma,0.0,298.0,298.0,Fail,2800.0,210.0,93333.33333333334
Argon,1,z direction,42.0,0.2,50.0,52.0,50.0,0,1,30.0,Plasma,0.0,298.0,298.0,Fail,4200.0,210.0,140000.0
Argon,1,z direction,42.0,0.2,100.0,52.0,50.0,0,1,30.0,Plasma,0.0,298.0,298.0,Fail,2100.0,210.0,70000.0
Argon,1,90,42.0,0.2,75.0,52.0,50.0,0,1,30.0,Plasma,0.0,298.0,298.0,Fail,2800.0,210.0,93333.33333333334
Argon,1,z direction,42.0,0.1,75.0,52.0,50.0,0,1,30.0,Plasma,0.0,298.0,298.0,Fail,5600.0,420.0,186666.6666666667
Argon,1,z direction,42.0,0.05,75.0,52.0,50.0,0,1,30.0,Plasma,0.0,298.0,298.0,Fail,11200.0,840.0,373333.3333333334
Argon,1,90,110.0,0.2,34.0,34.0,49.99444444444445,0,1,50.0,Gas,0.0,298.0,298.0,Fail,16176.470588235294,550.0,323529.41176470584
Argon,1,90,110.0,0.4,34.0,34.0,49.98888888888889,0,1,50.0,Gas,0.0,298.0,298.0,Fail,8088.235294117647,275.0,161764.70588235292
Argon,1,90,110.0,0.8,34.0,34.0,49.983333333333334,0,1,50.0,Gas,0.0,298.0,298.0,Fail,4044.1176470588234,137.5,80882.35294117646
Argon,1,90,110.0,1.2,34.0,34.0,49.977777777777774,0,1,50.0,Gas,0.0,298.0,298.0,Fail,2696.0784313725494,91.66666666666667,53921.568627450986
Argon,1,90,110.0,1.6,34.0,34.0,49.97222222222222,0,1,50.0,Gas,0.0,298.0,298.0,Fail,2022.0588235294117,68.75,40441.17647058823
Argon,1,90,280.0,1.2,140.0,100.0,49.96666666666667,0,1,30.0,Gas,0.0,298.0,298.0,Fail,1666.6666666666665,233.33333333333334,55555.55555555556
Argon,1,90,280.0,0.4,140.0,100.0,49.96111111111111,0,1,30.0,Gas,0.0,298.0,298.0,Fail,5000.0,700.0,166666.6666666667
Argon,1,90,280.0,0.8,140.0,100.0,49.955555555555556,0,1,30.0,Gas,0.0,298.0,298.0,Fail,2500.0,350.0,83333.33333333334
Argon,1,90,280.0,1.0,140.0,100.0,49.95,0,1,30.0,Gas,0.0,298.0,298.0,Fail,1999.9999999999998,280.0,66666.66666666667
Argon,1,90,280.0,1.5,80.0,100.0,49.94444444444444,0,1,30.0,Gas,0.0,298.0,298.0,Fail,2333.3333333333335,186.66666666666666,77777.77777777778
Argon,1,90,370.0,1.2,140.0,100.0,49.93888888888889,0,1,30.0,Gas,0.0,298.0,298.0,Fail,2202.3809523809523,308.33333333333337,73412.69841269842
Argon,1,90,325.0,1.2,140.0,100.0,49.93333333333333,0,1,30.0,Gas,0.0,298.0,298.0,Fail,1934.5238095238094,270.83333333333337,64484.12698412699
Argon,1,90,100.0,1.2,50.0,100.0,49.92777777777778,0,1,30.0,Gas,0.0,298.0,298.0,Fail,1666.6666666666667,83.33333333333334,55555.555555555555
Argon,1,90,165.0,1.2,140.0,100.0,49.922222222222224,0,1,30.0,Gas,0.0,298.0,298.0,Fail,982.1428571428571,137.5,32738.095238095244
Argon,1,90,280.0,1.2,160.0,100.0,49.916666666666664,0,1,30.0,Gas,0.0,298.0,298.0,Fail,1458.3333333333333,233.33333333333334,48611.11111111112
Argon,1,90,280.0,1.2,40.0,100.0,49.91111111111111,0,1,30.0,Gas,0.0,298.0,298.0,Fail,5833.333333333333,233.33333333333334,194444.44444444447
Argon,1,90,370.0,1.0,240.0,100.0,49.90555555555555,0,1,30.0,Gas,0.0,298.0,298.0,Fail,1541.6666666666667,370.0,51388.88888888889
Argon,1,90,200.0,0.995,105.0,100.0,49.9,0,1,30.0,Gas,0.0,298.0,298.0,Fail,1914.33357262503,201.00502512562815,63811.119087501
Argon,1,90,200.0,0.897,105.0,100.0,49.9,0,1,30.0,Gas,0.0,298.0,298.0,Fail,2123.4803843499494,222.9654403567447,70782.67947833166
Argon,1,90,200.0,0.795,105.0,100.0,49.9,0,1,30.0,Gas,0.0,298.0,298.0,Fail,2395.926924228811,251.57232704402514,79864.23080762703
Argon,1,90,200.0,0.7,105.0,100.0,49.9,0,1,30.0,Gas,0.0,298.0,298.0,Fail,2721.08843537415,285.7142857142857,90702.94784580499
Argon,1,90,200.0,0.598,105.0,100.0,49.9,0,1,30.0,Gas,0.0,298.0,298.0,Fail,3185.2205765249246,334.4481605351171,106174.01921749748
Argon,1,90,200.0,0.498,105.0,100.0,49.9,0,1,30.0,Gas,0.0,298.0,298.0,Fail,3824.8231019315353,401.60642570281124,127494.10339771786
Argon,1,90,200.0,0.399,105.0,100.0,49.9,0,1,30.0,Gas,0.0,298.0,298.0,Success,4773.839360305526,501.25313283208015,159127.97867685085
Argon,1,90,200.0,0.894,120.0,100.0,49.9,0,1,30.0,Gas,0.0,298.0,298.0,Fail,1864.2803877703207,223.71364653243847,62142.67959234403
Argon,1,90,200.0,0.795,120.0,100.0,49.9,0,1,30.0,Gas,0.0,298.0,298.0,Fail,2096.4360587002093,251.57232704402514,69881.20195667366
Argon,1,90,200.0,0.696,120.0,100.0,49.9,0,1,30.0,Gas,0.0,298.0,298.0,Fail,2394.6360153256705,287.35632183908046,79821.20051085569
Argon,1,90,200.0,0.601,120.0,100.0,49.9,0,1,30.0,Gas,0.0,298.0,298.0,Fail,2773.155851358846,332.77870216306155,92438.5283786282
Argon,1,90,200.0,0.497,120.0,100.0,49.9,0,1,30.0,Gas,0.0,298.0,298.0,Success,3353.4540576794097,402.4144869215292,111781.801922647
Argon,1,90,200.0,0.401,120.0,100.0,49.9,0,1,30.0,Gas,0.0,298.0,298.0,Success,4156.275976724854,498.7531172069825,138542.53255749514
Argon,1,90,200.0,0.323,120.0,100.0,49.9,0,1,30.0,Gas,0.0,298.0,298.0,Success,5159.958720330238,619.1950464396284,171998.62401100792
Argon,1,90,200.0,0.3,120.0,100.0,49.9,0,1,30.0,Gas,0.0,298.0,298.0,Success,5555.555555555555,666.6666666666667,185185.1851851852
Argon,1,90,200.0,0.249,120.0,100.0,49.9,0,1,30.0,Gas,0.0,298.0,298.0,Success,6693.440428380188,803.2128514056225,223114.68094600627
Argon,1,90,200.0,0.75,165.0,100.0,49.9,0,1,30.0,Gas,0.0,298.0,298.0,Fail,1616.1616161616162,266.6666666666667,53872.053872053875
Argon,1,90,200.0,0.646,165.0,100.0,49.9,0,1,30.0,Gas,0.0,298.0,298.0,Fail,1876.3486255746318,309.5975232198142,62544.95418582106
Argon,1,90,200.0,0.551,165.0,100.0,49.9,0,1,30.0,Gas,0.0,298.0,298.0,Fail,2199.8570092943955,362.9764065335753,73328.56697647985
Argon,1,90,200.0,0.35,165.0,100.0,49.9,0,1,30.0,Gas,0.0,298.0,298.0,Success,3463.2034632034633,571.4285714285714,115440.11544011546
Argon,1,90,200.0,0.293,165.0,100.0,49.9,0,1,30.0,Gas,0.0,298.0,298.0,Success,4136.932464577516,682.5938566552901,137897.74881925056
Argon,1,90,200.0,0.251,165.0,100.0,49.9,0,1,30.0,Gas,0.0,298.0,298.0,Success,4829.168175781721,796.8127490039841,160972.27252605738
Argon,1,90,200.0,0.225,165.0,100.0,49.9,0,1,30.0,Gas,0.0,298.0,298.0,Success,5387.2053872053875,888.8888888888889,179573.51290684624
Argon,1,90,200.0,0.201,165.0,100.0,49.9,0,1,30.0,Gas,0.0,298.0,298.0,Success,6030.453791647821,995.0248756218905,201015.12638826075
Argon,1,90,200.0,0.17,165.0,100.0,49.9,0,1,30.0,Gas,0.0,298.0,298.0,Success,7130.124777183601,1176.4705882352941,237670.82590612004
Argon,1,90,200.0,0.148,165.0,100.0,49.9,0,1,30.0,Gas,0.0,298.0,298.0,Success,8190.008190008191,1351.3513513513515,273000.27300027304
Argon,1,90,200.0,0.15,165.0,100.0,49.9,0,1,30.0,Gas,0.0,298.0,298.0,Success,8080.80808080808,1333.3333333333335,269360.26936026936
Argon,1,90,200.0,0.747,150.0,100.0,49.9,0,1,30.0,Gas,0.0,298.0,298.0,Fail,1784.91744756805,267.7376171352075,59497.248252268335
Argon,1,90,200.0,0.652,150.0,100.0,49.9,0,1,30.0,Gas,0.0,298.0,298.0,Fail,2044.9897750511248,306.7484662576687,68166.3258350375
Argon,1,90,200.0,0.548,150.0,100.0,49.9,0,1,30.0,Gas,0.0,298.0,298.0,Success,2433.0900243309,364.963503649635,81103.00081103001
Argon,1,90,200.0,0.45,150.0,100.0,49.9,0,1,30.0,Gas,0.0,298.0,298.0,Success,2962.9629629629626,444.44444444444446,98765.43209876544
Argon,1,90,200.0,0.35,150.0,100.0,49.9,0,1,30.0,Gas,0.0,298.0,298.0,Success,3809.5238095238096,571.4285714285714,126984.12698412698
Argon,1,90,200.0,0.25,150.0,100.0,49.9,0,1,30.0,Gas,0.0,298.0,298.0,Success,5333.333333333334,800.0,177777.77777777778
Argon,1,90,200.0,0.17,150.0,100.0,49.9,0,1,30.0,Gas,0.0,298.0,298.0,Success,7843.137254901959,1176.4705882352941,261437.908496732
Argon,1,90,200.0,0.647,135.0,100.0,49.9,0,1,30.0,Gas,0.0,298.0,298.0,Success,2289.770450512336,309.1190108191654,76325.68168374455
Argon,1,90,200.0,0.55,135.0,100.0,49.9,0,1,30.0,Gas,0.0,298.0,298.0,Success,2693.6026936026938,363.6363636363636,89786.75645342312
Argon,1,90,200.0,0.45,135.0,100.0,49.9,0,1,30.0,Gas,0.0,298.0,298.0,Success,3292.1810699588477,444.44444444444446,109739.36899862827
Argon,1,90,200.0,0.352,135.0,100.0,49.9,0,1,30.0,Gas,0.0,298.0,298.0,Success,4208.754208754209,568.1818181818182,140291.80695847364
Argon,1,90,200.0,0.25,135.0,100.0,49.9,0,1,30.0,Gas,0.0,298.0,298.0,Success,5925.925925925925,800.0,197530.86419753087
Argon,1,90,200.0,0.17,135.0,100.0,49.9,0,1,30.0,Gas,0.0,298.0,298.0,Success,8714.596949891067,1176.4705882352941,290486.5649963689
Argon,1,90,370.0,3.0,100.0,100.0,56.0,0,1,30.0,Gas,0.0,298.0,308.0,Fail,1233.3333333333335,123.33333333333333,41111.11111111112
Argon,1,90,370.0,2.4,100.0,100.0,56.0,0,1,30.0,Gas,0.0,298.0,308.0,Fail,1541.6666666666667,154.16666666666669,51388.88888888889
Argon,1,90,370.0,2.4,100.0,100.0,56.0,0,1,30.0,Gas,0.0,298.0,308.0,Success,1541.6666666666667,154.16666666666669,51388.88888888889
Argon,1,90,370.0,1.6,100.0,100.0,56.0,0,1,30.0,Gas,0.0,298.0,308.0,Success,2312.5,231.25,77083.33333333334
Argon,1,90,370.0,1.2,100.0,100.0,56.0,0,1,30.0,Gas,0.0,298.0,308.0,Success,3083.3333333333335,308.33333333333337,102777.77777777778
Argon,1,90,370.0,0.8,100.0,100.0,56.0,0,1,30.0,Gas,0.0,298.0,308.0,Success,4625.0,462.5,154166.6666666667
Argon,1,90,370.0,3.0,100.0,100.0,56.0,0,1,30.0,Gas,0.0,298.0,473.0,Fail,1233.3333333333335,123.33333333333333,41111.11111111112
Argon,1,90,370.0,2.4,100.0,100.0,56.0,0,1,30.0,Gas,0.0,298.0,473.0,Fail,1541.6666666666667,154.16666666666669,51388.88888888889
Argon,1,90,370.0,2.4,100.0,100.0,56.0,0,1,30.0,Gas,0.0,298.0,473.0,Success,1541.6666666666667,154.16666666666669,51388.88888888889
Argon,1,90,370.0,1.6,100.0,100.0,56.0,0,1,30.0,Gas,0.0,298.0,473.0,Success,2312.5,231.25,77083.33333333334
Argon,1,90,370.0,1.2,100.0,100.0,56.0,0,1,30.0,Gas,0.0,298.0,473.0,Success,3083.3333333333335,308.33333333333337,102777.77777777778
Argon,1,90,370.0,0.8,100.0,100.0,56.0,0,1,30.0,Gas,0.0,298.0,473.0,Success,4625.0,462.5,154166.6666666667
Nitrogen,1,z direction,225.0,0.5,100.0,82.0,73.2,0,1,60.0,Gas,0.0,298.0,473.0,Fail,4500.0,450.0,75000.0
Nitrogen,1,z direction,274.0,0.6,100.0,82.0,73.2,0,1,60.0,Gas,0.0,298.0,473.0,Fail,4566.666666666667,456.6666666666667,76111.11111111111
Nitrogen,1,z direction,323.0,0.7,100.0,82.0,73.2,0,1,60.0,Gas,0.0,298.0,473.0,Fail,4614.285714285714,461.42857142857144,76904.76190476191
Nitrogen,1,z direction,350.0,0.8,100.0,82.0,73.2,0,1,60.0,Gas,0.0,298.0,473.0,Fail,4375.0,437.5,72916.66666666667
Nitrogen,1,z direction,373.0,0.9,100.0,82.0,73.2,0,1,60.0,Gas,0.0,298.0,473.0,Fail,4144.444444444444,414.44444444444446,69074.07407407409
Nitrogen,1,z direction,402.0,1.0,100.0,82.0,73.2,0,1,60.0,Gas,0.0,298.0,473.0,Fail,4020.0,402.0,67000.0
Nitrogen,1,z direction,376.0,1.1,100.0,82.0,73.2,0,1,60.0,Gas,0.0,298.0,473.0,Fail,3418.1818181818176,341.8181818181818,56969.69696969696
Nitrogen,1,z direction,403.0,1.2,100.0,82.0,73.2,0,1,60.0,Gas,0.0,298.0,473.0,Fail,3358.3333333333335,335.83333333333337,55972.222222222226
Nitrogen,1,z direction,326.0,0.3,100.0,82.0,73.2,0,1,60.0,Gas,0.0,298.0,473.0,Fail,10866.666666666668,1086.6666666666667,181111.11111111112
Nitrogen,1,z direction,383.0,0.9,100.0,82.0,73.2,0,1,60.0,Gas,0.0,298.0,473.0,Fail,4255.555555555556,425.55555555555554,70925.92592592593
Nitrogen,1,z direction,383.0,1.1,100.0,82.0,73.2,0,1,60.0,Gas,0.0,298.0,473.0,Fail,3481.8181818181815,348.18181818181813,58030.303030303025
Nitrogen,1,z direction,386.0,1.4,100.0,82.0,73.2,0,1,60.0,Gas,0.0,298.0,473.0,Fail,2757.142857142857,275.7142857142857,45952.380952380954
Nitrogen,1,z direction,375.0,0.9,100.0,82.0,73.2,0,1,60.0,Gas,0.0,298.0,473.0,Success,4166.666666666667,416.66666666666663,69444.44444444445
Nitrogen,1,z direction,350.0,0.3,100.0,82.0,73.2,0,1,60.0,Gas,0.0,298.0,473.0,Fail,11666.666666666668,1166.6666666666667,194444.44444444444
Nitrogen,1,z direction,350.0,0.6,100.0,82.0,73.2,0,1,60.0,Gas,0.0,298.0,473.0,Fail,5833.333333333334,583.3333333333334,97222.22222222222
Nitrogen,1,z direction,200.0,0.3,100.0,82.0,73.2,0,1,60.0,Argon,0.0,298.0,473.0,Fail,6666.666666666667,666.6666666666667,111111.11111111111
Argon,1,90,200.0,1.0,100.0,52.0,56.6,0,1,49.2,Gas,0.0,298.0,298.0,Fail,2000.0,200.0,40650.40650406504
Nitrogen,1,90,57.0,0.18,140.0,200.0,40.0,0,1,30.0,Gas,0.0,298.0,298.0,Fail,2261.904761904762,316.6666666666667,75396.8253968254
Nitrogen,1,90,86.0,0.2,140.0,200.0,40.0,0,1,30.0,Gas,0.0,298.0,298.0,Success,3071.4285714285716,430.0,102380.9523809524
Nitrogen,1,90,86.0,0.18,140.0,200.0,40.0,0,1,30.0,Gas,0.0,298.0,298.0,Success,3412.6984126984125,477.77777777777777,113756.61375661376
Nitrogen,1,90,100.0,0.2,140.0,200.0,40.0,0,1,30.0,Gas,0.0,298.0,298.0,Success,3571.4285714285716,500.0,119047.61904761905
Nitrogen,1,90,100.0,0.22,140.0,200.0,40.0,0,1,30.0,Gas,0.0,298.0,298.0,Success,3246.7532467532465,454.54545454545456,108225.10822510824
Nitrogen,1,90,57.0,0.22,140.0,200.0,40.0,0,1,30.0,Gas,0.0,298.0,298.0,Fail,1850.6493506493505,259.09090909090907,61688.311688311696
Nitrogen,1,90,100.0,0.18,140.0,200.0,40.0,0,1,30.0,Gas,0.0,298.0,298.0,Success,3968.253968253968,555.5555555555555,132275.1322751323
Nitrogen,1,90,57.0,0.2,140.0,200.0,40.0,0,1,30.0,Gas,0.0,298.0,298.0,Fail,2035.7142857142858,285.0,67857.14285714287
Nitrogen,1,90,50.0,1.357,140.0,200.0,40.0,0,1,30.0,Gas,0.0,298.0,298.0,Fail,263.18559848405096,36.84598378776713,8772.8532828017
Argon,1,90,100.0,1.357,100.0,100.0,53.0,0,1,30.0,Gas,0.0,298.0,308.0,Fail,736.9196757553427,73.69196757553426,24563.98919184476
Argon,1,90,150.0,1.357,100.0,100.0,53.0,0,1,30.0,Gas,0.0,298.0,308.0,Fail,1105.379513633014,110.5379513633014,36845.98378776714
Argon,1,90,200.0,1.357,100.0,100.0,53.0,0,1,30.0,Gas,0.0,298.0,308.0,Success,1473.8393515106854,147.38393515106853,49127.97838368952
Argon,1,90,300.0,1.357,100.0,100.0,53.0,0,1,30.0,Gas,0.0,298.0,308.0,Fail,2210.759027266028,221.0759027266028,73691.96757553428
Argon,1,90,400.0,1.357,100.0,100.0,53.0,0,1,30.0,Gas,0.0,298.0,308.0,Fail,2947.678703021371,294.76787030213706,98255.95676737904
Argon,1,90,200.0,1.357,100.0,100.0,53.0,0,1,30.0,Gas,0.0,298.0,308.0,Fail,1473.8393515106854,147.38393515106853,49127.97838368952
Argon,1,90,300.0,2.715,100.0,100.0,53.0,0,1,30.0,Gas,0.0,298.0,308.0,Fail,1104.9723756906076,110.49723756906079,36832.41252302026
Argon,1,90,200.0,1.809,100.0,100.0,53.0,0,1,30.0,Gas,0.0,298.0,308.0,Success,1105.583195135434,110.5583195135434,36852.773171181136
Argon,1,90,100.0,0.905,100.0,100.0,53.0,0,1,30.0,Gas,0.0,298.0,308.0,Success,1104.9723756906078,110.49723756906077,36832.412523020255
Argon,1,90,400.0,2.721,100.0,100.0,53.0,0,1,30.0,Gas,0.0,298.0,308.0,Fail,1470.047776552738,147.00477765527378,49001.59255175793
Argon,1,90,300.0,2.036,100.0,100.0,53.0,0,1,30.0,Gas,0.0,298.0,308.0,Fail,1473.4774066797643,147.3477406679764,49115.91355599214
Argon,1,90,100.0,0.68,100.0,100.0,53.0,0,1,30.0,Gas,0.0,298.0,308.0,Success,1470.5882352941176,147.05882352941177,49019.60784313726
Argon,1,90,200.0,0.904,100.0,100.0,53.0,0,1,30.0,Gas,0.0,298.0,308.0,Success,2212.389380530973,221.23893805309734,73746.31268436578
Argon,1,90,100.0,0.452,100.0,100.0,53.0,0,1,30.0,Gas,0.0,298.0,308.0,Success,2212.389380530973,221.23893805309734,73746.31268436578
Argon,1,90,300.0,1.357,100.0,100.0,53.0,0,1,30.0,Gas,0.0,298.0,308.0,Success,2210.759027266028,221.0759027266028,73691.96757553428
Argon,1,z direction,125.0,1.675,52.5,50.0,63.0,0,1,30.0,Gas,0.0,298.0,298.0,Fail,1421.4641080312722,74.6268656716418,47382.13693437574
Argon,1,z direction,125.0,1.025,97.5,50.0,63.0,0,1,30.0,Gas,0.0,298.0,298.0,Fail,1250.781738586617,121.95121951219514,41692.7246195539
Argon,1,z direction,150.0,1.35,120.0,50.0,63.0,0,1,30.0,Gas,0.0,298.0,298.0,Fail,925.9259259259259,111.1111111111111,30864.1975308642
Argon,1,z direction,125.0,1.675,97.5,50.0,63.0,0,1,30.0,Gas,0.0,298.0,298.0,Fail,765.4037504783773,74.6268656716418,25513.458349279244
Argon,1,z direction,150.0,0.7,97.5,50.0,63.0,0,1,30.0,Gas,0.0,298.0,298.0,Fail,2197.8021978021975,214.2857142857143,73260.07326007326
Argon,1,z direction,150.0,1.35,75.0,50.0,63.0,0,1,30.0,Gas,0.0,298.0,298.0,Fail,1481.4814814814813,111.1111111111111,49382.71604938272
Argon,1,z direction,175.0,1.025,97.5,50.0,63.0,0,1,30.0,Gas,0.0,298.0,298.0,Fail,1751.0944340212636,170.7317073170732,58369.81446737545
Argon,1,z direction,175.0,1.675,97.5,50.0,63.0,0,1,30.0,Gas,0.0,298.0,298.0,Fail,1071.5652506697284,104.4776119402985,35718.84168899094
Argon,1,z direction,125.0,1.025,52.5,50.0,63.0,0,1,30.0,Gas,0.0,298.0,298.0,Fail,2322.88037166086,121.95121951219514,77429.34572202867
Argon,1,z direction,150.0,1.35,30.0,50.0,63.0,0,1,30.0,Gas,0.0,298.0,298.0,Fail,3703.7037037037035,111.1111111111111,123456.7901234568
Argon,1,z direction,100.0,1.35,75.0,50.0,63.0,0,1,30.0,Gas,0.0,298.0,298.0,Fail,987.6543209876543,74.07407407407408,32921.81069958848
Argon,1,z direction,175.0,1.25,52.5,50.0,63.0,0,1,30.0,Gas,0.0,298.0,298.0,Fail,2666.6666666666665,140.0,88888.88888888889
Argon,1,z direction,175.0,1.675,52.5,50.0,63.0,0,1,30.0,Gas,0.0,298.0,298.0,Fail,1990.049751243781,104.4776119402985,66334.99170812604
Argon,1,z direction,200.0,1.35,75.0,50.0,63.0,0,1,30.0,Gas,0.0,298.0,298.0,Success,1975.3086419753085,148.14814814814815,65843.62139917696
Argon,1,z direction,150.0,2.0,75.0,50.0,63.0,0,1,30.0,Gas,0.0,298.0,298.0,Fail,1000.0,75.0,33333.333333333336
Argon,1,z direction,175.0,1.025,97.5,50.0,63.0,0,1,30.0,Gas,0.0,298.0,298.0,Success,1751.0944340212636,170.7317073170732,58369.81446737545
Argon,1,z direction,175.0,1.025,52.5,50.0,63.0,0,1,30.0,Gas,0.0,298.0,298.0,Fail,3252.0325203252037,170.7317073170732,108401.08401084013
Argon,1,z direction,175.0,1.035,97.5,50.0,63.0,0,1,30.0,Gas,0.0,298.0,298.0,Success,1734.1756472191255,169.08212560386474,57805.85490730419
Argon,1,z direction,173.0,1.025,97.5,50.0,63.0,0,1,30.0,Gas,0.0,298.0,298.0,Success,1731.0819262038776,168.78048780487805,57702.73087346259
Argon,1,z direction,175.0,1.03,97.5,50.0,63.0,0,1,30.0,Gas,0.0,298.0,298.0,Success,1742.5939756036844,169.9029126213592,58086.465853456146
Argon,1,z direction,174.0,1.26,97.5,50.0,63.0,0,1,30.0,Gas,0.0,298.0,298.0,Success,1416.3614163614163,138.0952380952381,47212.04721204721
Argon,1,x direction,175.0,1.025,97.5,50.0,63.0,0,1,30.0,Gas,0.0,298.0,298.0,Success,1751.0944340212636,170.7317073170732,58369.81446737545
Argon,1,90,100.0,0.1,55.0,55.0,45.0,0,1,75.0,Gas,0.0,298.0,298.0,Success,18181.818181818184,1000.0,242424.24242424243
Argon,1,90,100.0,0.15,55.0,55.0,45.0,0,1,75.0,Gas,0.0,298.0,298.0,Fail,12121.21212121212,666.6666666666667,161616.16161616164
Argon,1,90,100.0,0.2,55.0,55.0,45.0,0,1,75.0,Gas,0.0,298.0,298.0,Fail,9090.909090909092,500.0,121212.12121212122
Argon,1,90,100.0,0.25,55.0,55.0,45.0,0,1,75.0,Gas,0.0,298.0,298.0,Fail,7272.727272727273,400.0,96969.69696969696
Argon,1,90,100.0,0.3,55.0,55.0,45.0,0,1,75.0,Gas,0.0,298.0,298.0,Fail,6060.60606060606,333.33333333333337,80808.08080808082
Argon,1,90,100.0,0.5,55.0,55.0,45.0,0,1,75.0,Gas,0.0,298.0,298.0,Fail,3636.3636363636365,200.0,48484.84848484848
Argon,1,90,200.0,0.2,55.0,55.0,45.0,0,1,75.0,Gas,0.0,298.0,298.0,Fail,18181.818181818184,1000.0,242424.24242424243
Argon,1,90,200.0,0.3,55.0,55.0,45.0,0,1,75.0,Gas,0.0,298.0,298.0,Fail,12121.21212121212,666.6666666666667,161616.16161616164
Argon,1,90,200.0,0.4,55.0,55.0,45.0,0,1,75.0,Gas,0.0,298.0,298.0,Fail,9090.909090909092,500.0,121212.12121212122
Argon,1,90,200.0,0.5,55.0,55.0,45.0,0,1,75.0,Gas,0.0,298.0,298.0,Fail,7272.727272727273,400.0,96969.69696969696
Argon,1,90,200.0,0.6,55.0,55.0,45.0,0,1,75.0,Gas,0.0,298.0,298.0,Fail,6060.60606060606,333.33333333333337,80808.08080808082
Argon,1,90,200.0,1.0,55.0,55.0,45.0,0,1,75.0,Gas,0.0,298.0,298.0,Fail,3636.3636363636365,200.0,48484.84848484848
Argon,1,90,300.0,0.3,55.0,55.0,45.0,0,1,75.0,Gas,0.0,298.0,298.0,Fail,18181.81818181818,1000.0,242424.24242424246
Argon,1,90,300.0,0.45,55.0,55.0,45.0,0,1,75.0,Gas,0.0,298.0,298.0,Fail,12121.21212121212,666.6666666666666,161616.16161616164
Argon,1,90,300.0,0.6,55.0,55.0,45.0,0,1,75.0,Gas,0.0,298.0,298.0,Fail,9090.90909090909,500.0,121212.12121212123
Argon,1,90,300.0,0.75,55.0,55.0,45.0,0,1,75.0,Gas,0.0,298.0,298.0,Fail,7272.727272727272,400.0,96969.69696969698
Argon,1,90,300.0,0.9,55.0,55.0,45.0,0,1,75.0,Gas,0.0,298.0,298.0,Fail,6060.60606060606,333.3333333333333,80808.08080808082
Argon,1,90,300.0,1.5,55.0,55.0,45.0,0,1,75.0,Gas,0.0,298.0,298.0,Fail,3636.363636363636,200.0,48484.84848484849
Argon,1,90,400.0,0.4,55.0,55.0,45.0,0,1,75.0,Gas,0.0,298.0,298.0,Fail,18181.818181818184,1000.0,242424.24242424243
Argon,1,90,400.0,0.6,55.0,55.0,45.0,0,1,75.0,Gas,0.0,298.0,298.0,Fail,12121.21212121212,666.6666666666667,161616.16161616164
Argon,1,90,400.0,0.8,55.0,55.0,45.0,0,1,75.0,Gas,0.0,298.0,298.0,Fail,9090.909090909092,500.0,121212.12121212122
Argon,1,90,400.0,1.0,55.0,55.0,45.0,0,1,75.0,Gas,0.0,298.0,298.0,Fail,7272.727272727273,400.0,96969.69696969696
Argon,1,90,400.0,1.2,55.0,55.0,45.0,0,1,75.0,Gas,0.0,298.0,298.0,Fail,6060.60606060606,333.33333333333337,80808.08080808082
Argon,1,90,400.0,2.0,55.0,55.0,45.0,0,1,75.0,Gas,0.0,298.0,298.0,Fail,3636.3636363636365,200.0,48484.84848484848
Argon,1,90,500.0,0.5,55.0,55.0,45.0,0,1,75.0,Gas,0.0,298.0,298.0,Fail,18181.81818181818,1000.0,242424.2424242424
Argon,1,90,500.0,0.75,55.0,55.0,45.0,0,1,75.0,Gas,0.0,298.0,298.0,Fail,12121.21212121212,666.6666666666666,161616.16161616164
Argon,1,90,500.0,1.0,55.0,55.0,45.0,0,1,75.0,Gas,0.0,298.0,298.0,Fail,9090.90909090909,500.0,121212.1212121212
Argon,1,90,500.0,1.25,55.0,55.0,45.0,0,1,75.0,Gas,0.0,298.0,298.0,Fail,7272.727272727272,400.0,96969.69696969698
Argon,1,90,500.0,1.5,55.0,55.0,45.0,0,1,75.0,Gas,0.0,298.0,298.0,Fail,6060.60606060606,333.3333333333333,80808.08080808082
Argon,1,90,500.0,2.5,55.0,55.0,45.0,0,1,75.0,Gas,0.0,298.0,298.0,Fail,3636.363636363636,200.0,48484.84848484849
Argon,1,90,50.0,0.01,1500.0,50.0,200.0,0,1,40.0,Gas,0.0,298.0,298.0,Fail,3333.3333333333335,5000.0,83333.33333333334
Argon,1,90,60.0,0.01,1500.0,50.0,200.0,0,1,40.0,Gas,0.0,298.0,298.0,Fail,4000.0,6000.0,100000.00000000001
Argon,1,90,70.0,0.01,1500.0,50.0,200.0,0,1,40.0,Gas,0.0,298.0,298.0,Fail,4666.666666666667,7000.0,116666.66666666667
Argon,1,90,80.0,0.01,1500.0,50.0,200.0,0,1,40.0,Gas,0.0,298.0,298.0,Fail,5333.333333333334,8000.0,133333.33333333334
Argon,1,90,90.0,0.01,1500.0,50.0,200.0,0,1,40.0,Gas,0.0,298.0,298.0,Fail,6000.0,9000.0,150000.0
Argon,1,90,100.0,0.01,1500.0,50.0,200.0,0,1,40.0,Gas,0.0,298.0,298.0,Fail,6666.666666666667,10000.0,166666.6666666667
Argon,1,z direction,90.0,0.1,80.0,110.0,47.49,0,1,25.0,Argon,0.0,298.0,298.0,Fail,11250.0,900.0,450000.00000000006
Argon,1,z direction,90.0,0.2,80.0,110.0,47.49,0,1,25.0,Argon,0.0,298.0,298.0,Fail,5625.0,450.0,225000.00000000003
Argon,1,z direction,90.0,0.3,80.0,110.0,47.49,0,1,25.0,Argon,0.0,298.0,298.0,Fail,3750.0,300.0,150000.0
Argon,1,z direction,90.0,0.4,80.0,110.0,47.49,0,1,25.0,Argon,0.0,298.0,298.0,Fail,2812.5,225.0,112500.00000000001
Argon,1,z direction,90.0,0.6,80.0,110.0,47.49,0,1,25.0,Argon,0.0,298.0,298.0,Success,1875.0,150.0,75000.0
Argon,1,z direction,90.0,0.8,80.0,110.0,47.49,0,1,25.0,Argon,0.0,298.0,298.0,Success,1406.25,112.5,56250.00000000001
Argon,1,z direction,90.0,1.2,80.0,110.0,47.49,0,1,25.0,Argon,0.0,298.0,298.0,Fail,937.5,75.0,37500.0
Argon,1,z direction,90.0,1.6,80.0,110.0,47.49,0,1,25.0,Argon,0.0,298.0,298.0,Fail,703.125,56.25,28125.000000000004
Argon,1,90,40.0,0.12,100.0,80.0,44.31,0,1,30.0,Gas,0.0,298.0,298.0,Fail,3333.3333333333335,333.33333333333337,111111.11111111112
Argon,1,90,40.0,0.24,100.0,80.0,44.31,0,1,30.0,Gas,0.0,298.0,298.0,Fail,1666.6666666666667,166.66666666666669,55555.55555555556
Argon,1,90,40.0,0.36,100.0,80.0,44.31,0,1,30.0,Gas,0.0,298.0,298.0,Fail,1111.111111111111,111.11111111111111,37037.03703703704
Argon,1,90,40.0,0.48,100.0,80.0,44.31,0,1,30.0,Gas,0.0,298.0,298.0,Fail,833.3333333333334,83.33333333333334,27777.77777777778
Argon,1,90,40.0,0.6,100.0,80.0,44.31,0,1,30.0,Gas,0.0,298.0,298.0,Fail,666.6666666666667,66.66666666666667,22222.222222222223
Argon,1,90,40.0,0.72,100.0,80.0,44.31,0,1,30.0,Gas,0.0,298.0,298.0,Fail,555.5555555555555,55.55555555555556,18518.51851851852
Argon,1,90,40.0,0.84,100.0,80.0,44.31,0,1,30.0,Gas,0.0,298.0,298.0,Fail,476.19047619047615,47.61904761904762,15873.015873015875
Argon,1,90,40.0,0.96,100.0,80.0,44.31,0,1,30.0,Gas,0.0,298.0,298.0,Fail,416.6666666666667,41.66666666666667,13888.88888888889
Argon,1,90,40.0,1.08,100.0,80.0,44.31,0,1,30.0,Gas,0.0,298.0,298.0,Fail,370.3703703703704,37.03703703703704,12345.67901234568
Argon,1,90,40.0,1.2,100.0,80.0,44.31,0,1,30.0,Gas,0.0,298.0,298.0,Fail,333.33333333333337,33.333333333333336,11111.111111111111
Argon,1,90,40.0,1.32,100.0,80.0,44.31,0,1,30.0,Gas,0.0,298.0,298.0,Fail,303.030303030303,30.3030303030303,10101.0101010101
Argon,1,90,40.0,1.44,100.0,80.0,44.31,0,1,30.0,Gas,0.0,298.0,298.0,Fail,277.77777777777777,27.77777777777778,9259.25925925926
Argon,1,90,40.0,1.56,100.0,80.0,44.31,0,1,30.0,Gas,0.0,298.0,298.0,Fail,256.4102564102564,25.64102564102564,8547.008547008547
Argon,1,90,80.0,0.12,100.0,80.0,44.31,0,1,30.0,Gas,0.0,298.0,298.0,Fail,6666.666666666667,666.6666666666667,222222.22222222225
Argon,1,90,80.0,0.24,100.0,80.0,44.31,0,1,30.0,Gas,0.0,298.0,298.0,Fail,3333.3333333333335,333.33333333333337,111111.11111111112
Argon,1,90,80.0,0.36,100.0,80.0,44.31,0,1,30.0,Gas,0.0,298.0,298.0,Fail,2222.222222222222,222.22222222222223,74074.07407407407
Argon,1,90,80.0,0.48,100.0,80.0,44.31,0,1,30.0,Gas,0.0,298.0,298.0,Fail,1666.6666666666667,166.66666666666669,55555.55555555556
Argon,1,90,80.0,0.6,100.0,80.0,44.31,0,1,30.0,Gas,0.0,298.0,298.0,Fail,1333.3333333333335,133.33333333333334,44444.444444444445
Argon,1,90,80.0,0.72,100.0,80.0,44.31,0,1,30.0,Gas,0.0,298.0,298.0,Fail,1111.111111111111,111.11111111111111,37037.03703703704
Argon,1,90,80.0,0.84,100.0,80.0,44.31,0,1,30.0,Gas,0.0,298.0,298.0,Fail,952.3809523809523,95.23809523809524,31746.03174603175
Argon,1,90,80.0,0.96,100.0,80.0,44.31,0,1,30.0,Gas,0.0,298.0,298.0,Fail,833.3333333333334,83.33333333333334,27777.77777777778
Argon,1,90,80.0,1.08,100.0,80.0,44.31,0,1,30.0,Gas,0.0,298.0,298.0,Fail,740.7407407407408,74.07407407407408,24691.35802469136
Argon,1,90,80.0,1.2,100.0,80.0,44.31,0,1,30.0,Gas,0.0,298.0,298.0,Fail,666.6666666666667,66.66666666666667,22222.222222222223
Argon,1,90,80.0,1.32,100.0,80.0,44.31,0,1,30.0,Gas,0.0,298.0,298.0,Fail,606.060606060606,60.6060606060606,20202.0202020202
Argon,1,90,80.0,1.44,100.0,80.0,44.31,0,1,30.0,Gas,0.0,298.0,298.0,Fail,555.5555555555555,55.55555555555556,18518.51851851852
Argon,1,90,80.0,1.56,100.0,80.0,44.31,0,1,30.0,Gas,0.0,298.0,298.0,Fail,512.8205128205128,51.28205128205128,17094.017094017094
Argon,1,90,120.0,0.12,100.0,80.0,44.31,0,1,30.0,Gas,0.0,298.0,298.0,Fail,10000.0,1000.0,333333.3333333334
Argon,1,90,120.0,0.24,100.0,80.0,44.31,0,1,30.0,Gas,0.0,298.0,298.0,Fail,5000.0,500.0,166666.6666666667
Argon,1,90,120.0,0.36,100.0,80.0,44.31,0,1,30.0,Gas,0.0,298.0,298.0,Fail,3333.333333333333,333.33333333333337,111111.11111111111
Argon,1,90,120.0,0.48,100.0,80.0,44.31,0,1,30.0,Gas,0.0,298.0,298.0,Fail,2500.0,250.0,83333.33333333334
Argon,1,90,120.0,0.6,100.0,80.0,44.31,0,1,30.0,Gas,0.0,298.0,298.0,Fail,2000.0,200.0,66666.66666666667
Argon,1,90,120.0,0.72,100.0,80.0,44.31,0,1,30.0,Gas,0.0,298.0,298.0,Fail,1666.6666666666665,166.66666666666669,55555.555555555555
Argon,1,90,120.0,0.84,100.0,80.0,44.31,0,1,30.0,Gas,0.0,298.0,298.0,Fail,1428.5714285714284,142.85714285714286,47619.047619047626
Argon,1,90,120.0,0.96,100.0,80.0,44.31,0,1,30.0,Gas,0.0,298.0,298.0,Fail,1250.0,125.0,41666.66666666667
Argon,1,90,120.0,1.08,100.0,80.0,44.31,0,1,30.0,Gas,0.0,298.0,298.0,Fail,1111.111111111111,111.1111111111111,37037.03703703704
Argon,1,90,120.0,1.2,100.0,80.0,44.31,0,1,30.0,Gas,0.0,298.0,298.0,Fail,1000.0,100.0,33333.333333333336
Argon,1,90,120.0,1.32,100.0,80.0,44.31,0,1,30.0,Gas,0.0,298.0,298.0,Fail,909.090909090909,90.9090909090909,30303.030303030304
Argon,1,90,120.0,1.44,100.0,80.0,44.31,0,1,30.0,Gas,0.0,298.0,298.0,Fail,833.3333333333333,83.33333333333334,27777.777777777777
Argon,1,90,120.0,1.56,100.0,80.0,44.31,0,1,30.0,Gas,0.0,298.0,298.0,Fail,769.2307692307693,76.92307692307692,25641.02564102564
Argon,1,90,160.0,0.12,100.0,80.0,44.31,0,1,30.0,Gas,0.0,298.0,298.0,Fail,13333.333333333334,1333.3333333333335,444444.4444444445
Argon,1,90,160.0,0.24,100.0,80.0,44.31,0,1,30.0,Gas,0.0,298.0,298.0,Fail,6666.666666666667,666.6666666666667,222222.22222222225
Argon,1,90,160.0,0.36,100.0,80.0,44.31,0,1,30.0,Gas,0.0,298.0,298.0,Fail,4444.444444444444,444.44444444444446,148148.14814814815
Argon,1,90,160.0,0.48,100.0,80.0,44.31,0,1,30.0,Gas,0.0,298.0,298.0,Fail,3333.3333333333335,333.33333333333337,111111.11111111112
Argon,1,90,160.0,0.6,100.0,80.0,44.31,0,1,30.0,Gas,0.0,298.0,298.0,Fail,2666.666666666667,266.6666666666667,88888.88888888889
Argon,1,90,160.0,0.72,100.0,80.0,44.31,0,1,30.0,Gas,0.0,298.0,298.0,Fail,2222.222222222222,222.22222222222223,74074.07407407407
Argon,1,90,160.0,0.84,100.0,80.0,44.31,0,1,30.0,Gas,0.0,298.0,298.0,Fail,1904.7619047619046,190.47619047619048,63492.0634920635
Argon,1,90,160.0,0.96,100.0,80.0,44.31,0,1,30.0,Gas,0.0,298.0,298.0,Fail,1666.6666666666667,166.66666666666669,55555.55555555556
Argon,1,90,160.0,1.08,100.0,80.0,44.31,0,1,30.0,Gas,0.0,298.0,298.0,Fail,1481.4814814814815,148.14814814814815,49382.71604938272
Argon,1,90,160.0,1.2,100.0,80.0,44.31,0,1,30.0,Gas,0.0,298.0,298.0,Fail,1333.3333333333335,133.33333333333334,44444.444444444445
Argon,1,90,160.0,1.32,100.0,80.0,44.31,0,1,30.0,Gas,0.0,298.0,298.0,Fail,1212.121212121212,121.2121212121212,40404.0404040404
Argon,1,90,160.0,1.44,100.0,80.0,44.31,0,1,30.0,Gas,0.0,298.0,298.0,Fail,1111.111111111111,111.11111111111111,37037.03703703704
Argon,1,90,160.0,1.56,100.0,80.0,44.31,0,1,30.0,Gas,0.0,298.0,298.0,Fail,1025.6410256410256,102.56410256410255,34188.03418803419
Argon,1,90,100.0,0.15,100.0,100.0,44.20280701754386,0,1,50.0,Gas,0.0,298.0,298.0,Fail,6666.666666666667,666.6666666666667,133333.33333333334
Argon,1,90,100.0,0.2,100.0,100.0,44.09561403508772,0,1,50.0,Gas,0.0,298.0,298.0,Fail,5000.0,500.0,100000.0
Argon,1,90,100.0,0.3,100.0,100.0,43.98842105263158,0,1,50.0,Gas,0.0,298.0,298.0,Fail,3333.3333333333335,333.33333333333337,66666.66666666667
Argon,1,90,100.0,0.5,100.0,100.0,43.88122807017544,0,1,50.0,Gas,0.0,298.0,298.0,Fail,2000.0,200.0,40000.0
Argon,1,90,100.0,0.6,100.0,100.0,43.7740350877193,0,1,50.0,Gas,0.0,298.0,298.0,Fail,1666.6666666666667,166.66666666666669,33333.333333333336
Argon,1,90,120.0,0.15,100.0,100.0,43.66684210526316,0,1,50.0,Gas,0.0,298.0,298.0,Fail,8000.0,800.0,160000.0
Argon,1,90,120.0,0.2,100.0,100.0,43.559649122807016,0,1,50.0,Gas,0.0,298.0,298.0,Fail,6000.0,600.0,120000.0
Argon,1,90,120.0,0.3,100.0,100.0,43.45245614035088,0,1,50.0,Gas,0.0,298.0,298.0,Fail,4000.0,400.0,80000.0
Argon,1,90,120.0,0.5,100.0,100.0,43.34526315789474,0,1,50.0,Gas,0.0,298.0,298.0,Fail,2400.0,240.0,48000.0
Argon,1,90,120.0,0.6,100.0,100.0,43.2380701754386,0,1,50.0,Gas,0.0,298.0,298.0,Fail,2000.0,200.0,40000.0
Argon,1,90,140.0,0.15,100.0,100.0,43.13087719298246,0,1,50.0,Gas,0.0,298.0,298.0,Fail,9333.333333333334,933.3333333333334,186666.66666666666
Argon,1,90,140.0,0.2,100.0,100.0,43.02368421052632,0,1,50.0,Gas,0.0,298.0,298.0,Fail,7000.0,700.0,140000.0
Argon,1,90,140.0,0.3,100.0,100.0,42.91649122807018,0,1,50.0,Gas,0.0,298.0,298.0,Fail,4666.666666666667,466.6666666666667,93333.33333333333
Argon,1,90,140.0,0.5,100.0,100.0,42.80929824561404,0,1,50.0,Gas,0.0,298.0,298.0,Fail,2800.0,280.0,56000.0
Argon,1,90,140.0,0.6,100.0,100.0,42.7021052631579,0,1,50.0,Gas,0.0,298.0,298.0,Fail,2333.3333333333335,233.33333333333334,46666.666666666664
Argon,1,90,160.0,0.15,100.0,100.0,42.594912280701756,0,1,50.0,Gas,0.0,298.0,298.0,Fail,10666.666666666668,1066.6666666666667,213333.33333333334
Argon,1,90,160.0,0.2,100.0,100.0,42.487719298245615,0,1,50.0,Gas,0.0,298.0,298.0,Fail,8000.0,800.0,160000.0
Argon,1,90,160.0,0.3,100.0,100.0,42.380526315789474,0,1,50.0,Gas,0.0,298.0,298.0,Fail,5333.333333333334,533.3333333333334,106666.66666666667
Argon,1,90,160.0,0.5,100.0,100.0,42.27333333333333,0,1,50.0,Gas,0.0,298.0,298.0,Fail,3200.0,320.0,64000.0
Argon,1,90,160.0,0.6,100.0,100.0,42.16614035087719,0,1,50.0,Gas,0.0,298.0,298.0,Fail,2666.666666666667,266.6666666666667,53333.333333333336
Argon,1,90,180.0,0.15,100.0,100.0,42.05894736842106,0,1,50.0,Gas,0.0,298.0,298.0,Fail,12000.0,1200.0,240000.0
Argon,1,90,180.0,0.2,100.0,100.0,41.95175438596492,0,1,50.0,Gas,0.0,298.0,298.0,Fail,9000.0,900.0,180000.0
Argon,1,90,180.0,0.3,100.0,100.0,41.84456140350878,0,1,50.0,Gas,0.0,298.0,298.0,Fail,6000.0,600.0,120000.0
Argon,1,90,180.0,0.5,100.0,100.0,41.737368421052636,0,1,50.0,Gas,0.0,298.0,298.0,Fail,3600.0,360.0,72000.0
Argon,1,90,180.0,0.6,100.0,100.0,41.630175438596495,0,1,50.0,Gas,0.0,298.0,298.0,Fail,3000.0,300.0,60000.0
Argon,1,90,100.0,0.57,20.0,80.0,41.522982456140355,0,1,80.0,Gas,0.0,298.0,298.0,Fail,8771.929824561405,175.43859649122808,109649.12280701756
Argon,1,90,100.0,0.7,20.0,80.0,41.415789473684214,0,1,80.0,Gas,0.0,298.0,298.0,Fail,7142.857142857143,142.85714285714286,89285.71428571429
Argon,1,90,80.0,0.7,20.0,80.0,41.30859649122807,0,1,80.0,Gas,0.0,298.0,298.0,Fail,5714.285714285714,114.28571428571429,71428.57142857143
Argon,1,90,100.0,1.7,20.0,80.0,41.20140350877193,0,1,60.0,Gas,0.0,298.0,298.0,Fail,2941.176470588235,58.82352941176471,49019.60784313726
Argon,1,90,80.0,1.7,20.0,80.0,41.09421052631579,0,1,60.0,Gas,0.0,298.0,298.0,Fail,2352.9411764705883,47.05882352941177,39215.68627450981
Argon,1,90,80.0,1.7,20.0,80.0,40.98701754385965,0,1,80.0,Gas,0.0,298.0,298.0,Fail,2352.9411764705883,47.05882352941177,29411.764705882357
Argon,1,90,80.0,2.1,20.0,80.0,40.87982456140351,0,1,80.0,Gas,0.0,298.0,298.0,Fail,1904.7619047619046,38.095238095238095,23809.523809523813
Argon,1,90,100.0,0.57,20.0,80.0,40.77263157894737,0,1,80.0,Gas,0.0,298.0,298.0,Fail,8771.929824561405,175.43859649122808,109649.12280701756
Argon,1,90,100.0,0.7,20.0,80.0,40.66543859649123,0,1,80.0,Gas,0.0,298.0,298.0,Fail,7142.857142857143,142.85714285714286,89285.71428571429
Argon,1,90,80.0,0.7,20.0,80.0,40.55824561403509,0,1,80.0,Gas,0.0,298.0,298.0,Fail,5714.285714285714,114.28571428571429,71428.57142857143
Argon,1,90,100.0,1.7,20.0,80.0,40.451052631578946,0,1,60.0,Gas,0.0,298.0,298.0,Fail,2941.176470588235,58.82352941176471,49019.60784313726
Argon,1,90,80.0,1.7,20.0,80.0,40.34385964912281,0,1,60.0,Gas,0.0,298.0,298.0,Fail,2352.9411764705883,47.05882352941177,39215.68627450981
Argon,1,90,80.0,1.7,20.0,80.0,40.23666666666667,0,1,80.0,Gas,0.0,298.0,298.0,Fail,2352.9411764705883,47.05882352941177,29411.764705882357
Argon,1,90,80.0,2.1,20.0,80.0,40.12947368421053,0,1,80.0,Gas,0.0,298.0,298.0,Fail,1904.7619047619046,38.095238095238095,23809.523809523813
Argon,1,90,100.0,0.57,20.0,80.0,40.02228070175439,0,1,80.0,Gas,0.0,298.0,298.0,Fail,8771.929824561405,175.43859649122808,109649.12280701756
Argon,1,90,100.0,0.7,20.0,80.0,39.91508771929825,0,1,80.0,Gas,0.0,298.0,298.0,Fail,7142.857142857143,142.85714285714286,89285.71428571429
Argon,1,90,80.0,0.7,20.0,80.0,39.80789473684211,0,1,80.0,Gas,0.0,298.0,298.0,Fail,5714.285714285714,114.28571428571429,71428.57142857143
Argon,1,90,100.0,1.7,20.0,80.0,39.70070175438597,0,1,60.0,Gas,0.0,298.0,298.0,Fail,2941.176470588235,58.82352941176471,49019.60784313726
Argon,1,90,80.0,1.7,20.0,80.0,39.59350877192983,0,1,60.0,Gas,0.0,298.0,298.0,Fail,2352.9411764705883,47.05882352941177,39215.68627450981
Argon,1,90,80.0,1.7,20.0,80.0,39.486315789473686,0,1,80.0,Gas,0.0,298.0,298.0,Fail,2352.9411764705883,47.05882352941177,29411.764705882357
Argon,1,90,80.0,2.1,20.0,80.0,39.379122807017545,0,1,80.0,Gas,0.0,298.0,298.0,Fail,1904.7619047619046,38.095238095238095,23809.523809523813
Argon,1,90,100.0,0.57,20.0,80.0,39.271929824561404,0,1,80.0,Gas,0.0,298.0,298.0,Fail,8771.929824561405,175.43859649122808,109649.12280701756
Argon,1,90,100.0,0.7,20.0,80.0,39.16473684210526,0,1,80.0,Gas,0.0,298.0,298.0,Fail,7142.857142857143,142.85714285714286,89285.71428571429
Argon,1,90,80.0,0.7,20.0,80.0,39.05754385964913,0,1,80.0,Gas,0.0,298.0,298.0,Fail,5714.285714285714,114.28571428571429,71428.57142857143
Argon,1,90,100.0,1.7,20.0,80.0,38.95035087719299,0,1,60.0,Gas,0.0,298.0,298.0,Fail,2941.176470588235,58.82352941176471,49019.60784313726
Argon,1,90,80.0,1.7,20.0,80.0,38.84315789473685,0,1,60.0,Gas,0.0,298.0,298.0,Fail,2352.9411764705883,47.05882352941177,39215.68627450981
Argon,1,90,80.0,1.7,20.0,80.0,38.73596491228071,0,1,80.0,Gas,0.0,298.0,298.0,Fail,2352.9411764705883,47.05882352941177,29411.764705882357
Argon,1,90,80.0,2.1,20.0,80.0,38.628771929824566,0,1,80.0,Gas,0.0,298.0,298.0,Fail,1904.7619047619046,38.095238095238095,23809.523809523813
Argon,1,90,225.0,1.0,120.0,80.0,38.521578947368425,0,1,30.0,Gas,0.0,298.0,298.0,Success,1875.0,225.0,62500.0
Argon,1,90,225.0,1.0,120.0,80.0,38.414385964912285,0,1,30.0,Gas,0.0,298.0,298.0,Success,1875.0,225.0,62500.0
Argon,1,90,325.0,1.0,120.0,80.0,38.307192982456144,0,1,30.0,Gas,0.0,298.0,298.0,Fail,2708.3333333333335,325.0,90277.77777777778
Argon,1,90,90.0,0.6,80.0,80.0,38.2,0,1,25.0,Gas,0.0,298.0,298.0,Fail,1875.0,150.0,75000.0
Argon,1,90,340.0,1.2,70.0,80.0,45.16666666666667,0,1,50.0,Gas,0.0,298.0,298.0,Success,4047.6190476190473,283.33333333333337,80952.38095238096
Argon,1,90,340.0,1.2,70.0,80.0,52.13333333333333,0,1,50.0,Gas,0.0,298.0,298.0,Success,4047.6190476190473,283.33333333333337,80952.38095238096
Argon,1,90,340.0,1.2,70.0,80.0,59.1,0,1,50.0,Gas,0.0,298.0,298.0,Success,4047.6190476190473,283.33333333333337,80952.38095238096
Argon,1,90,340.0,1.2,70.0,80.0,66.06666666666666,0,1,50.0,Gas,0.0,298.0,298.0,Success,4047.6190476190473,283.33333333333337,80952.38095238096
Argon,1,90,340.0,1.2,70.0,80.0,73.03333333333333,0,1,50.0,Gas,0.0,298.0,298.0,Success,4047.6190476190473,283.33333333333337,80952.38095238096
Argon,1,90,140.0,9.0,100.0,50.0,80.0,0,1,59.329880952380954,Gas,0.0,298.0,353.0,Fail,155.55555555555554,15.555555555555555,2621.875403397603
Argon,1,90,280.0,0.8,100.0,100.0,79.42916666666666,0,1,30.0,Gas,0.0,298.0,298.0,Fail,3500.0,350.0,116666.66666666667
Argon,1,90,280.0,1.2,100.0,100.0,78.85833333333333,0,1,30.0,Gas,0.0,298.0,298.0,Fail,2333.3333333333335,233.33333333333334,77777.77777777778
Argon,1,90,280.0,1.6,100.0,100.0,78.2875,0,1,30.0,Gas,0.0,298.0,298.0,Fail,1750.0,175.0,58333.333333333336
Argon,1,90,280.0,2.2,100.0,100.0,77.71666666666667,0,1,30.0,Gas,0.0,298.0,298.0,Fail,1272.7272727272725,127.27272727272727,42424.24242424242
Argon,1,90,215.0,0.58,100.0,100.0,77.14583333333333,0,1,30.0,Gas,0.0,298.0,298.0,Fail,3706.896551724138,370.68965517241384,123563.21839080461
Argon,1,90,215.0,0.8,100.0,100.0,76.575,0,1,30.0,Gas,0.0,298.0,298.0,Fail,2687.5,268.75,89583.33333333334
Argon,1,90,215.0,1.2,100.0,100.0,76.00416666666666,0,1,30.0,Gas,0.0,298.0,298.0,Fail,1791.6666666666667,179.16666666666669,59722.222222222226
Argon,1,90,115.0,0.58,100.0,100.0,75.43333333333334,0,1,30.0,Gas,0.0,298.0,298.0,Fail,1982.7586206896553,198.27586206896552,66091.95402298852
Argon,1,90,115.0,0.8,100.0,100.0,74.8625,0,1,30.0,Gas,0.0,298.0,298.0,Fail,1437.5,143.75,47916.66666666667
Argon,1,90,155.0,0.58,100.0,100.0,74.29166666666667,0,1,30.0,Gas,0.0,298.0,298.0,Fail,2672.4137931034484,267.2413793103448,89080.45977011495
Argon,1,90,155.0,1.2,100.0,100.0,73.72083333333333,0,1,30.0,Gas,0.0,298.0,298.0,Fail,1291.6666666666667,129.16666666666669,43055.555555555555
Argon,1,90,155.0,1.6,100.0,100.0,73.15,0,1,30.0,Gas,0.0,298.0,298.0,Fail,968.75,96.875,32291.666666666668
Argon,1,90,215.0,1.6,100.0,100.0,72.57916666666667,0,1,30.0,Gas,0.0,298.0,298.0,Fail,1343.75,134.375,44791.66666666667
Argon,1,90,370.0,1.05,100.0,100.0,72.00833333333334,0,1,30.0,Gas,0.0,298.0,298.0,Fail,3523.809523809524,352.38095238095235,117460.31746031746
Argon,1,90,280.0,0.8,100.0,100.0,71.4375,0,1,30.0,Gas,0.0,298.0,298.0,Fail,3500.0,350.0,116666.66666666667
Argon,1,90,280.0,1.2,100.0,100.0,70.86666666666667,0,1,30.0,Gas,0.0,298.0,298.0,Fail,2333.3333333333335,233.33333333333334,77777.77777777778
Argon,1,90,280.0,1.6,100.0,100.0,70.29583333333333,0,1,30.0,Gas,0.0,298.0,298.0,Fail,1750.0,175.0,58333.333333333336
Argon,1,90,280.0,2.2,100.0,100.0,69.725,0,1,30.0,Gas,0.0,298.0,298.0,Fail,1272.7272727272725,127.27272727272727,42424.24242424242
Argon,1,90,215.0,0.58,100.0,100.0,69.15416666666667,0,1,30.0,Gas,0.0,298.0,298.0,Fail,3706.896551724138,370.68965517241384,123563.21839080461
Argon,1,90,215.0,0.8,100.0,100.0,68.58333333333333,0,1,30.0,Gas,0.0,298.0,298.0,Fail,2687.5,268.75,89583.33333333334
Argon,1,90,215.0,1.2,100.0,100.0,68.0125,0,1,30.0,Gas,0.0,298.0,298.0,Fail,1791.6666666666667,179.16666666666669,59722.222222222226
Argon,1,90,115.0,0.58,100.0,100.0,67.44166666666666,0,1,30.0,Gas,0.0,298.0,298.0,Fail,1982.7586206896553,198.27586206896552,66091.95402298852
Argon,1,90,115.0,0.8,100.0,100.0,66.87083333333334,0,1,30.0,Gas,0.0,298.0,298.0,Fail,1437.5,143.75,47916.66666666667
Argon,1,90,155.0,0.58,100.0,100.0,66.3,0,1,30.0,Gas,0.0,298.0,298.0,Fail,2672.4137931034484,267.2413793103448,89080.45977011495
Argon,1,90,155.0,1.2,100.0,100.0,65.72916666666667,0,1,30.0,Gas,0.0,298.0,298.0,Fail,1291.6666666666667,129.16666666666669,43055.555555555555
Argon,1,90,155.0,1.6,100.0,100.0,65.15833333333333,0,1,30.0,Gas,0.0,298.0,298.0,Fail,968.75,96.875,32291.666666666668
Argon,1,90,215.0,1.6,100.0,100.0,64.5875,0,1,30.0,Gas,0.0,298.0,298.0,Fail,1343.75,134.375,44791.66666666667
Argon,1,90,370.0,1.05,100.0,100.0,64.01666666666667,0,1,30.0,Gas,0.0,298.0,298.0,Fail,3523.809523809524,352.38095238095235,117460.31746031746
Argon,1,90,280.0,0.8,100.0,100.0,63.44583333333333,0,1,30.0,Gas,0.0,298.0,298.0,Fail,3500.0,350.0,116666.66666666667
Argon,1,90,280.0,1.2,100.0,100.0,62.875,0,1,30.0,Gas,0.0,298.0,298.0,Fail,2333.3333333333335,233.33333333333334,77777.77777777778
Argon,1,90,280.0,1.6,100.0,100.0,62.30416666666667,0,1,30.0,Gas,0.0,298.0,298.0,Fail,1750.0,175.0,58333.333333333336
Argon,1,90,280.0,2.2,100.0,100.0,61.733333333333334,0,1,30.0,Gas,0.0,298.0,298.0,Fail,1272.7272727272725,127.27272727272727,42424.24242424242
Argon,1,90,215.0,0.58,100.0,100.0,61.1625,0,1,30.0,Gas,0.0,298.0,298.0,Fail,3706.896551724138,370.68965517241384,123563.21839080461
Argon,1,90,215.0,0.8,100.0,100.0,60.59166666666667,0,1,30.0,Gas,0.0,298.0,298.0,Fail,2687.5,268.75,89583.33333333334
Argon,1,90,215.0,1.2,100.0,100.0,60.020833333333336,0,1,30.0,Gas,0.0,298.0,298.0,Fail,1791.6666666666667,179.16666666666669,59722.222222222226
Argon,1,90,115.0,0.58,100.0,100.0,59.45,0,1,30.0,Gas,0.0,298.0,298.0,Fail,1982.7586206896553,198.27586206896552,66091.95402298852
Argon,1,90,115.0,0.8,100.0,100.0,58.87916666666666,0,1,30.0,Gas,0.0,298.0,298.0,Fail,1437.5,143.75,47916.66666666667
Argon,1,90,155.0,0.58,100.0,100.0,58.30833333333334,0,1,30.0,Gas,0.0,298.0,298.0,Fail,2672.4137931034484,267.2413793103448,89080.45977011495
Argon,1,90,155.0,1.2,100.0,100.0,57.7375,0,1,30.0,Gas,0.0,298.0,298.0,Fail,1291.6666666666667,129.16666666666669,43055.555555555555
Argon,1,90,155.0,1.6,100.0,100.0,57.16666666666667,0,1,30.0,Gas,0.0,298.0,298.0,Fail,968.75,96.875,32291.666666666668
Argon,1,90,215.0,1.6,100.0,100.0,56.59583333333333,0,1,30.0,Gas,0.0,298.0,298.0,Fail,1343.75,134.375,44791.66666666667
Argon,1,90,370.0,1.05,100.0,100.0,56.025000000000006,0,1,30.0,Gas,0.0,298.0,298.0,Fail,3523.809523809524,352.38095238095235,117460.31746031746
Argon,1,90,280.0,0.8,100.0,100.0,55.454166666666666,0,1,30.0,Gas,0.0,298.0,298.0,Fail,3500.0,350.0,116666.66666666667
Argon,1,90,280.0,1.2,100.0,100.0,54.88333333333333,0,1,30.0,Gas,0.0,298.0,298.0,Fail,2333.3333333333335,233.33333333333334,77777.77777777778
Argon,1,90,280.0,1.6,100.0,100.0,54.3125,0,1,30.0,Gas,0.0,298.0,298.0,Fail,1750.0,175.0,58333.333333333336
Argon,1,90,280.0,2.2,100.0,100.0,53.74166666666667,0,1,30.0,Gas,0.0,298.0,298.0,Fail,1272.7272727272725,127.27272727272727,42424.24242424242
Argon,1,90,215.0,0.58,100.0,100.0,53.170833333333334,0,1,30.0,Gas,0.0,298.0,298.0,Fail,3706.896551724138,370.68965517241384,123563.21839080461
Argon,1,90,215.0,0.8,100.0,100.0,52.6,0,1,30.0,Gas,0.0,298.0,298.0,Fail,2687.5,268.75,89583.33333333334
Argon,1,90,215.0,1.2,100.0,100.0,52.02916666666667,0,1,30.0,Gas,0.0,298.0,298.0,Fail,1791.6666666666667,179.16666666666669,59722.222222222226
Argon,1,90,115.0,0.58,100.0,100.0,51.458333333333336,0,1,30.0,Gas,0.0,298.0,298.0,Fail,1982.7586206896553,198.27586206896552,66091.95402298852
Argon,1,90,115.0,0.8,100.0,100.0,50.8875,0,1,30.0,Gas,0.0,298.0,298.0,Fail,1437.5,143.75,47916.66666666667
Argon,1,90,155.0,0.58,100.0,100.0,50.31666666666667,0,1,30.0,Gas,0.0,298.0,298.0,Fail,2672.4137931034484,267.2413793103448,89080.45977011495
Argon,1,90,155.0,1.2,100.0,100.0,49.74583333333334,0,1,30.0,Gas,0.0,298.0,298.0,Fail,1291.6666666666667,129.16666666666669,43055.555555555555
Argon,1,90,155.0,1.6,100.0,100.0,49.175,0,1,30.0,Gas,0.0,298.0,298.0,Fail,968.75,96.875,32291.666666666668
Argon,1,90,215.0,1.6,100.0,100.0,48.60416666666667,0,1,30.0,Gas,0.0,298.0,298.0,Fail,1343.75,134.375,44791.66666666667
Argon,1,90,370.0,1.05,100.0,100.0,48.03333333333333,0,1,30.0,Gas,0.0,298.0,298.0,Fail,3523.809523809524,352.38095238095235,117460.31746031746
Argon,1,90,280.0,0.8,100.0,100.0,47.4625,0,1,30.0,Gas,0.0,298.0,298.0,Fail,3500.0,350.0,116666.66666666667
Argon,1,90,280.0,1.2,100.0,100.0,46.891666666666666,0,1,30.0,Gas,0.0,298.0,298.0,Fail,2333.3333333333335,233.33333333333334,77777.77777777778
Argon,1,90,280.0,1.6,100.0,100.0,46.32083333333333,0,1,30.0,Gas,0.0,298.0,298.0,Fail,1750.0,175.0,58333.333333333336
Argon,1,90,280.0,2.2,100.0,100.0,45.75,0,1,30.0,Gas,0.0,298.0,298.0,Fail,1272.7272727272725,127.27272727272727,42424.24242424242
Argon,1,90,215.0,0.58,100.0,100.0,45.17916666666667,0,1,30.0,Gas,0.0,298.0,298.0,Fail,3706.896551724138,370.68965517241384,123563.21839080461
Argon,1,90,215.0,0.8,100.0,100.0,44.608333333333334,0,1,30.0,Gas,0.0,298.0,298.0,Fail,2687.5,268.75,89583.33333333334
Argon,1,90,215.0,1.2,100.0,100.0,44.0375,0,1,30.0,Gas,0.0,298.0,298.0,Fail,1791.6666666666667,179.16666666666669,59722.222222222226
Argon,1,90,115.0,0.58,100.0,100.0,43.46666666666667,0,1,30.0,Gas,0.0,298.0,298.0,Fail,1982.7586206896553,198.27586206896552,66091.95402298852
Argon,1,90,115.0,0.8,100.0,100.0,42.895833333333336,0,1,30.0,Gas,0.0,298.0,298.0,Fail,1437.5,143.75,47916.66666666667
Argon,1,90,155.0,0.58,100.0,100.0,42.325,0,1,30.0,Gas,0.0,298.0,298.0,Fail,2672.4137931034484,267.2413793103448,89080.45977011495
Argon,1,90,155.0,1.2,100.0,100.0,41.75416666666667,0,1,30.0,Gas,0.0,298.0,298.0,Fail,1291.6666666666667,129.16666666666669,43055.555555555555
Argon,1,90,155.0,1.6,100.0,100.0,41.18333333333334,0,1,30.0,Gas,0.0,298.0,298.0,Fail,968.75,96.875,32291.666666666668
Argon,1,90,215.0,1.6,100.0,100.0,40.612500000000004,0,1,30.0,Gas,0.0,298.0,298.0,Fail,1343.75,134.375,44791.66666666667
Argon,1,90,370.0,1.05,100.0,100.0,40.04166666666667,0,1,30.0,Gas,0.0,298.0,298.0,Fail,3523.809523809524,352.38095238095235,117460.31746031746
Argon,1,90,190.0,0.05,200.0,80.0,39.47083333333334,0,1,64.35455648926238,Gas,0.0,298.0,298.0,Fail,19000.0,3800.0,295239.38997497666
Argon,1,90,190.0,0.05,200.0,80.0,38.900000000000006,0,1,62.88788982259572,Gas,0.0,298.0,298.0,Fail,19000.0,3800.0,302124.9409639639
Argon,1,90,190.0,0.05,200.0,80.0,38.329166666666666,0,1,62.45788982259572,Gas,0.0,298.0,298.0,Fail,19000.0,3800.0,304204.96199867246
Argon,1,90,190.0,0.02,150.0,80.0,37.75833333333333,0,1,65.7506160968661,Gas,0.0,298.0,298.0,Fail,63333.33333333333,9500.0,963235.5876335588
Argon,1,90,190.0,0.15,150.0,80.0,37.1875,0,1,75.75433333333334,Gas,0.0,298.0,298.0,Fail,8444.444444444445,1266.6666666666667,111471.43764419784
Argon,1,90,190.0,0.2,150.0,80.0,36.61666666666667,0,1,68.93,Gas,0.0,298.0,298.0,Fail,6333.333333333334,950.0,91880.65186904589
Argon,1,90,190.0,0.25,150.0,80.0,36.045833333333334,0,1,49.653333333333336,Gas,0.0,298.0,298.0,Fail,5066.666666666667,760.0,102040.81632653062
Argon,1,90,190.0,0.3,150.0,80.0,35.475,0,1,44.05766666666666,Gas,0.0,298.0,298.0,Fail,4222.222222222223,633.3333333333334,95833.99534448539
Argon,1,90,190.0,0.35,150.0,80.0,34.90416666666667,0,1,40.08699999999998,Gas,0.0,298.0,298.0,Fail,3619.0476190476193,542.8571428571429,90279.8318419343
Argon,1,90,190.0,0.4,150.0,80.0,34.333333333333336,0,1,35.818444444444445,Gas,0.0,298.0,298.0,Fail,3166.666666666667,475.0,88408.82723364128
Argon,1,90,190.0,0.45,150.0,80.0,33.7625,0,1,32.20211111111111,Gas,0.0,298.0,298.0,Fail,2814.814814814815,422.22222222222223,87410.87828380243
Argon,1,90,190.0,0.5,150.0,80.0,33.19166666666667,0,1,30.873333333333335,Gas,0.0,298.0,298.0,Fail,2533.3333333333335,380.0,82055.71150939322
Argon,1,90,70.0,0.5,150.0,80.0,32.62083333333334,0,1,24.016666666666666,Gas,0.0,298.0,298.0,Fail,933.3333333333334,140.0,38861.901457321306
Argon,1,90,110.0,0.5,150.0,80.0,32.050000000000004,0,1,23.4,Gas,0.0,298.0,298.0,Fail,1466.6666666666667,220.0,62678.062678062684
Argon,1,90,150.0,0.5,150.0,80.0,31.47916666666667,0,1,27.136666666666667,Gas,0.0,298.0,298.0,Fail,2000.0,300.0,73701.01953077018
Argon,1,90,190.0,0.1,150.0,80.0,30.90833333333334,0,1,87.73333333333333,Gas,0.0,298.0,298.0,Fail,12666.666666666668,1900.0,144376.89969604864
Argon,1,90,190.0,0.1,300.0,80.0,30.337500000000006,0,1,63.150999999999996,Gas,0.0,298.0,298.0,Fail,6333.333333333334,1900.0,100288.72596369548
Argon,1,90,190.0,0.1,400.0,80.0,29.766666666666666,0,1,51.013333333333335,Gas,0.0,298.0,298.0,Fail,4750.0,1900.0,93112.91165708311
Argon,1,90,190.0,0.1,800.0,80.0,29.195833333333333,0,1,36.93333333333333,Gas,0.0,298.0,298.0,Fail,2375.0,1900.0,64305.05415162456
Argon,1,90,190.0,0.1,150.0,80.0,28.625,0,1,50.0,Gas,0.0,298.0,298.0,Fail,12666.666666666668,1900.0,253333.3333333333
Argon,1,90,190.0,0.1,150.0,80.0,28.054166666666667,0,1,100.0,Gas,0.0,298.0,298.0,Fail,12666.666666666668,1900.0,126666.66666666666
Argon,1,90,50.0,0.06,100.0,70.0,27.483333333333334,0,1,49.666666666666664,Gas,0.0,353.0,298.0,Fail,8333.333333333334,833.3333333333334,167785.23489932888
Argon,1,90,50.0,0.24,100.0,70.0,26.9125,0,1,38.3,Gas,0.0,353.0,298.0,Fail,2083.3333333333335,208.33333333333334,54395.126196692785
Argon,1,90,25.0,0.03,100.0,70.0,26.34166666666667,0,1,49.8,Gas,0.0,353.0,298.0,Fail,8333.333333333334,833.3333333333334,167336.0107095047
Argon,1,90,25.0,0.12,100.0,70.0,25.770833333333336,0,1,44.0,Gas,0.0,353.0,298.0,Fail,2083.3333333333335,208.33333333333334,47348.484848484855
Argon,1,90,25.0,0.02,100.0,70.0,25.2,0,1,50.0,Gas,0.0,353.0,298.0,Fail,12500.0,1250.0,250000.00000000003
Argon,1,90,12.5,0.02,100.0,70.0,25.2,0,1,50.0,Gas,0.0,353.0,298.0,Fail,6250.0,625.0,125000.00000000001
Argon,1,90,25.0,0.05,100.0,70.0,18.5,0,1,50.0,Gas,0.0,353.0,298.0,Fail,5000.0,500.0,100000.0
Argon,1,90,25.0,0.06,100.0,70.0,18.5,0,1,50.0,Gas,0.0,353.0,298.0,Fail,4166.666666666667,416.6666666666667,83333.33333333334
Argon,1,90,25.0,0.07,100.0,70.0,18.5,0,1,50.0,Gas,0.0,353.0,298.0,Fail,3571.428571428571,357.1428571428571,71428.57142857142
Argon,1,90,25.0,0.08,100.0,70.0,18.5,0,1,50.0,Gas,0.0,353.0,298.0,Fail,3125.0,312.5,62500.00000000001
Argon,1,90,25.0,0.09,100.0,70.0,18.5,0,1,50.0,Gas,0.0,353.0,298.0,Fail,2777.7777777777774,277.77777777777777,55555.555555555555
Argon,1,90,25.0,0.03,100.0,70.0,18.5,0,1,50.0,Gas,0.0,353.0,298.0,Fail,8333.333333333334,833.3333333333334,166666.6666666667
Argon,1,90,25.0,0.04,100.0,70.0,18.5,0,1,50.0,Gas,0.0,353.0,298.0,Fail,6250.0,625.0,125000.00000000001
Argon,1,90,25.0,0.1,100.0,70.0,18.5,0,1,50.0,Gas,0.0,353.0,298.0,Fail,2500.0,250.0,50000.0
Argon,1,90,25.0,0.11,100.0,70.0,18.5,0,1,50.0,Gas,0.0,353.0,298.0,Fail,2272.727272727273,227.27272727272728,45454.54545454546
Argon,1,90,25.0,0.12,100.0,70.0,18.5,0,1,50.0,Gas,0.0,353.0,298.0,Fail,2083.3333333333335,208.33333333333334,41666.66666666667
Argon,1,90,50.0,0.06,100.0,70.0,18.5,0,1,50.0,Gas,0.0,353.0,298.0,Fail,8333.333333333334,833.3333333333334,166666.6666666667
Argon,1,90,50.0,0.08,100.0,70.0,18.5,0,1,50.0,Gas,0.0,353.0,298.0,Fail,6250.0,625.0,125000.00000000001
Argon,1,90,50.0,0.1,100.0,70.0,18.5,0,1,50.0,Gas,0.0,353.0,298.0,Fail,5000.0,500.0,100000.0
Argon,1,90,50.0,0.12,100.0,70.0,18.5,0,1,50.0,Gas,0.0,353.0,298.0,Fail,4166.666666666667,416.6666666666667,83333.33333333334
Argon,1,90,50.0,0.14,100.0,70.0,18.5,0,1,50.0,Gas,0.0,353.0,298.0,Fail,3571.428571428571,357.1428571428571,71428.57142857142
Argon,1,90,50.0,0.16,100.0,70.0,18.5,0,1,50.0,Gas,0.0,353.0,298.0,Fail,3125.0,312.5,62500.00000000001
Argon,1,90,50.0,0.18,100.0,70.0,18.5,0,1,50.0,Gas,0.0,353.0,298.0,Fail,2777.7777777777774,277.77777777777777,55555.555555555555
Argon,1,90,50.0,0.2,100.0,70.0,18.5,0,1,50.0,Gas,0.0,353.0,298.0,Fail,2500.0,250.0,50000.0
Argon,1,90,50.0,0.22,100.0,70.0,18.5,0,1,50.0,Gas,0.0,353.0,298.0,Fail,2272.727272727273,227.27272727272728,45454.54545454546
Argon,1,90,50.0,0.24,100.0,70.0,18.5,0,1,50.0,Gas,0.0,353.0,298.0,Fail,2083.3333333333335,208.33333333333334,41666.66666666667
Argon,1,90,200.0,1.3,100.0,70.0,24.35,0,1,50.0,Gas,0.0,353.0,298.0,Fail,1538.4615384615383,153.84615384615384,30769.23076923077
Argon,1,90,50.0,0.08,100.0,70.0,30.2,0,1,50.0,Gas,0.0,353.0,298.0,Fail,6250.0,625.0,125000.00000000001
Argon,1,90,50.0,0.14,100.0,70.0,30.2,0,1,50.0,Gas,0.0,353.0,298.0,Fail,3571.428571428571,357.1428571428571,71428.57142857142
Argon,1,90,50.0,0.15,100.0,70.0,30.2,0,1,50.0,Gas,0.0,353.0,298.0,Fail,3333.3333333333335,333.33333333333337,66666.66666666667
Argon,1,90,50.0,0.1,100.0,70.0,30.2,0,1,50.0,Gas,0.0,353.0,298.0,Fail,5000.0,500.0,100000.0
Argon,1,90,50.0,0.12,100.0,70.0,30.2,0,1,50.0,Gas,0.0,353.0,298.0,Fail,4166.666666666667,416.6666666666667,83333.33333333334
Argon,1,90,50.0,0.16,100.0,70.0,30.2,0,1,50.0,Gas,0.0,353.0,298.0,Fail,3125.0,312.5,62500.00000000001
Argon,1,90,50.0,0.18,100.0,70.0,30.2,0,1,50.0,Gas,0.0,353.0,298.0,Fail,2777.7777777777774,277.77777777777777,55555.555555555555
Argon,1,90,50.0,0.2,100.0,70.0,30.2,0,1,50.0,Gas,0.0,353.0,298.0,Fail,2500.0,250.0,50000.0
Argon,1,90,150.0,0.1,50.0,70.0,31.022727272727273,0,1,50.0,Gas,0.0,298.0,298.0,Fail,30000.0,1500.0,600000.0
Argon,1,90,150.0,0.2,50.0,70.0,31.845454545454544,0,1,50.0,Gas,0.0,298.0,298.0,Fail,15000.0,750.0,300000.0
Argon,1,90,150.0,0.3,50.0,70.0,32.668181818181814,0,1,50.0,Gas,0.0,298.0,298.0,Fail,10000.0,500.0,200000.0
Argon,1,90,150.0,0.4,50.0,70.0,33.49090909090909,0,1,50.0,Gas,0.0,298.0,298.0,Fail,7500.0,375.0,150000.0
Argon,1,90,200.0,0.1,50.0,70.0,34.31363636363636,0,1,50.0,Gas,0.0,298.0,298.0,Fail,40000.0,2000.0,800000.0
Argon,1,90,200.0,0.2,50.0,70.0,35.13636363636363,0,1,50.0,Gas,0.0,298.0,298.0,Success,20000.0,1000.0,400000.0
Argon,1,90,200.0,0.3,50.0,70.0,35.95909090909091,0,1,50.0,Gas,0.0,298.0,298.0,Fail,13333.333333333334,666.6666666666667,266666.6666666667
Argon,1,90,200.0,0.4,50.0,70.0,36.78181818181818,0,1,50.0,Gas,0.0,298.0,298.0,Fail,10000.0,500.0,200000.0
Argon,1,90,250.0,0.1,50.0,70.0,37.60454545454545,0,1,50.0,Gas,0.0,298.0,298.0,Success,50000.0,2500.0,1000000.0
Argon,1,90,250.0,0.2,50.0,70.0,38.42727272727272,0,1,50.0,Gas,0.0,298.0,298.0,Success,25000.0,1250.0,500000.0
Argon,1,90,250.0,0.3,50.0,70.0,39.25,0,1,50.0,Gas,0.0,298.0,298.0,Fail,16666.666666666668,833.3333333333334,333333.3333333333
Argon,1,90,250.0,0.4,50.0,70.0,40.07272727272727,0,1,50.0,Gas,0.0,298.0,298.0,Fail,12500.0,625.0,250000.0
Argon,1,90,300.0,0.1,50.0,70.0,40.89545454545454,0,1,50.0,Gas,0.0,298.0,298.0,Success,60000.0,3000.0,1200000.0
Argon,1,90,300.0,0.2,50.0,70.0,41.71818181818182,0,1,50.0,Gas,0.0,298.0,298.0,Success,30000.0,1500.0,600000.0
Argon,1,90,300.0,0.3,50.0,70.0,42.54090909090909,0,1,50.0,Gas,0.0,298.0,298.0,Fail,20000.0,1000.0,400000.0
Argon,1,90,300.0,0.4,50.0,70.0,43.36363636363636,0,1,50.0,Gas,0.0,298.0,298.0,Fail,15000.0,750.0,300000.0
Argon,1,90,120.0,0.56,100.0,100.0,44.18636363636364,0,1,40.0,Gas,0.0,298.0,298.0,Fail,2142.8571428571427,214.28571428571428,53571.428571428565
Argon,1,90,100.0,0.56,100.0,100.0,45.00909090909091,0,1,40.0,Gas,0.0,298.0,298.0,Fail,1785.7142857142856,178.57142857142856,44642.85714285714
Argon,1,90,80.0,0.56,100.0,100.0,45.83181818181818,0,1,40.0,Gas,0.0,298.0,298.0,Fail,1428.5714285714284,142.85714285714283,35714.28571428571
Argon,1,90,80.0,0.7,100.0,100.0,46.654545454545456,0,1,40.0,Gas,0.0,298.0,298.0,Fail,1142.8571428571427,114.28571428571429,28571.428571428572
Argon,1,90,80.0,0.82,100.0,100.0,47.47727272727272,0,1,40.0,Gas,0.0,298.0,298.0,Fail,975.609756097561,97.5609756097561,24390.243902439026
Argon,1,90,50.0,0.15,100.0,80.0,48.3,0,1,25.0,Gas,0.0,298.0,298.0,Fail,3333.3333333333335,333.33333333333337,133333.33333333334
Argon,1,90,50.0,0.2,100.0,80.0,48.3,0,1,25.0,Gas,0.0,298.0,298.0,Fail,2500.0,250.0,100000.0
Argon,1,90,50.0,0.4,100.0,80.0,48.3,0,1,25.0,Gas,0.0,298.0,298.0,Fail,1250.0,125.0,50000.0
Argon,1,90,50.0,0.6,100.0,80.0,48.3,0,1,25.0,Gas,0.0,298.0,298.0,Fail,833.3333333333334,83.33333333333334,33333.333333333336
Argon,1,90,70.0,0.2,90.0,80.0,48.3,0,1,25.0,Gas,0.0,298.0,298.0,Fail,3888.8888888888882,350.0,155555.55555555556
Argon,1,90,70.0,0.3,67.0,80.0,48.3,0,1,25.0,Gas,0.0,298.0,298.0,Fail,3482.587064676617,233.33333333333334,139303.4825870647
Argon,1,90,70.0,0.4,100.0,80.0,48.3,0,1,25.0,Gas,0.0,298.0,298.0,Fail,1750.0,175.0,70000.0
Argon,1,90,70.0,0.6,100.0,80.0,48.3,0,1,25.0,Gas,0.0,298.0,298.0,Fail,1166.6666666666667,116.66666666666667,46666.666666666664
Argon,1,90,90.0,0.3,90.0,80.0,48.3,0,1,25.0,Gas,0.0,298.0,298.0,Fail,3333.3333333333335,300.0,133333.33333333334
Argon,1,90,90.0,0.4,100.0,80.0,48.3,0,1,25.0,Gas,0.0,298.0,298.0,Fail,2250.0,225.0,90000.0
Argon,1,90,90.0,0.6,100.0,80.0,48.3,0,1,25.0,Gas,0.0,298.0,298.0,Fail,1500.0,150.0,60000.0
Argon,1,90,400.0,0.6,100.0,100.0,33.88,0,1,45.0,Gas,0.0,298.0,298.0,Fail,6666.666666666667,666.6666666666667,148148.14814814818
Argon,1,90,400.0,0.9,100.0,100.0,33.88,0,1,45.0,Gas,0.0,298.0,298.0,Fail,4444.444444444444,444.44444444444446,98765.43209876544
Argon,1,90,400.0,1.2,100.0,100.0,33.88,0,1,45.0,Gas,0.0,298.0,298.0,Fail,3333.3333333333335,333.33333333333337,74074.07407407409
Argon,1,90,400.0,1.5,100.0,100.0,33.88,0,1,45.0,Gas,0.0,298.0,298.0,Fail,2666.666666666667,266.6666666666667,59259.25925925926
Argon,1,90,400.0,0.6,100.0,100.0,33.88,0,1,55.0,Gas,0.0,298.0,298.0,Fail,6666.666666666667,666.6666666666667,121212.12121212122
Argon,1,90,400.0,0.9,100.0,100.0,33.88,0,1,55.0,Gas,0.0,298.0,298.0,Fail,4444.444444444444,444.44444444444446,80808.08080808082
Argon,1,90,400.0,1.2,100.0,100.0,33.88,0,1,55.0,Gas,0.0,298.0,298.0,Fail,3333.3333333333335,333.33333333333337,60606.06060606061
Argon,1,90,400.0,1.5,100.0,100.0,33.88,0,1,55.0,Gas,0.0,298.0,298.0,Fail,2666.666666666667,266.6666666666667,48484.84848484848
Argon,1,90,400.0,0.6,100.0,100.0,33.88,0,1,65.0,Gas,0.0,298.0,298.0,Fail,6666.666666666667,666.6666666666667,102564.10256410256
Argon,1,90,400.0,0.9,100.0,100.0,33.88,0,1,65.0,Gas,0.0,298.0,298.0,Fail,4444.444444444444,444.44444444444446,68376.06837606838
Argon,1,90,400.0,1.2,100.0,100.0,33.88,0,1,65.0,Gas,0.0,298.0,298.0,Fail,3333.3333333333335,333.33333333333337,51282.05128205128
Argon,1,90,400.0,1.5,100.0,100.0,33.88,0,1,65.0,Gas,0.0,298.0,298.0,Fail,2666.666666666667,266.6666666666667,41025.64102564102
Argon,1,90,400.0,0.6,100.0,100.0,33.88,0,1,75.0,Gas,0.0,298.0,298.0,Fail,6666.666666666667,666.6666666666667,88888.88888888889
Argon,1,90,400.0,0.9,100.0,100.0,33.88,0,1,75.0,Gas,0.0,298.0,298.0,Fail,4444.444444444444,444.44444444444446,59259.25925925926
Argon,1,90,400.0,1.2,100.0,100.0,33.88,0,1,75.0,Gas,0.0,298.0,298.0,Fail,3333.3333333333335,333.33333333333337,44444.444444444445
Argon,1,90,400.0,1.5,100.0,100.0,33.88,0,1,75.0,Gas,0.0,298.0,298.0,Fail,2666.666666666667,266.6666666666667,35555.555555555555
Argon,1,90,100.0,0.5,50.0,80.0,34.2275,0,1,40.0,Gas,0.0,298.0,473.0,Fail,4000.0,200.0,100000.0
Argon,1,90,100.0,0.5,100.0,80.0,34.575,0,1,40.0,Gas,0.0,298.0,473.0,Fail,2000.0,200.0,50000.0
Argon,1,90,100.0,0.5,150.0,80.0,34.9225,0,1,40.0,Gas,0.0,298.0,473.0,Fail,1333.3333333333335,200.0,33333.333333333336
Argon,1,90,100.0,0.5,200.0,80.0,35.27,0,1,40.0,Gas,0.0,298.0,473.0,Fail,1000.0,200.0,25000.0
Argon,1,90,100.0,0.5,250.0,80.0,35.6175,0,1,40.0,Gas,0.0,298.0,473.0,Fail,800.0,200.0,20000.0
Argon,1,90,100.0,0.25,50.0,80.0,35.965,0,1,40.0,Gas,0.0,298.0,473.0,Fail,8000.0,400.0,200000.0
Argon,1,90,100.0,0.5,50.0,80.0,36.3125,0,1,40.0,Gas,0.0,298.0,473.0,Fail,4000.0,200.0,100000.0
Argon,1,90,100.0,0.75,50.0,80.0,36.660000000000004,0,1,40.0,Gas,0.0,298.0,473.0,Fail,2666.666666666667,133.33333333333334,66666.66666666667
Argon,1,90,100.0,1.0,50.0,80.0,37.0075,0,1,40.0,Gas,0.0,298.0,473.0,Fail,2000.0,100.0,50000.0
Argon,1,90,100.0,0.25,50.0,80.0,37.355000000000004,0,1,40.0,Gas,0.0,298.0,473.0,Fail,8000.0,400.0,200000.0
Argon,1,90,100.0,0.5,100.0,80.0,37.7025,0,1,40.0,Gas,0.0,298.0,473.0,Fail,2000.0,200.0,50000.0
Argon,1,90,100.0,0.75,100.0,80.0,38.050000000000004,0,1,40.0,Gas,0.0,298.0,473.0,Fail,1333.3333333333335,133.33333333333334,33333.333333333336
Argon,1,90,100.0,1.0,100.0,80.0,38.3975,0,1,40.0,Gas,0.0,298.0,473.0,Fail,1000.0,100.0,25000.0
Argon,1,90,100.0,0.5,100.0,80.0,38.745000000000005,0,1,40.0,Gas,0.0,298.0,473.0,Fail,2000.0,200.0,50000.0
Argon,1,90,100.0,0.75,100.0,80.0,39.0925,0,1,40.0,Gas,0.0,298.0,473.0,Fail,1333.3333333333335,133.33333333333334,33333.333333333336
Argon,1,90,100.0,1.0,100.0,80.0,39.44,0,1,40.0,Gas,0.0,298.0,473.0,Fail,1000.0,100.0,25000.0
Argon,1,90,100.0,0.5,50.0,80.0,39.7875,0,1,40.0,Gas,0.0,298.0,473.0,Fail,4000.0,200.0,100000.0
Argon,1,90,100.0,0.75,50.0,80.0,40.135000000000005,0,1,40.0,Gas,0.0,298.0,473.0,Fail,2666.666666666667,133.33333333333334,66666.66666666667
Argon,1,90,100.0,1.0,50.0,80.0,40.4825,0,1,40.0,Gas,0.0,298.0,473.0,Fail,2000.0,100.0,50000.0
Argon,1,90,100.0,0.5,50.0,80.0,40.83,0,1,40.0,Gas,0.0,298.0,473.0,Fail,4000.0,200.0,100000.0
Argon,1,90,100.0,0.75,50.0,80.0,41.1775,0,1,40.0,Gas,0.0,298.0,473.0,Fail,2666.666666666667,133.33333333333334,66666.66666666667
Argon,1,90,100.0,1.0,50.0,80.0,41.525,0,1,40.0,Gas,0.0,298.0,473.0,Fail,2000.0,100.0,50000.0
Argon,1,90,100.0,0.5,100.0,80.0,41.8725,0,1,40.0,Gas,0.0,298.0,473.0,Fail,2000.0,200.0,50000.0
Argon,1,90,100.0,0.75,100.0,80.0,42.22,0,1,40.0,Gas,0.0,298.0,473.0,Fail,1333.3333333333335,133.33333333333334,33333.333333333336
Argon,1,90,100.0,1.0,100.0,80.0,42.5675,0,1,40.0,Gas,0.0,298.0,473.0,Fail,1000.0,100.0,25000.0
Argon,1,90,100.0,0.5,50.0,80.0,42.915,0,1,40.0,Gas,0.0,298.0,473.0,Fail,4000.0,200.0,100000.0
Argon,1,90,100.0,0.75,50.0,80.0,43.2625,0,1,40.0,Gas,0.0,298.0,473.0,Fail,2666.666666666667,133.33333333333334,66666.66666666667
Argon,1,90,100.0,1.0,50.0,80.0,43.61,0,1,40.0,Gas,0.0,298.0,473.0,Fail,2000.0,100.0,50000.0
Argon,1,90,100.0,0.5,50.0,80.0,43.957499999999996,0,1,40.0,Gas,0.0,298.0,473.0,Fail,4000.0,200.0,100000.0
Argon,1,90,100.0,0.75,50.0,80.0,44.305,0,1,40.0,Gas,0.0,298.0,473.0,Fail,2666.666666666667,133.33333333333334,66666.66666666667
Argon,1,90,100.0,1.0,50.0,80.0,44.6525,0,1,40.0,Gas,0.0,298.0,473.0,Fail,2000.0,100.0,50000.0
Argon,1,0,250.0,0.5,150.0,200.0,45.0,0,1,50.0,Gas,0.0,298.0,303.0,Fail,3333.3333333333335,500.0,66666.66666666667
Argon,1,90,250.0,0.5,150.0,200.0,45.0,0,1,50.0,Gas,0.0,298.0,303.0,Fail,3333.3333333333335,500.0,66666.66666666667
Argon,1,45,250.0,0.5,150.0,200.0,45.0,0,1,50.0,Gas,0.0,298.0,303.0,Fail,3333.3333333333335,500.0,66666.66666666667
Argon,1,0,250.0,0.5,150.0,200.0,45.0,0,1,50.0,Gas,0.0,298.0,573.0,Fail,3333.3333333333335,500.0,66666.66666666667
Argon,1,90,250.0,0.5,150.0,200.0,45.0,0,1,50.0,Gas,0.0,298.0,573.0,Fail,3333.3333333333335,500.0,66666.66666666667
Argon,1,45,250.0,0.5,150.0,200.0,45.0,0,1,50.0,Gas,0.0,298.0,573.0,Fail,3333.3333333333335,500.0,66666.66666666667
Argon,1,90,170.0,1.4,100.0,140.0,45.32222222222222,0,1,30.0,Gas,0.0,298.0,298.0,Fail,1214.2857142857142,121.42857142857143,40476.19047619048
Argon,1,90,170.0,1.4,100.0,140.0,45.644444444444446,0,1,30.0,Gas,0.0,298.0,298.0,Fail,1214.2857142857142,121.42857142857143,40476.19047619048
Argon,1,90,170.0,1.4,100.0,140.0,45.96666666666667,0,1,30.0,Gas,0.0,298.0,298.0,Fail,1214.2857142857142,121.42857142857143,40476.19047619048
Argon,1,90,170.0,1.4,100.0,140.0,46.28888888888889,0,1,30.0,Gas,0.0,298.0,298.0,Fail,1214.2857142857142,121.42857142857143,40476.19047619048
Argon,1,90,170.0,1.4,100.0,140.0,46.61111111111111,0,1,30.0,Gas,0.0,298.0,298.0,Fail,1214.2857142857142,121.42857142857143,40476.19047619048
Argon,1,90,170.0,1.4,100.0,140.0,46.93333333333333,0,1,30.0,Gas,0.0,298.0,298.0,Fail,1214.2857142857142,121.42857142857143,40476.19047619048
Argon,1,90,170.0,1.4,100.0,140.0,47.25555555555555,0,1,30.0,Gas,0.0,298.0,298.0,Fail,1214.2857142857142,121.42857142857143,40476.19047619048
Argon,1,90,170.0,1.4,100.0,140.0,47.577777777777776,0,1,30.0,Gas,0.0,298.0,298.0,Fail,1214.2857142857142,121.42857142857143,40476.19047619048
Argon,1,90,400.0,1.0,100.0,200.0,47.9,0,1,45.09166666666667,Gas,0.0,298.0,298.0,Fail,4000.0,400.0,88708.18702642765
Argon,1,90,400.0,1.0,100.0,200.0,44.9,0,1,44.475,Gas,0.0,298.0,298.0,Fail,4000.0,400.0,89938.16750983699
Argon,1,90,400.0,1.0,100.0,200.0,43.2,0,1,44.41722222222223,Gas,0.0,298.0,298.0,Fail,4000.0,400.0,90055.15878475565
Nitrogen,1,0,250.0,1.302,120.0,70.0,43.218947368421055,0,0.9,30.0,Gas,0.0,298.0,298.0,Fail,1600.1024065540194,192.01228878648232,53336.74688513397
Nitrogen,1,0,275.0,1.432,120.0,70.0,43.23789473684211,0,0.9,30.0,Gas,0.0,298.0,298.0,Fail,1600.3258845437615,192.0391061452514,53344.196151458724
Nitrogen,1,0,300.0,1.563,120.0,70.0,43.25684210526316,0,0.9,30.0,Gas,0.0,298.0,298.0,Fail,1599.4881637875878,191.93857965451056,53316.27212625294
Nitrogen,1,0,325.0,1.693,120.0,70.0,43.27578947368421,0,0.9,30.0,Gas,0.0,298.0,298.0,Fail,1599.724355188029,191.9669226225635,53324.1451729343
Nitrogen,1,0,350.0,1.823,120.0,70.0,43.294736842105266,0,0.9,30.0,Gas,0.0,298.0,298.0,Fail,1599.9268604863778,191.99122325836532,53330.895349545935
Nitrogen,1,0,250.0,1.042,120.0,70.0,43.31368421052632,0,0.9,30.0,Gas,0.0,298.0,298.0,Fail,1999.3602047344848,239.92322456813818,66645.34015781616
Nitrogen,1,0,275.0,1.146,120.0,70.0,43.33263157894737,0,0.9,30.0,Gas,0.0,298.0,298.0,Fail,1999.709133216987,239.96509598603842,66656.9711072329
Nitrogen,1,0,300.0,1.25,120.0,70.0,43.351578947368424,0,0.9,30.0,Gas,0.0,298.0,298.0,Fail,2000.0,240.0,66666.66666666667
Nitrogen,1,0,325.0,1.354,120.0,70.0,43.370526315789476,0,0.9,30.0,Gas,0.0,298.0,298.0,Fail,2000.246184145741,240.0295420974889,66674.87280485804
Nitrogen,1,0,350.0,1.458,120.0,70.0,43.38947368421053,0,0.9,30.0,Gas,0.0,298.0,298.0,Fail,2000.4572473708276,240.05486968449932,66681.90824569426
Nitrogen,1,0,250.0,0.868,120.0,70.0,43.40842105263158,0,0.9,30.0,Gas,0.0,298.0,298.0,Fail,2400.153609831029,288.0184331797235,80005.12032770098
Nitrogen,1,0,275.0,0.955,120.0,70.0,43.427368421052634,0,0.9,30.0,Gas,0.0,298.0,298.0,Fail,2399.650959860384,287.9581151832461,79988.36532867947
Nitrogen,1,0,300.0,1.042,120.0,70.0,43.44631578947369,0,0.9,30.0,Gas,0.0,298.0,298.0,Fail,2399.2322456813818,287.90786948176583,79974.40818937939
Nitrogen,1,0,325.0,1.128,120.0,70.0,43.46526315789474,0,0.9,30.0,Gas,0.0,298.0,298.0,Fail,2401.004728132388,288.12056737588654,80033.49093774626
Nitrogen,1,0,350.0,1.215,120.0,70.0,43.48421052631579,0,0.9,30.0,Gas,0.0,298.0,298.0,Fail,2400.5486968449927,288.06584362139915,80018.28989483311
Nitrogen,1,0,250.0,0.744,120.0,70.0,43.503157894736844,0,0.9,30.0,Gas,0.0,298.0,298.0,Fail,2800.179211469534,336.02150537634407,93339.30704898447
Nitrogen,1,0,275.0,0.818,120.0,70.0,43.5221052631579,0,0.9,30.0,Gas,0.0,298.0,298.0,Fail,2801.548492257539,336.18581907090464,93384.94974191797
Nitrogen,1,0,300.0,0.893,120.0,70.0,43.54105263157895,0,0.9,30.0,Gas,0.0,298.0,298.0,Fail,2799.552071668533,335.94624860022395,93318.40238895112
Nitrogen,1,0,325.0,0.967,120.0,70.0,43.56,0,0.9,30.0,Gas,0.0,298.0,298.0,Fail,2800.7583591864877,336.0910031023785,93358.61197288292
Nitrogen,1,0,350.0,1.042,120.0,70.0,43.578947368421055,0,0.9,30.0,Gas,0.0,298.0,298.0,Fail,2799.1042866282787,335.89251439539345,93303.47622094263
Nitrogen,1,0,250.0,0.651,120.0,70.0,43.59789473684211,0,0.9,30.0,Gas,0.0,298.0,298.0,Fail,3200.2048131080387,384.02457757296463,106673.49377026795
Nitrogen,1,0,275.0,0.716,120.0,70.0,43.61684210526316,0,0.9,30.0,Gas,0.0,298.0,298.0,Fail,3200.651769087523,384.0782122905028,106688.39230291745
Nitrogen,1,0,300.0,0.781,120.0,70.0,43.63578947368421,0,0.9,30.0,Gas,0.0,298.0,298.0,Fail,3201.0243277848913,384.1229193341869,106700.81092616306
Nitrogen,1,0,325.0,0.846,120.0,70.0,43.654736842105265,0,0.9,30.0,Gas,0.0,298.0,298.0,Fail,3201.3396375098505,384.16075650118205,106711.32125032834
Nitrogen,1,0,350.0,0.911,120.0,70.0,43.67368421052632,0,0.9,30.0,Gas,0.0,298.0,298.0,Fail,3201.609952433223,384.1931942919868,106720.33174777411
Nitrogen,1,0,275.0,0.818,120.0,70.0,43.69263157894737,0,0.9,30.0,Gas,0.0,298.0,298.0,Fail,2801.548492257539,336.18581907090464,93384.94974191797
Nitrogen,1,0,275.0,0.818,120.0,70.0,43.71157894736842,0,0.9,30.0,Gas,0.0,298.0,298.0,Fail,2801.548492257539,336.18581907090464,93384.94974191797
Nitrogen,1,0,275.0,0.818,120.0,70.0,43.730526315789476,0,0.9,30.0,Gas,0.0,298.0,298.0,Fail,2801.548492257539,336.18581907090464,93384.94974191797
Nitrogen,1,0,275.0,0.818,120.0,70.0,43.74947368421053,0,0.9,30.0,Gas,0.0,298.0,298.0,Fail,2801.548492257539,336.18581907090464,93384.94974191797
Nitrogen,1,0,275.0,0.818,120.0,70.0,43.76842105263158,0,0.9,30.0,Gas,0.0,298.0,298.0,Fail,2801.548492257539,336.18581907090464,93384.94974191797
Nitrogen,1,0,275.0,0.818,120.0,70.0,43.78736842105263,0,0.9,30.0,Gas,0.0,298.0,298.0,Fail,2801.548492257539,336.18581907090464,93384.94974191797
Nitrogen,1,0,275.0,0.818,120.0,70.0,43.806315789473686,0,0.9,30.0,Gas,0.0,298.0,298.0,Fail,2801.548492257539,336.18581907090464,93384.94974191797
Nitrogen,1,0,275.0,0.818,120.0,70.0,43.82526315789474,0,0.9,30.0,Gas,0.0,298.0,298.0,Fail,2801.548492257539,336.18581907090464,93384.94974191797
Nitrogen,1,90,275.0,0.818,120.0,70.0,43.84421052631579,0,0.9,30.0,Gas,0.0,298.0,298.0,Fail,2801.548492257539,336.18581907090464,93384.94974191797
Nitrogen,1,90,275.0,0.818,120.0,70.0,43.863157894736844,0,0.9,30.0,Gas,0.0,298.0,298.0,Fail,2801.548492257539,336.18581907090464,93384.94974191797
Nitrogen,1,90,275.0,0.818,120.0,70.0,43.8821052631579,0,0.9,30.0,Gas,0.0,298.0,298.0,Fail,2801.548492257539,336.18581907090464,93384.94974191797
Nitrogen,1,90,275.0,0.818,120.0,70.0,43.90105263157895,0,0.9,30.0,Gas,0.0,298.0,298.0,Fail,2801.548492257539,336.18581907090464,93384.94974191797
Nitrogen,1,90,275.0,0.818,120.0,70.0,43.92,0,0.9,30.0,Gas,0.0,298.0,298.0,Fail,2801.548492257539,336.18581907090464,93384.94974191797
Nitrogen,1,90,275.0,0.818,120.0,70.0,43.938947368421054,0,0.9,30.0,Gas,0.0,298.0,298.0,Fail,2801.548492257539,336.18581907090464,93384.94974191797
Nitrogen,1,90,275.0,0.818,120.0,70.0,43.95789473684211,0,0.9,30.0,Gas,0.0,298.0,298.0,Fail,2801.548492257539,336.18581907090464,93384.94974191797
Nitrogen,1,90,275.0,0.818,120.0,70.0,43.97684210526316,0,0.9,30.0,Gas,0.0,298.0,298.0,Fail,2801.548492257539,336.18581907090464,93384.94974191797
Argon,1,90,370.0,0.7,100.0,180.0,43.99578947368421,0,1,40.0,Gas,0.0,298.0,298.0,Fail,5285.714285714285,528.5714285714286,132142.85714285713
Argon,1,90,370.0,0.7,100.0,180.0,44.014736842105265,0,1,40.0,Gas,0.0,298.0,298.0,Fail,5285.714285714285,528.5714285714286,132142.85714285713
Argon,1,90,370.0,0.7,100.0,180.0,44.03368421052632,0,1,40.0,Gas,0.0,298.0,298.0,Fail,5285.714285714285,528.5714285714286,132142.85714285713
Argon,1,90,370.0,0.7,100.0,180.0,44.05263157894737,0,1,40.0,Gas,0.0,298.0,298.0,Fail,5285.714285714285,528.5714285714286,132142.85714285713
Argon,1,90,370.0,0.7,100.0,180.0,44.07157894736842,0,1,40.0,Gas,0.0,298.0,298.0,Fail,5285.714285714285,528.5714285714286,132142.85714285713
Argon,1,90,370.0,0.7,100.0,180.0,44.090526315789475,0,1,40.0,Gas,0.0,298.0,298.0,Fail,5285.714285714285,528.5714285714286,132142.85714285713
Argon,1,90,370.0,0.7,100.0,180.0,44.10947368421053,0,1,40.0,Gas,0.0,298.0,298.0,Fail,5285.714285714285,528.5714285714286,132142.85714285713
Argon,1,90,370.0,0.7,100.0,180.0,44.12842105263158,0,1,40.0,Gas,0.0,298.0,298.0,Fail,5285.714285714285,528.5714285714286,132142.85714285713
Argon,1,90,370.0,0.7,100.0,180.0,44.14736842105263,0,1,40.0,Gas,0.0,298.0,298.0,Fail,5285.714285714285,528.5714285714286,132142.85714285713
Argon,1,90,180.0,0.1,100.0,92.0,44.166315789473686,0,1,50.0,Gas,0.0,298.0,298.0,Fail,18000.0,1800.0,360000.0
Argon,1,90,180.0,0.2,100.0,92.0,44.18526315789474,0,1,50.0,Gas,0.0,298.0,298.0,Fail,9000.0,900.0,180000.0
Argon,1,90,180.0,0.3,100.0,92.0,44.20421052631579,0,1,50.0,Gas,0.0,298.0,298.0,Fail,6000.0,600.0,120000.0
Argon,1,90,180.0,0.4,100.0,92.0,44.22315789473684,0,1,50.0,Gas,0.0,298.0,298.0,Fail,4500.0,450.0,90000.0
Argon,1,90,180.0,0.5,100.0,92.0,44.242105263157896,0,1,50.0,Gas,0.0,298.0,298.0,Fail,3600.0,360.0,72000.0
Argon,1,90,180.0,0.6,100.0,92.0,44.26105263157895,0,1,50.0,Gas,0.0,298.0,298.0,Fail,3000.0,300.0,60000.0
Argon,1,90,180.0,0.8,100.0,92.0,44.28,0,1,50.0,Gas,0.0,298.0,298.0,Fail,2250.0,225.0,45000.0
Argon,1,90,180.0,1.0,100.0,92.0,44.298947368421054,0,1,50.0,Gas,0.0,298.0,298.0,Fail,1800.0,180.0,36000.0
Argon,1,90,180.0,1.5,100.0,92.0,44.317894736842106,0,1,50.0,Gas,0.0,298.0,298.0,Fail,1200.0,120.0,24000.0
Argon,1,90,180.0,2.0,100.0,92.0,44.33684210526316,0,1,50.0,Gas,0.0,298.0,298.0,Fail,900.0,90.0,18000.0
Argon,1,90,40.0,0.2,100.0,92.0,44.35578947368421,0,1,50.0,Gas,0.0,298.0,298.0,Fail,2000.0,200.0,40000.0
Argon,1,90,60.0,0.2,100.0,92.0,44.374736842105264,0,1,50.0,Gas,0.0,298.0,298.0,Fail,3000.0,300.0,60000.0
Argon,1,90,80.0,0.2,100.0,92.0,44.39368421052632,0,1,50.0,Gas,0.0,298.0,298.0,Fail,4000.0,400.0,80000.0
Argon,1,90,100.0,0.2,100.0,92.0,44.41263157894737,0,1,50.0,Gas,0.0,298.0,298.0,Fail,5000.0,500.0,100000.0
Argon,1,90,120.0,0.2,100.0,92.0,44.43157894736842,0,1,50.0,Gas,0.0,298.0,298.0,Fail,6000.0,600.0,120000.0
Argon,1,90,140.0,0.2,100.0,92.0,44.450526315789475,0,1,50.0,Gas,0.0,298.0,298.0,Fail,7000.0,700.0,140000.0
Argon,1,90,160.0,0.2,100.0,92.0,44.46947368421053,0,1,50.0,Gas,0.0,298.0,298.0,Fail,8000.0,800.0,160000.0
Argon,1,90,180.0,0.2,100.0,92.0,44.48842105263158,0,1,50.0,Gas,0.0,298.0,298.0,Fail,9000.0,900.0,180000.0
Argon,1,90,200.0,0.2,100.0,92.0,44.50736842105263,0,1,50.0,Gas,0.0,298.0,298.0,Fail,10000.0,1000.0,200000.0
Argon,1,90,220.0,0.2,100.0,92.0,44.526315789473685,0,1,50.0,Gas,0.0,298.0,298.0,Fail,11000.0,1100.0,220000.0
Argon,1,90,180.0,0.1,100.0,92.0,44.54526315789474,0,1,50.0,Gas,0.0,298.0,298.0,Fail,18000.0,1800.0,360000.0
Argon,1,90,180.0,0.2,100.0,92.0,44.56421052631579,0,1,50.0,Gas,0.0,298.0,298.0,Fail,9000.0,900.0,180000.0
Argon,1,90,180.0,0.3,100.0,92.0,44.58315789473684,0,1,50.0,Gas,0.0,298.0,298.0,Fail,6000.0,600.0,120000.0
Argon,1,90,180.0,0.4,100.0,92.0,44.602105263157895,0,1,50.0,Gas,0.0,298.0,298.0,Fail,4500.0,450.0,90000.0
Argon,1,90,180.0,0.5,100.0,92.0,44.62105263157895,0,1,50.0,Gas,0.0,298.0,298.0,Fail,3600.0,360.0,72000.0
Argon,1,90,180.0,0.6,100.0,92.0,44.64,0,1,50.0,Gas,0.0,298.0,298.0,Fail,3000.0,300.0,60000.0
Argon,1,90,180.0,0.8,100.0,92.0,44.65894736842105,0,1,50.0,Gas,0.0,298.0,298.0,Fail,2250.0,225.0,45000.0
Argon,1,90,180.0,1.0,100.0,92.0,44.677894736842106,0,1,50.0,Gas,0.0,298.0,298.0,Fail,1800.0,180.0,36000.0
Argon,1,90,180.0,1.5,100.0,92.0,44.69684210526316,0,1,50.0,Gas,0.0,298.0,298.0,Fail,1200.0,120.0,24000.0
Argon,1,90,180.0,2.0,100.0,92.0,44.71578947368421,0,1,50.0,Gas,0.0,298.0,298.0,Fail,900.0,90.0,18000.0
Argon,1,90,40.0,0.2,100.0,92.0,44.734736842105264,0,1,50.0,Gas,0.0,298.0,298.0,Fail,2000.0,200.0,40000.0
Argon,1,90,60.0,0.2,100.0,92.0,44.753684210526316,0,1,50.0,Gas,0.0,298.0,298.0,Fail,3000.0,300.0,60000.0
Argon,1,90,80.0,0.2,100.0,92.0,44.77263157894737,0,1,50.0,Gas,0.0,298.0,298.0,Fail,4000.0,400.0,80000.0
Argon,1,90,100.0,0.2,100.0,92.0,44.79157894736842,0,1,50.0,Gas,0.0,298.0,298.0,Fail,5000.0,500.0,100000.0
Argon,1,90,120.0,0.2,100.0,92.0,44.810526315789474,0,1,50.0,Gas,0.0,298.0,298.0,Fail,6000.0,600.0,120000.0
Argon,1,90,140.0,0.2,100.0,92.0,44.82947368421053,0,1,50.0,Gas,0.0,298.0,298.0,Fail,7000.0,700.0,140000.0
Argon,1,90,160.0,0.2,100.0,92.0,44.84842105263158,0,1,50.0,Gas,0.0,298.0,298.0,Fail,8000.0,800.0,160000.0
Argon,1,90,180.0,0.2,100.0,92.0,44.86736842105263,0,1,50.0,Gas,0.0,298.0,298.0,Fail,9000.0,900.0,180000.0
Argon,1,90,200.0,0.2,100.0,92.0,44.886315789473684,0,1,50.0,Gas,0.0,298.0,298.0,Fail,10000.0,1000.0,200000.0
Argon,1,90,220.0,0.2,100.0,92.0,44.90526315789474,0,1,50.0,Gas,0.0,298.0,298.0,Fail,11000.0,1100.0,220000.0
Argon,1,90,200.0,0.5,100.0,80.0,44.92421052631579,0,1,42.172999999999995,Gas,0.0,298.0,298.0,Fail,4000.0,400.0,94847.41422236977
Argon,1,90,200.0,0.6,100.0,80.0,44.94315789473684,0,1,43.39,Gas,0.0,298.0,298.0,Fail,3333.3333333333335,333.33333333333337,76822.61657832065
Argon,1,90,200.0,0.7,100.0,80.0,44.962105263157895,0,1,41.11,Gas,0.0,298.0,298.0,Fail,2857.142857142857,285.7142857142857,69499.9478750391
Argon,1,90,200.0,0.8,100.0,80.0,44.98105263157895,0,1,36.973333333333336,Gas,0.0,298.0,298.0,Fail,2500.0,250.0,67616.30003606202
Argon,1,90,400.0,1.0,160.0,100.0,45.0,0,1,50.0,Gas,0.0,298.0,298.0,Fail,2500.0,400.0,50000.0
Argon,1,45,400.0,1.0,160.0,100.0,45.0,0,1,50.0,Gas,0.0,298.0,298.0,Fail,2500.0,400.0,50000.0
Argon,1,90,285.0,1.2,140.0,70.0,45.0,0,1,30.0,Gas,0.0,298.0,298.0,Fail,1696.4285714285713,237.5,56547.61904761905
Argon,1,90,220.0,0.756,100.0,100.0,45.0,0,1,40.0,Argon,0.0,298.0,298.0,Fail,2910.05291005291,291.005291005291,72751.32275132276
Argon,1,90,195.0,0.333,100.0,100.0,36.7,0,1,30.0,Gas,0.0,298.0,298.0,Fail,5855.855855855855,585.5855855855856,195195.19519519518
Argon,1,90,195.0,0.333,110.0,100.0,36.7,0,0.8,20.0,Gas,0.0,298.0,298.0,Fail,5323.505323505323,585.5855855855856,266175.2661752662
Argon,1,90,195.0,0.333,127.5,100.0,36.7,0,0.8,20.0,Gas,0.0,298.0,298.0,Fail,4592.828122239886,585.5855855855856,229641.40611199435
Argon,1,90,195.0,0.333,75.0,100.0,36.7,0,0.8,20.0,Gas,0.0,298.0,298.0,Fail,7807.807807807808,585.5855855855856,390390.3903903904
Argon,1,90,195.0,0.333,145.0,100.0,36.7,0,0.8,20.0,Gas,0.0,298.0,298.0,Success,4038.5212799005903,585.5855855855856,201926.06399502952
Argon,1,90,195.0,0.333,180.0,100.0,36.7,0,0.8,20.0,Gas,0.0,298.0,298.0,Success,3253.2532532532528,585.5855855855856,162662.66266266265
Argon,1,90,70.0,0.5,70.0,75.0,38.36,0,0.9,30.0,Nitrogen,0.0,298.0,298.0,Success,1999.9999999999998,140.0,66666.66666666667
Argon,1,90,70.0,0.5,70.0,75.0,40.02,0,0.9,30.0,Nitrogen,0.0,298.0,298.0,Success,1999.9999999999998,140.0,66666.66666666667
Argon,1,90,70.0,0.5,70.0,75.0,41.68,0,0.8,30.0,Nitrogen,0.0,298.0,298.0,Success,1999.9999999999998,140.0,66666.66666666667
Argon,1,90,70.0,0.5,70.0,75.0,43.34,0,0.7,30.0,Nitrogen,0.0,298.0,298.0,Fail,1999.9999999999998,140.0,66666.66666666667
Argon,1,90,70.0,0.5,70.0,75.0,45.0,0,0.9,30.0,Nitrogen,0.0,298.0,298.0,Success,1999.9999999999998,140.0,66666.66666666667
Argon,1,90,70.0,0.5,70.0,75.0,63.0,0,0.9,30.0,Nitrogen,0.0,298.0,298.0,Success,1999.9999999999998,140.0,66666.66666666667
Argon,1,90,70.0,0.5,70.0,75.0,63.0,0,0.8,30.0,Nitrogen,0.0,298.0,298.0,Success,1999.9999999999998,140.0,66666.66666666667
Argon,1,90,70.0,0.5,70.0,75.0,63.0,0,0.7,30.0,Nitrogen,0.0,298.0,298.0,Fail,1999.9999999999998,140.0,66666.66666666667
Gas,1,90,150.0,0.8,80.0,70.0,58.9,0,0.9,30.0,Gas,0.0,298.0,298.0,Fail,2343.75,187.5,78125.0
Gas,1,90,150.0,0.8,80.0,70.0,54.8,0,0.7,30.0,Gas,1.0,298.0,298.0,Fail,2343.75,187.5,78125.0
Gas,1,90,150.0,0.8,80.0,70.0,50.7,0,0.6,30.0,Gas,2.0,298.0,298.0,Fail,2343.75,187.5,78125.0
Gas,1,90,150.0,0.8,80.0,70.0,46.599999999999994,0,0.5,30.0,Gas,3.0,298.0,298.0,Fail,2343.75,187.5,78125.0
Gas,1,90,150.0,0.8,80.0,70.0,42.5,0,0.4,30.0,Gas,4.0,298.0,298.0,Fail,2343.75,187.5,78125.0
Gas,1,90,150.0,0.8,80.0,70.0,38.4,0,0.3,30.0,Gas,5.0,298.0,298.0,Fail,2343.75,187.5,78125.0
Argon,1,90,360.0,0.6,60.0,100.0,34.3,0,0.7,20.0,Gas,0.0,298.0,298.0,Success,9999.999999999998,600.0,500000.00000000006
Argon,1,90,360.0,0.65,60.0,100.0,34.3,N11,0.7,20.0,Gas,0.0,298.0,298.0,Success,9230.76923076923,553.8461538461538,461538.46153846156
Argon,1,90,360.0,0.65,60.0,100.0,34.3,N12,0.7,20.0,Gas,0.0,298.0,298.0,Success,9230.76923076923,553.8461538461538,461538.46153846156
Argon,1,90,360.0,0.65,60.0,100.0,34.3,N13,0.7,20.0,Gas,0.0,298.0,298.0,Fail,9230.76923076923,553.8461538461538,461538.46153846156
Argon,1,90,285.0,0.96,110.0,100.0,45.0,0,0.7,40.0,Gas,0.0,298.0,313.0,Success,2698.8636363636365,296.875,67471.59090909091
Argon,1,90,300.0,2.5,80.0,80.0,53.0,0,1,20.066666666666666,Gas,0.0,298.0,298.0,Fail,1500.0,120.0,74750.83056478406
Argon,1,90,400.0,0.597,100.0,80.0,49.3,0,1,30.0,Gas,0.0,298.0,298.0,Fail,6700.167504187605,670.0167504187605,223338.91680625355
Argon,1,90,400.0,0.597,100.0,80.0,52.0,0,1,30.0,Gas,0.0,298.0,298.0,Fail,6700.167504187605,670.0167504187605,223338.91680625355
Argon,1,90,400.0,0.597,100.0,80.0,28.2,0,1,30.0,Gas,0.0,298.0,298.0,Fail,6700.167504187605,670.0167504187605,223338.91680625355
Argon,1,90,240.0,2.0,100.0,80.0,33.3125,0,1,40.0,Gas,0.0,298.0,298.0,Fail,1200.0,120.0,30000.0
Argon,1,90,300.0,0.005,100.0,1500.0,38.425,0,1,362.0,Gas,0.0,298.0,298.0,Fail,600000.0,60000.0,1657458.5635359117
Argon,1,90,300.0,0.005,100.0,1500.0,43.537499999999994,0,1,362.0,Gas,0.0,298.0,298.0,Fail,600000.0,60000.0,1657458.5635359117
Argon,1,90,300.0,0.005,100.0,1500.0,48.64999999999999,0,1,362.0,Gas,0.0,298.0,298.0,Fail,600000.0,60000.0,1657458.5635359117
Argon,1,90,450.0,0.01,100.0,1500.0,53.76249999999999,0,1,364.6666666666667,Gas,0.0,298.0,298.0,Fail,450000.0,45000.0,1234003.6563071297
Argon,1,90,450.0,0.01,100.0,1500.0,58.87499999999999,0,1,341.3333333333333,Gas,0.0,298.0,298.0,Fail,450000.0,45000.0,1318359.3750000002
Argon,1,90,450.0,0.01,100.0,1500.0,63.9875,0,1,338.1666666666667,Gas,0.0,298.0,298.0,Fail,450000.0,45000.0,1330704.780680138
Argon,1,90,400.0,4.0,90.0,90.0,69.1,0,0.85,30.0,Argon,0.0,298.0,298.0,Fail,1111.111111111111,100.0,37037.037037037044
Argon,1,90,400.0,3.023,90.0,90.0,69.1,0,0.85,30.0,Argon,0.0,298.0,298.0,Fail,1470.2098724592936,132.31888852133642,49006.99574864313
Argon,1,90,400.0,2.5,90.0,90.0,69.1,0,0.85,30.0,Argon,0.0,298.0,298.0,Fail,1777.7777777777778,160.0,59259.25925925926
Argon,1,90,400.0,2.0,90.0,90.0,69.1,0,0.85,30.0,Argon,0.0,298.0,298.0,Success,2222.222222222222,200.0,74074.07407407409
Argon,1,90,400.0,1.6,90.0,90.0,69.1,0,0.85,30.0,Argon,0.0,298.0,298.0,Success,2777.7777777777774,250.0,92592.5925925926
Argon,1,90,400.0,1.2,90.0,90.0,69.1,0,0.85,30.0,Argon,0.0,298.0,298.0,Fail,3703.703703703704,333.33333333333337,123456.7901234568
Argon,1,90,400.0,1.066,90.0,90.0,69.1,0,0.85,30.0,Argon,0.0,298.0,298.0,Fail,4169.272461955388,375.23452157598496,138975.74873184628
Argon,1,90,400.0,0.8,90.0,90.0,69.1,0,0.85,30.0,Argon,0.0,298.0,298.0,Fail,5555.555555555555,500.0,185185.1851851852
Argon,1,90,400.0,1.2,90.0,90.0,69.1,0,0.85,30.0,Argon,0.0,298.0,298.0,Success,3703.703703703704,333.33333333333337,123456.7901234568
Argon,1,90,249.84,1.0,90.0,90.0,53.0,0,1,40.0,Argon,0.0,298.0,398.0,Fail,2776.0,249.84,69400.0
Argon,1,90,299.88,1.0,90.0,90.0,53.0,0,1,40.0,Argon,0.0,298.0,398.0,Fail,3332.0,299.88,83300.0
Argon,1,90,349.92,1.0,90.0,90.0,53.0,0,1,40.0,Argon,0.0,298.0,398.0,Fail,3888.0000000000005,349.92,97200.0
Argon,1,90,339.96,1.0,90.0,90.0,53.0,0,1,40.0,Argon,0.0,298.0,398.0,Fail,3777.333333333333,339.96,94433.33333333333
Argon,1,90,90.0,0.2,80.0,80.0,66.96666666666667,0,1,25.0,Gas,0.0,298.0,298.0,Fail,5625.0,450.0,225000.00000000003
Argon,1,90,90.0,0.6,80.0,80.0,80.93333333333334,0,1,25.0,Gas,0.0,298.0,298.0,Fail,1875.0,150.0,75000.0
Argon,1,90,235.75,0.25,100.0,80.0,94.9,0,1,100.0,Gas,0.0,298.0,298.0,Fail,9430.0,943.0,94300.0
Argon,1,90,400.0,1.6,90.0,70.0,45.0,0,0.7,40.0,Argon,0.0,298.0,298.0,Success,2777.7777777777774,250.0,69444.44444444445
Argon,1,90,400.0,0.8,100.0,90.0,45.0,0,1,47.4349963924964,Gas,0.0,298.0,298.0,Fail,5000.0,500.0,105407.40761584489
Nitrogen,1,90,70.0,0.9,60.0,50.0,45.0,0,0.7,30.0,Gas,0.0,298.0,298.0,Fail,1296.2962962962963,77.77777777777777,43209.87654320988
Nitrogen,1,90,110.0,1.1,60.0,50.0,45.0,0,0.7,30.0,Gas,0.0,298.0,298.0,Fail,1666.6666666666665,99.99999999999999,55555.555555555555
Nitrogen,1,90,150.0,1.1,60.0,50.0,45.0,0,0.7,30.0,Gas,0.0,298.0,298.0,Fail,2272.7272727272725,136.36363636363635,75757.57575757576
Nitrogen,1,90,70.0,0.7,40.0,50.0,45.0,0,0.7,30.0,Gas,0.0,298.0,298.0,Fail,2500.0,100.0,83333.33333333334
Nitrogen,1,90,110.0,0.7,80.0,50.0,45.0,0,0.7,30.0,Gas,0.0,298.0,298.0,Fail,1964.2857142857142,157.14285714285714,65476.19047619048
Nitrogen,1,90,110.0,0.9,60.0,50.0,45.0,0,0.7,30.0,Gas,0.0,298.0,298.0,Fail,2037.037037037037,122.22222222222221,67901.23456790124
Nitrogen,1,90,70.0,0.5,40.0,50.0,45.0,0,0.7,30.0,Gas,0.0,298.0,298.0,Fail,3500.0,140.0,116666.66666666667
Nitrogen,1,90,130.0,0.7,60.0,50.0,45.0,0,0.7,30.0,Gas,0.0,298.0,298.0,Fail,3095.238095238095,185.71428571428572,103174.6031746032
Nitrogen,1,90,130.0,0.5,60.0,50.0,45.0,0,0.7,30.0,Gas,0.0,298.0,298.0,Fail,4333.333333333334,260.0,144444.44444444444
Nitrogen,1,90,150.0,0.7,40.0,50.0,45.0,0,0.7,30.0,Gas,0.0,298.0,298.0,Fail,5357.142857142857,214.2857142857143,178571.42857142858
Argon,1,90,150.0,0.27,100.0,80.0,63.0,0,1,50.0,Gas,0.0,298.0,298.0,Fail,5555.555555555556,555.5555555555555,111111.11111111112
Argon,1,90,250.0,0.45,75.0,75.0,55.8,0,1,45.0,Argon,0.0,298.0,298.0,Success,7407.407407407407,555.5555555555555,164609.0534979424
Argon,1,90,250.0,0.45,75.0,75.0,55.8,N20,1,45.0,Argon,0.0,298.0,298.0,Success,7407.407407407407,555.5555555555555,164609.0534979424
Argon,1,90,100.0,0.75987842,70.0,80.0,45.0,0,1,20.0,Gas,0.0,298.0,298.0,Fail,1879.9999986464,131.59999990524798,93999.99993232
Argon,1,90,100.0,0.799872021,70.0,80.0,45.0,0,1,20.0,Gas,0.0,298.0,298.0,Fail,1785.9999988315988,125.01999991821192,89299.99994157994
Argon,1,90,100.0,0.859549596,70.0,80.0,45.0,0,1,20.0,Gas,0.0,298.0,298.0,Fail,1662.0000000226032,116.34000000158223,83100.00000113016
Argon,1,90,100.0,0.949848024,70.0,80.0,45.0,0,1,20.0,Gas,0.0,298.0,298.0,Fail,1504.0000005005313,105.28000003503718,75200.00002502656
Argon,1,90,110.0,0.75987842,70.0,80.0,45.0,0,1,20.0,Gas,0.0,298.0,298.0,Fail,2067.99999851104,144.75999989577278,103399.99992555201
Argon,1,90,110.0,0.800116381,70.0,80.0,45.0,0,1,20.0,Gas,0.0,298.0,298.0,Fail,1963.9999989308697,137.47999992516088,98199.9999465435
Argon,1,90,110.0,0.859643639,70.0,80.0,45.0,0,1,20.0,Gas,0.0,298.0,298.0,Fail,1827.9999992282515,127.95999994597761,91399.99996141258
Argon,1,90,110.0,0.950077734,70.0,80.0,45.0,0,1,20.0,Gas,0.0,298.0,298.0,Fail,1653.999999360654,115.77999995524577,82699.9999680327
Argon,1,90,130.0,0.75987842,70.0,80.0,45.0,0,1,20.0,Gas,0.0,298.0,298.0,Fail,2443.99999824032,171.0799998768224,122199.999912016
Argon,1,90,130.0,0.799803125,70.0,80.0,45.0,0,1,20.0,Gas,0.0,298.0,298.0,Fail,2322.000001116346,162.54000007814423,116100.00005581732
Argon,1,90,130.0,0.85978836,70.0,80.0,45.0,0,1,20.0,Gas,0.0,298.0,298.0,Fail,2159.9999994683076,151.19999996278153,107999.99997341538
Argon,1,90,130.0,0.95043135,70.0,80.0,45.0,0,1,20.0,Gas,0.0,298.0,298.0,Fail,1953.9999992033688,136.77999994423584,97699.99996016847
Argon,1,90,140.0,0.75987842,70.0,80.0,45.0,0,1,20.0,Gas,0.0,298.0,298.0,Fail,2631.99999810496,184.2399998673472,131599.999905248
Argon,1,90,140.0,0.8,70.0,80.0,45.0,0,1,20.0,Gas,0.0,298.0,298.0,Fail,2500.0,175.0,125000.00000000001
Argon,1,90,140.0,0.859845228,70.0,80.0,45.0,0,1,20.0,Gas,0.0,298.0,298.0,Fail,2325.999999618536,162.81999997329754,116299.99998092683
Argon,1,90,140.0,0.949667616,70.0,80.0,45.0,0,1,20.0,Gas,0.0,298.0,298.0,Fail,2106.000000741312,147.42000005189183,105300.00003706559
Argon,1,90,98.0,2.0,52.0,50.0,45.0,0,1,20.4,Gas,0.0,298.0,298.0,Fail,942.3076923076923,49.0,46191.55354449472
Argon,1,90,160.0,0.65,100.0,80.0,45.0,0,1,40.0,Gas,0.0,298.0,298.0,Fail,2461.5384615384614,246.15384615384613,61538.46153846154
Argon,1,90,110.0,0.6,100.0,70.0,46.58181818181818,0,1,44.40866666666667,Gas,0.0,298.0,298.0,Fail,1833.3333333333335,183.33333333333334,41283.233002567074
Argon,1,90,110.0,0.4,100.0,70.0,48.163636363636364,0,1,43.78399999999998,Gas,0.0,298.0,298.0,Fail,2750.0,275.0,62808.33181070714
Argon,1,90,120.0,0.4,100.0,70.0,49.74545454545454,0,1,50.51433333333333,Gas,0.0,298.0,298.0,Fail,3000.0,300.0,59389.084286308185
Argon,1,90,130.0,0.4,100.0,70.0,51.32727272727273,0,1,53.42111111111112,Gas,0.0,298.0,298.0,Fail,3250.0,325.0,60837.37182553712
Argon,1,90,400.0,0.8,100.0,80.0,52.90909090909091,0,1,39.95,Gas,0.0,298.0,298.0,Fail,5000.0,500.0,125156.44555694619
Argon,1,90,400.0,0.8,100.0,80.0,54.49090909090909,0,1,39.53333333333333,Gas,0.0,298.0,298.0,Fail,5000.0,500.0,126475.54806070827
Argon,1,90,400.0,0.8,100.0,80.0,56.07272727272727,0,1,39.86666666666667,Gas,0.0,298.0,298.0,Fail,5000.0,500.0,125418.06020066889
Argon,1,90,400.0,0.8,100.0,80.0,57.654545454545456,0,1,39.93333333333333,Gas,0.0,298.0,298.0,Fail,5000.0,500.0,125208.68113522539
Argon,1,90,400.0,0.8,100.0,80.0,59.236363636363635,0,1,40.03333333333333,Gas,0.0,298.0,298.0,Fail,5000.0,500.0,124895.92006661117
Argon,1,90,400.0,0.8,100.0,80.0,60.81818181818182,0,1,40.0,Gas,0.0,298.0,298.0,Fail,5000.0,500.0,125000.00000000001
Argon,1,90,150.0,0.5,50.0,80.0,62.4,0,1,60.0,Gas,0.0,298.0,298.0,Fail,6000.0,300.0,100000.0
Argon,1,90,205.0,1.0,40.0,30.0,50.74,0,0.9,30.0,Gas,0.0,298.0,298.0,Success,5125.0,205.0,170833.33333333334
Argon,1,90,240.0,0.8,45.0,90.0,45.55,0,0.8,30.0,Gas,0.0,298.0,298.0,Success,6666.666666666666,300.0,222222.22222222222
Argon,1,90,120.0,0.799,48.0,90.0,59.9,0,1,30.0,Gas,0.0,298.0,298.0,Success,3128.911138923654,150.18773466833542,104297.0379641218
Argon,1,90,200.0,1.178,47.0,90.0,45.55,0,0.8,30.0,Gas,0.0,298.0,298.0,Success,3612.325253765849,169.77928692699493,120410.84179219499
Argon,1,90,400.0,1.2,100.0,120.0,48.016666666666666,0,1,30.0,Gas,0.0,298.0,298.0,Fail,3333.3333333333335,333.33333333333337,111111.11111111111
Argon,1,90,400.0,1.2,100.0,120.0,50.483333333333334,0,1,30.0,Gas,0.0,298.0,298.0,Fail,3333.3333333333335,333.33333333333337,111111.11111111111
Argon,1,90,180.0,1.0,55.0,80.0,52.95,0,1,40.0,Gas,0.0,298.0,298.0,Fail,3272.7272727272725,180.0,81818.18181818182
Argon,1,90,160.0,0.853,90.0,9.0,64.6,0,0.7,40.0,Gas,0.0,298.0,373.0,Success,2084.1474534323306,187.57327080890974,52103.68633580827
Argon,1,90,240.0,1.041,90.0,9.0,64.6,0,0.7,40.0,Gas,0.0,298.0,373.0,Success,2561.6394492475183,230.54755043227667,64040.98623118796
Argon,1,90,320.0,1.138,90.0,9.0,64.6,0,0.7,40.0,Gas,0.0,298.0,373.0,Fail,3124.3897676235115,281.19507908611604,78109.7441905878
Argon,1,90,400.0,1.334,90.0,9.0,64.6,0,0.7,40.0,Gas,0.0,298.0,373.0,Fail,3331.6674995835415,299.8500749625187,83291.68748958856
Argon,1,90,200.0,0.74,40.0,70.0,47.4,0,0.9,40.0,Gas,0.0,298.0,298.0,Success,6756.756756756757,270.27027027027026,168918.91891891893
Argon,1,90,120.0,0.597,80.0,30.0,65.0,0,1,25.0,Gas,0.0,298.0,298.0,Fail,2512.562814070352,201.00502512562815,100502.51256281407
Argon,1,90,120.0,0.597,100.0,30.0,65.0,0,1,25.0,Gas,0.0,298.0,298.0,Fail,2010.0502512562816,201.00502512562815,80402.01005025127
Inert_gas,1,90,400.0,0.8,90.0,90.0,62.6,0,0.9,30.0,Argon,0.0,298.0,298.0,Fail,5555.555555555555,500.0,185185.1851851852
Inert_gas,1,90,400.0,1.2,90.0,90.0,60.2,0,0.9,30.0,Argon,0.0,298.0,298.0,Fail,3703.703703703704,333.33333333333337,123456.7901234568
Inert_gas,1,90,400.0,2.0,90.0,90.0,57.8,0,0.9,30.0,Argon,0.0,298.0,298.0,Fail,2222.222222222222,200.0,74074.07407407409
Inert_gas,1,90,400.0,2.5,90.0,90.0,55.4,0,0.9,30.0,Argon,0.0,298.0,298.0,Fail,1777.7777777777778,160.0,59259.25925925926
Argon,1,90,350.0,2.0,70.0,80.0,53.0,0,1,60.0,Gas,0.0,298.0,298.0,Fail,2499.9999999999995,175.0,41666.66666666667
Argon,1,90,40.0,0.16,75.0,80.0,45.0,0,0.9,30.0,Plasma,0.0,298.0,298.0,Success,3333.3333333333335,250.0,111111.11111111112
Argon,1,90,75.0,0.313,80.0,80.0,45.0,0,0.9,30.0,Plasma,0.0,298.0,298.0,Success,2995.2076677316295,239.61661341853036,99840.25559105432
Argon,1,90,110.0,0.476,70.0,80.0,45.0,0,0.9,30.0,Plasma,0.0,298.0,298.0,Success,3301.3205282112845,231.09243697478993,110044.01760704281
Argon,1,90,125.0,0.521,80.0,80.0,45.0,0,0.9,30.0,Plasma,0.0,298.0,298.0,Success,2999.040307101727,239.92322456813818,99968.01023672425
Argon,1,90,150.0,0.714,70.0,80.0,45.0,0,0.9,30.0,Plasma,0.0,298.0,298.0,Success,3001.200480192077,210.0840336134454,100040.01600640258
Argon,1,90,175.0,1.167,50.0,80.0,45.0,0,0.9,30.0,Plasma,0.0,298.0,298.0,Success,2999.1431019708652,149.95715509854327,99971.43673236218
Argon,1,90,200.0,1.333,50.0,80.0,45.0,0,0.9,30.0,Plasma,0.0,298.0,298.0,Success,3000.7501875468874,150.03750937734435,100025.00625156291
Argon,1,90,225.0,1.25,60.0,80.0,45.0,0,0.9,30.0,Plasma,0.0,298.0,298.0,Success,3000.0,180.0,100000.00000000001
Argon,1,90,250.0,1.042,80.0,80.0,45.0,0,0.9,30.0,Plasma,0.0,298.0,298.0,Success,2999.040307101727,239.92322456813818,99968.01023672425
Argon,1,90,200.0,0.4,80.0,100.0,45.3,N14,0.9,20.0,Argon,0.0,298.0,298.0,Fail,6250.0,500.0,312500.0
Argon,1,90,200.0,0.4,80.0,100.0,45.3,N15,0.9,20.0,Argon,0.0,298.0,298.0,Fail,6250.0,500.0,312500.0
Argon,1,90,200.0,0.4,80.0,100.0,45.3,N16,0.9,20.0,Argon,0.0,298.0,298.0,Fail,6250.0,500.0,312500.0
Argon,1,90,200.0,0.4,80.0,100.0,45.3,N17,0.9,20.0,Argon,0.0,298.0,298.0,Success,6250.0,500.0,312500.0
Argon,1,90,120.0,0.5,80.0,80.0,53.0,0,1,30.0,Gas,0.0,298.0,453.0,Fail,3000.0,240.0,100000.00000000001
Argon,1,90,200.0,0.5,100.0,80.0,100.0,0,1,100.0,Gas,0.0,298.0,298.0,Fail,4000.0,400.0,40000.0
Argon,1,90,330.0,1.0,100.0,100.0,99.3953488372093,0,1,30.0,Gas,0.0,298.0,298.0,Success,3300.0,330.0,110000.0
Argon,1,90,330.0,1.0,100.0,100.0,98.79069767441861,0,0.8,30.0,Gas,0.0,298.0,298.0,Fail,3300.0,330.0,110000.0
Argon,1,90,330.0,1.0,100.0,100.0,98.18604651162791,0,0.6,30.0,Gas,0.0,298.0,298.0,Fail,3300.0,330.0,110000.0
Argon,1,90,330.0,1.0,100.0,100.0,97.5813953488372,0,0.3,30.0,Gas,0.0,298.0,298.0,Fail,3300.0,330.0,110000.0
Argon,1,90,330.0,1.0,100.0,100.0,96.97674418604652,0,1,30.0,Gas,0.0,298.0,298.0,Success,3300.0,330.0,110000.0
Argon,1,90,330.0,1.0,100.0,100.0,96.37209302325581,0,0.8,30.0,Gas,0.0,298.0,298.0,Fail,3300.0,330.0,110000.0
Argon,1,90,330.0,1.0,100.0,100.0,95.76744186046511,0,0.6,30.0,Gas,0.0,298.0,298.0,Fail,3300.0,330.0,110000.0
Argon,1,90,330.0,1.0,100.0,100.0,95.16279069767442,0,0.3,30.0,Gas,0.0,298.0,298.0,Fail,3300.0,330.0,110000.0
Argon,1,90,275.0,0.1,230.0,80.0,94.55813953488372,0,0.2,30.0,Gas,0.0,298.0,373.0,Success,11956.521739130436,2750.0,398550.72463768115
Argon,1,90,250.0,0.1,230.0,80.0,93.95348837209302,0,0.9,30.0,Gas,0.0,298.0,373.0,Success,10869.565217391304,2500.0,362318.84057971014
Argon,1,90,275.0,0.1,230.0,80.0,93.34883720930233,0,0.2,30.0,Gas,0.0,298.0,373.0,Success,11956.521739130436,2750.0,398550.72463768115
Argon,1,90,250.0,0.1,230.0,80.0,92.74418604651163,0,0.9,30.0,Gas,0.0,298.0,373.0,Success,10869.565217391304,2500.0,362318.84057971014
Argon,1,90,50.0,0.08,100.0,70.0,92.13953488372093,0,1,80.0,Gas,0.0,298.0,353.0,Fail,6250.0,625.0,78125.0
Argon,1,90,50.0,0.08,100.0,70.0,91.53488372093024,0,1,80.0,Gas,0.0,298.0,573.0,Fail,6250.0,625.0,78125.0
Argon,1,90,50.0,0.08,100.0,70.0,90.93023255813954,0,1,80.0,Gas,0.0,298.0,773.0,Fail,6250.0,625.0,78125.0
Argon,1,90,50.0,0.08,100.0,70.0,90.32558139534883,0,1,80.0,Gas,0.0,298.0,973.0,Fail,6250.0,625.0,78125.0
Argon,1,90,50.0,0.12,100.0,70.0,89.72093023255815,0,1,80.0,Gas,0.0,298.0,353.0,Fail,4166.666666666667,416.6666666666667,52083.333333333336
Argon,1,90,50.0,0.12,100.0,70.0,89.11627906976744,0,1,80.0,Gas,0.0,298.0,573.0,Fail,4166.666666666667,416.6666666666667,52083.333333333336
Argon,1,90,50.0,0.12,100.0,70.0,88.51162790697674,0,1,80.0,Gas,0.0,298.0,773.0,Fail,4166.666666666667,416.6666666666667,52083.333333333336
Argon,1,90,50.0,0.12,100.0,70.0,87.90697674418604,0,1,80.0,Gas,0.0,298.0,973.0,Fail,4166.666666666667,416.6666666666667,52083.333333333336
Argon,1,90,50.0,0.08,100.0,70.0,87.30232558139535,0,1,80.0,Gas,0.0,298.0,1173.0,Fail,6250.0,625.0,78125.0
Argon,1,90,50.0,0.12,100.0,70.0,86.69767441860465,0,1,80.0,Gas,0.0,298.0,1173.0,Fail,4166.666666666667,416.6666666666667,52083.333333333336
Argon,1,90,50.0,0.16,100.0,70.0,86.09302325581396,0,1,80.0,Gas,0.0,298.0,353.0,Fail,3125.0,312.5,39062.5
Argon,1,90,50.0,0.16,100.0,70.0,85.48837209302326,0,1,80.0,Gas,0.0,298.0,573.0,Fail,3125.0,312.5,39062.5
Argon,1,90,50.0,0.16,100.0,70.0,84.88372093023256,0,1,80.0,Gas,0.0,298.0,773.0,Fail,3125.0,312.5,39062.5
Argon,1,90,50.0,0.16,100.0,70.0,84.27906976744185,0,1,80.0,Gas,0.0,298.0,973.0,Fail,3125.0,312.5,39062.5
Argon,1,90,50.0,0.16,100.0,70.0,83.67441860465117,0,1,80.0,Gas,0.0,298.0,1173.0,Fail,3125.0,312.5,39062.5
Argon,1,90,50.0,0.2,100.0,70.0,83.06976744186046,0,1,80.0,Gas,0.0,298.0,353.0,Fail,2500.0,250.0,31250.000000000004
Argon,1,90,50.0,0.2,100.0,70.0,82.46511627906978,0,1,80.0,Gas,0.0,298.0,573.0,Fail,2500.0,250.0,31250.000000000004
Argon,1,90,50.0,0.2,100.0,70.0,81.86046511627907,0,1,80.0,Gas,0.0,298.0,773.0,Fail,2500.0,250.0,31250.000000000004
Argon,1,90,50.0,0.2,100.0,70.0,81.25581395348837,0,1,80.0,Gas,0.0,298.0,973.0,Fail,2500.0,250.0,31250.000000000004
Argon,1,90,50.0,0.2,100.0,70.0,80.65116279069767,0,1,80.0,Gas,0.0,298.0,1173.0,Fail,2500.0,250.0,31250.000000000004
Argon,1,90,50.0,0.24,100.0,70.0,80.04651162790698,0,1,80.0,Gas,0.0,298.0,353.0,Fail,2083.3333333333335,208.33333333333334,26041.666666666668
Argon,1,90,50.0,0.24,100.0,70.0,79.44186046511628,0,1,80.0,Gas,0.0,298.0,573.0,Fail,2083.3333333333335,208.33333333333334,26041.666666666668
Argon,1,90,50.0,0.24,100.0,70.0,78.83720930232559,0,1,80.0,Gas,0.0,298.0,773.0,Fail,2083.3333333333335,208.33333333333334,26041.666666666668
Argon,1,90,50.0,0.24,100.0,70.0,78.23255813953489,0,1,80.0,Gas,0.0,298.0,973.0,Fail,2083.3333333333335,208.33333333333334,26041.666666666668
Argon,1,90,50.0,0.24,100.0,70.0,77.62790697674419,0,1,80.0,Gas,0.0,298.0,1173.0,Fail,2083.3333333333335,208.33333333333334,26041.666666666668
Argon,1,90,50.0,0.28,100.0,70.0,77.02325581395348,0,1,80.0,Gas,0.0,298.0,353.0,Fail,1785.7142857142856,178.57142857142856,22321.42857142857
Argon,1,90,50.0,0.28,100.0,70.0,76.4186046511628,0,1,80.0,Gas,0.0,298.0,573.0,Fail,1785.7142857142856,178.57142857142856,22321.42857142857
Argon,1,90,50.0,0.28,100.0,70.0,75.81395348837209,0,1,80.0,Gas,0.0,298.0,773.0,Fail,1785.7142857142856,178.57142857142856,22321.42857142857
Argon,1,90,50.0,0.28,100.0,70.0,75.2093023255814,0,1,80.0,Gas,0.0,298.0,973.0,Fail,1785.7142857142856,178.57142857142856,22321.42857142857
Argon,1,90,50.0,0.28,100.0,70.0,74.6046511627907,0,1,80.0,Gas,0.0,298.0,1173.0,Fail,1785.7142857142856,178.57142857142856,22321.42857142857
Argon,1,90,160.0,0.4,60.0,80.0,74.0,0,0.7,50.0,Argon,0.0,298.0,298.0,Success,6666.666666666667,400.0,133333.33333333334
Argon,1,90,160.0,0.8,60.0,80.0,74.0,0,0.7,50.0,Argon,0.0,298.0,298.0,Fail,3333.3333333333335,200.0,66666.66666666667
Argon,1,90,160.0,1.2,60.0,80.0,74.0,0,0.7,50.0,Argon,0.0,298.0,298.0,Fail,2222.222222222222,133.33333333333334,44444.444444444445
Argon,1,90,160.0,1.6,60.0,80.0,74.0,0,0.7,50.0,Argon,0.0,298.0,298.0,Fail,1666.6666666666667,100.0,33333.333333333336
Argon,1,90,160.0,2.0,60.0,80.0,74.0,0,0.7,50.0,Argon,0.0,298.0,298.0,Fail,1333.3333333333335,80.0,26666.666666666668
Argon,1,90,200.0,0.4,60.0,80.0,74.0,0,0.7,50.0,Argon,0.0,298.0,298.0,Success,8333.333333333334,500.0,166666.6666666667
Argon,1,90,200.0,0.8,60.0,80.0,74.0,0,0.7,50.0,Argon,0.0,298.0,298.0,Fail,4166.666666666667,250.0,83333.33333333334
Argon,1,90,200.0,1.2,60.0,80.0,74.0,0,0.7,50.0,Argon,0.0,298.0,298.0,Fail,2777.7777777777774,166.66666666666669,55555.555555555555
Argon,1,90,200.0,1.6,60.0,80.0,74.0,0,0.7,50.0,Argon,0.0,298.0,298.0,Fail,2083.3333333333335,125.0,41666.66666666667
Argon,1,90,200.0,2.0,60.0,80.0,74.0,0,0.7,50.0,Argon,0.0,298.0,298.0,Fail,1666.6666666666667,100.0,33333.333333333336
Argon,1,90,240.0,0.4,60.0,80.0,74.0,0,0.7,50.0,Argon,0.0,298.0,298.0,Fail,10000.0,600.0,200000.00000000003
Argon,1,90,240.0,0.8,60.0,80.0,74.0,0,0.7,50.0,Argon,0.0,298.0,298.0,Fail,5000.0,300.0,100000.00000000001
Argon,1,90,240.0,1.2,60.0,80.0,74.0,0,0.7,50.0,Argon,0.0,298.0,298.0,Fail,3333.333333333333,200.0,66666.66666666667
Argon,1,90,240.0,1.6,60.0,80.0,74.0,0,0.7,50.0,Argon,0.0,298.0,298.0,Fail,2500.0,150.0,50000.00000000001
Argon,1,90,240.0,2.0,60.0,80.0,74.0,0,0.7,50.0,Argon,0.0,298.0,298.0,Fail,2000.0,120.0,40000.0
Argon,1,90,280.0,0.4,60.0,80.0,74.0,0,0.7,50.0,Argon,0.0,298.0,298.0,Fail,11666.666666666666,700.0,233333.33333333334
Argon,1,90,280.0,0.8,60.0,80.0,74.0,0,0.7,50.0,Argon,0.0,298.0,298.0,Success,5833.333333333333,350.0,116666.66666666667
Argon,1,90,280.0,1.2,60.0,80.0,74.0,0,0.7,50.0,Argon,0.0,298.0,298.0,Fail,3888.8888888888882,233.33333333333334,77777.77777777778
Argon,1,90,280.0,1.6,60.0,80.0,74.0,0,0.7,50.0,Argon,0.0,298.0,298.0,Fail,2916.6666666666665,175.0,58333.333333333336
Argon,1,90,280.0,2.0,60.0,80.0,74.0,0,0.7,50.0,Argon,0.0,298.0,298.0,Fail,2333.3333333333335,140.0,46666.666666666664
Argon,1,90,320.0,0.4,60.0,80.0,74.0,0,0.7,50.0,Argon,0.0,298.0,298.0,Fail,13333.333333333334,800.0,266666.6666666667
Argon,1,90,320.0,0.8,60.0,80.0,74.0,0,0.7,50.0,Argon,0.0,298.0,298.0,Success,6666.666666666667,400.0,133333.33333333334
Argon,1,90,320.0,1.2,60.0,80.0,74.0,0,0.7,50.0,Argon,0.0,298.0,298.0,Fail,4444.444444444444,266.6666666666667,88888.88888888889
Argon,1,90,320.0,1.6,60.0,80.0,74.0,0,0.7,50.0,Argon,0.0,298.0,298.0,Fail,3333.3333333333335,200.0,66666.66666666667
Argon,1,90,320.0,2.0,60.0,80.0,74.0,0,0.7,50.0,Argon,0.0,298.0,298.0,Fail,2666.666666666667,160.0,53333.333333333336
Argon,1,90,160.0,0.8,70.0,80.0,74.0,0,0.7,50.0,Argon,0.0,298.0,298.0,Fail,2857.142857142857,200.0,57142.857142857145
Argon,1,90,160.0,0.8,80.0,80.0,74.0,0,0.7,50.0,Argon,0.0,298.0,298.0,Fail,2500.0,200.0,50000.00000000001
Argon,1,90,200.0,0.8,70.0,80.0,74.0,0,0.7,50.0,Argon,0.0,298.0,298.0,Fail,3571.4285714285716,250.0,71428.57142857143
Argon,1,90,200.0,0.8,80.0,80.0,74.0,0,0.7,50.0,Argon,0.0,298.0,298.0,Fail,3125.0,250.0,62500.00000000001
Argon,1,90,240.0,0.8,70.0,80.0,74.0,0,0.7,50.0,Argon,0.0,298.0,298.0,Fail,4285.714285714285,300.0,85714.28571428571
Argon,1,90,240.0,0.8,80.0,80.0,74.0,0,0.7,50.0,Argon,0.0,298.0,298.0,Fail,3750.0,300.0,75000.0
Argon,1,90,280.0,0.8,70.0,80.0,74.0,0,0.7,50.0,Argon,0.0,298.0,298.0,Fail,5000.0,350.0,100000.0
Argon,1,90,280.0,0.8,80.0,80.0,74.0,0,0.7,50.0,Argon,0.0,298.0,298.0,Fail,4375.0,350.0,87500.00000000001
Argon,1,90,320.0,0.8,70.0,80.0,74.0,0,0.7,50.0,Argon,0.0,298.0,298.0,Success,5714.285714285714,400.0,114285.71428571429
Argon,1,90,320.0,0.8,80.0,80.0,74.0,0,0.7,50.0,Argon,0.0,298.0,298.0,Fail,5000.0,400.0,100000.00000000001
Argon,1,90,200.0,1.0,80.0,90.0,22.5,0,0.8,50.0,Argon,0.0,298.0,298.0,Fail,2500.0,200.0,50000.0
Argon,1,90,300.0,1.0,80.0,90.0,22.5,0,0.8,50.0,Argon,0.0,298.0,298.0,Fail,3750.0,300.0,75000.0
Argon,1,90,200.0,0.8,80.0,90.0,22.5,0,0.8,50.0,Argon,0.0,298.0,298.0,Fail,3125.0,250.0,62500.00000000001
Argon,1,90,300.0,0.8,80.0,90.0,22.5,0,0.8,50.0,Argon,0.0,298.0,298.0,Fail,4687.5,375.0,93750.00000000001
Argon,1,90,200.0,0.6,80.0,90.0,22.5,0,0.8,50.0,Argon,0.0,298.0,298.0,Fail,4166.666666666667,333.33333333333337,83333.33333333334
Argon,1,90,300.0,0.6,80.0,90.0,22.5,0,0.8,50.0,Argon,0.0,298.0,298.0,Fail,6250.0,500.0,125000.00000000001
Argon,1,90,200.0,0.4,80.0,80.0,30.0,0,1,20.0,Gas,0.0,298.0,298.0,Fail,6250.0,500.0,312500.0
Argon,1,90,200.0,0.6,80.0,80.0,37.5,0,1,20.0,Gas,0.0,298.0,298.0,Fail,4166.666666666667,333.33333333333337,208333.33333333334
Argon,1,90,200.0,0.8,80.0,80.0,45.0,0,1,20.0,Gas,0.0,298.0,298.0,Fail,3125.0,250.0,156250.0
Argon,1,90,200.0,1.0,80.0,80.0,52.5,0,1,20.0,Gas,0.0,298.0,298.0,Fail,2500.0,200.0,125000.00000000001
Argon,1,90,140.0,0.8,100.0,80.0,60.0,0,1,40.0,Gas,0.0,298.0,298.0,Fail,1750.0,175.0,43750.00000000001
Argon,1,90,200.0,0.2,80.0,75.0,55.8,0,0.7,40.0,Argon,0.0,298.0,298.0,Fail,12500.0,1000.0,312500.0
Argon,1,90,200.0,0.4,80.0,75.0,55.8,0,0.7,40.0,Argon,0.0,298.0,298.0,Success,6250.0,500.0,156250.0
Argon,1,90,200.0,0.6,80.0,75.0,55.8,0,0.7,40.0,Argon,0.0,298.0,298.0,Fail,4166.666666666667,333.33333333333337,104166.66666666667
Argon,1,90,200.0,0.8,80.0,75.0,55.8,0,0.7,40.0,Argon,0.0,298.0,298.0,Fail,3125.0,250.0,78125.0
Argon,1,90,200.0,1.0,80.0,75.0,55.8,0,0.7,40.0,Argon,0.0,298.0,298.0,Fail,2500.0,200.0,62500.00000000001
Argon,1,90,200.0,1.2,80.0,75.0,55.8,0,0.7,40.0,Argon,0.0,298.0,298.0,Fail,2083.3333333333335,166.66666666666669,52083.333333333336
Argon,1,90,200.0,0.2,100.0,75.0,55.8,0,0.7,40.0,Argon,0.0,298.0,298.0,Fail,10000.0,1000.0,250000.00000000003
Argon,1,90,200.0,0.4,100.0,75.0,55.8,0,0.7,40.0,Argon,0.0,298.0,298.0,Success,5000.0,500.0,125000.00000000001
Argon,1,90,200.0,0.6,100.0,75.0,55.8,0,0.7,40.0,Argon,0.0,298.0,298.0,Fail,3333.3333333333335,333.33333333333337,83333.33333333334
Argon,1,90,200.0,0.8,100.0,75.0,55.8,0,0.7,40.0,Argon,0.0,298.0,298.0,Fail,2500.0,250.0,62500.00000000001
Argon,1,90,200.0,0.2,80.0,75.0,55.8,N19,0.7,40.0,Argon,0.0,298.0,298.0,Fail,12500.0,1000.0,312500.0
Argon,1,90,200.0,0.4,80.0,75.0,55.8,N19,0.7,40.0,Argon,0.0,298.0,298.0,Fail,6250.0,500.0,156250.0
Argon,1,90,200.0,0.6,80.0,75.0,55.8,N19,0.7,40.0,Argon,0.0,298.0,298.0,Fail,4166.666666666667,333.33333333333337,104166.66666666667
Argon,1,90,200.0,0.8,80.0,75.0,55.8,N19,0.7,40.0,Argon,0.0,298.0,298.0,Fail,3125.0,250.0,78125.0
Argon,1,90,200.0,1.0,80.0,75.0,55.8,N19,0.7,40.0,Argon,0.0,298.0,298.0,Fail,2500.0,200.0,62500.00000000001
Argon,1,90,200.0,1.2,80.0,75.0,55.8,N19,0.7,40.0,Argon,0.0,298.0,298.0,Fail,2083.3333333333335,166.66666666666669,52083.333333333336
Argon,1,90,200.0,0.2,100.0,75.0,55.8,N19,0.7,40.0,Argon,0.0,298.0,298.0,Fail,10000.0,1000.0,250000.00000000003
Argon,1,90,200.0,0.4,100.0,75.0,55.8,N19,0.7,40.0,Argon,0.0,298.0,298.0,Fail,5000.0,500.0,125000.00000000001
Argon,1,90,200.0,0.6,100.0,75.0,55.8,N19,0.7,40.0,Argon,0.0,298.0,298.0,Fail,3333.3333333333335,333.33333333333337,83333.33333333334
Argon,1,90,200.0,0.8,100.0,75.0,55.8,N19,0.7,40.0,Argon,0.0,298.0,298.0,Fail,2500.0,250.0,62500.00000000001
Argon,1,90,375.0,1.6,90.0,80.0,55.53333333333333,0,1,35.0,Gas,0.0,298.0,298.0,Fail,2604.1666666666665,234.375,74404.76190476191
Argon,1,90,375.0,1.6,90.0,80.0,55.266666666666666,0,1,35.0,Gas,0.0,298.0,298.0,Fail,2604.1666666666665,234.375,74404.76190476191
Argon,1,90,90.0,0.1,80.0,80.0,55.0,0,1,25.0,Gas,0.0,298.0,298.0,Fail,11250.0,900.0,450000.00000000006
Argon,1,90,90.0,0.2,80.0,80.0,55.0,0,1,25.0,Gas,0.0,298.0,298.0,Fail,5625.0,450.0,225000.00000000003
Argon,1,90,90.0,0.4,80.0,80.0,55.0,0,1,25.0,Gas,0.0,298.0,298.0,Fail,2812.5,225.0,112500.00000000001
Argon,1,90,90.0,0.6,80.0,80.0,55.0,0,1,25.0,Gas,0.0,298.0,298.0,Fail,1875.0,150.0,75000.0
Argon,1,90,100.0,0.24,100.0,48.0,57.0,0,1,50.0,Gas,0.0,298.0,298.0,Fail,4166.666666666667,416.6666666666667,83333.33333333334
Argon,1,90,100.0,0.4,100.0,48.0,57.0,0,1,50.0,Gas,0.0,298.0,298.0,Fail,2500.0,250.0,50000.0
Argon,1,90,100.0,0.6,100.0,48.0,57.0,0,1,50.0,Gas,0.0,298.0,298.0,Fail,1666.6666666666667,166.66666666666669,33333.333333333336
Argon,1,90,100.0,0.8,100.0,48.0,57.0,0,1,50.0,Gas,0.0,298.0,298.0,Fail,1250.0,125.0,25000.0
Argon,1,90,100.0,0.12,100.0,48.0,57.0,0,1,50.0,Gas,0.0,298.0,298.0,Fail,8333.333333333334,833.3333333333334,166666.6666666667
Argon,1,90,100.0,0.2,100.0,48.0,57.0,0,1,50.0,Gas,0.0,298.0,298.0,Fail,5000.0,500.0,100000.0
Argon,1,90,100.0,0.3,100.0,48.0,57.0,0,1,50.0,Gas,0.0,298.0,298.0,Fail,3333.3333333333335,333.33333333333337,66666.66666666667
Argon,1,90,100.0,0.08,100.0,48.0,57.0,0,1,50.0,Gas,0.0,298.0,298.0,Fail,12500.0,1250.0,250000.00000000003
Argon,1,90,100.0,0.1333333333333333,100.0,48.0,57.0,0,1,50.0,Gas,0.0,298.0,298.0,Fail,7500.000000000002,750.0000000000001,150000.00000000003
Argon,1,90,100.0,0.2666666666666666,100.0,48.0,57.0,0,1,50.0,Gas,0.0,298.0,298.0,Fail,3750.000000000001,375.00000000000006,75000.00000000001
Argon,1,90,100.0,0.06,100.0,48.0,57.0,0,1,50.0,Gas,0.0,298.0,298.0,Fail,16666.666666666668,1666.6666666666667,333333.3333333334
Argon,1,90,100.0,0.1,100.0,48.0,57.0,0,1,50.0,Gas,0.0,298.0,298.0,Fail,10000.0,1000.0,200000.0
Argon,1,90,100.0,0.15,100.0,48.0,57.0,0,1,50.0,Gas,0.0,298.0,298.0,Fail,6666.666666666667,666.6666666666667,133333.33333333334
Argon,1,90,100.0,0.04,100.0,48.0,57.0,0,1,50.0,Gas,0.0,298.0,298.0,Fail,25000.0,2500.0,500000.00000000006
Argon,1,90,100.0,0.0666666666666666,100.0,48.0,57.0,0,1,50.0,Gas,0.0,298.0,298.0,Fail,15000.000000000015,1500.0000000000016,300000.00000000035
Argon,1,90,100.0,0.04,300.0,48.0,57.0,0,0.9,50.0,Gas,0.0,298.0,298.0,Fail,8333.333333333334,2500.0,166666.6666666667
Argon,1,90,100.0,0.04,350.0,48.0,57.0,0,0.9,50.0,Gas,0.0,298.0,298.0,Fail,7142.857142857143,2500.0,142857.14285714287
Argon,1,90,100.0,0.04,400.0,48.0,57.0,0,0.9,50.0,Gas,0.0,298.0,298.0,Fail,6250.0,2500.0,125000.00000000001
Argon,1,90,100.0,0.04,450.0,48.0,57.0,0,0.9,50.0,Gas,0.0,298.0,298.0,Fail,5555.555555555555,2500.0,111111.11111111111
Argon,1,90,300.0,0.8,100.0,80.0,46.0,0,1,50.0,Gas,0.0,298.0,298.0,Fail,3750.0,375.0,75000.0
Argon,1,90,90.0,0.2,90.0,80.0,35.0,0,1,25.0,Gas,0.0,298.0,298.0,Fail,4999.999999999999,450.0,200000.0
Argon,1,90,90.0,0.1,90.0,80.0,35.0,0,1,25.0,Gas,0.0,298.0,298.0,Fail,9999.999999999998,900.0,400000.0
Argon,1,90,90.0,0.4,90.0,80.0,35.0,0,1,25.0,Gas,0.0,298.0,298.0,Fail,2499.9999999999995,225.0,100000.0
Argon,1,90,90.0,0.6,90.0,80.0,35.0,0,1,25.0,Gas,0.0,298.0,298.0,Fail,1666.6666666666667,150.0,66666.66666666667
Argon,1,90,90.0,0.8,90.0,80.0,35.0,0,1,25.0,Gas,0.0,298.0,298.0,Fail,1249.9999999999998,112.5,50000.0
Argon,1,90,90.0,1.0,90.0,80.0,35.0,0,1,25.0,Gas,0.0,298.0,298.0,Fail,1000.0,90.0,40000.0
Argon,1,90,90.0,1.2,90.0,80.0,35.0,0,1,25.0,Gas,0.0,298.0,298.0,Fail,833.3333333333334,75.0,33333.333333333336
Argon,1,90,90.0,1.4,90.0,80.0,35.0,0,1,25.0,Gas,0.0,298.0,298.0,Fail,714.2857142857143,64.28571428571429,28571.428571428576
Argon,1,90,90.0,1.6,90.0,80.0,35.0,0,1,25.0,Gas,0.0,298.0,298.0,Fail,624.9999999999999,56.25,25000.0
Argon,1,90,180.0,0.7,70.0,150.0,36.50666666666667,0,1,20.0,Gas,0.0,298.0,298.0,Success,3673.4693877551017,257.14285714285717,183673.46938775512
Argon,1,90,180.0,0.7,70.0,150.0,38.013333333333335,0,1,20.0,Gas,0.0,298.0,298.0,Fail,3673.4693877551017,257.14285714285717,183673.46938775512
Argon,1,90,180.0,0.7,70.0,150.0,39.52,0,1,20.0,Gas,0.0,298.0,298.0,Fail,3673.4693877551017,257.14285714285717,183673.46938775512
Argon,1,90,180.0,0.7,70.0,150.0,41.02666666666667,0,1,20.0,Gas,0.0,298.0,298.0,Fail,3673.4693877551017,257.14285714285717,183673.46938775512
Argon,1,90,180.0,0.7,70.0,150.0,42.53333333333333,0,1,20.0,Gas,0.0,298.0,298.0,Fail,3673.4693877551017,257.14285714285717,183673.46938775512
Argon,1,90,180.0,0.7,70.0,150.0,44.04,0,1,20.0,Gas,0.0,298.0,298.0,Fail,3673.4693877551017,257.14285714285717,183673.46938775512
Argon,1,90,180.0,0.7,70.0,150.0,45.54666666666667,0,1,20.0,Gas,0.0,298.0,298.0,Fail,3673.4693877551017,257.14285714285717,183673.46938775512
Argon,1,90,180.0,0.7,70.0,150.0,47.053333333333335,0,1,20.0,Gas,0.0,298.0,298.0,Success,3673.4693877551017,257.14285714285717,183673.46938775512
Argon,1,90,180.0,0.7,70.0,150.0,48.56,0,1,20.0,Gas,0.0,298.0,298.0,Fail,3673.4693877551017,257.14285714285717,183673.46938775512
Argon,1,90,180.0,0.7,70.0,150.0,50.06666666666667,0,1,20.0,Gas,0.0,298.0,298.0,Fail,3673.4693877551017,257.14285714285717,183673.46938775512
Argon,1,90,180.0,0.7,70.0,150.0,51.57333333333334,0,1,20.0,Gas,0.0,298.0,298.0,Fail,3673.4693877551017,257.14285714285717,183673.46938775512
Argon,1,90,180.0,0.7,70.0,150.0,53.08,0,1,20.0,Gas,0.0,298.0,298.0,Fail,3673.4693877551017,257.14285714285717,183673.46938775512
Argon,1,90,180.0,0.7,70.0,150.0,54.58666666666667,0,1,20.0,Gas,0.0,298.0,298.0,Fail,3673.4693877551017,257.14285714285717,183673.46938775512
Argon,1,90,180.0,0.7,70.0,150.0,56.093333333333334,0,1,20.0,Gas,0.0,298.0,298.0,Fail,3673.4693877551017,257.14285714285717,183673.46938775512
Argon,1,90,200.0,0.2,120.0,80.0,57.6,0,1,20.0,Gas,0.0,298.0,298.0,Fail,8333.333333333334,1000.0,416666.6666666667
Argon,1,90,200.0,0.2,120.0,80.0,56.45,0,1,20.0,Gas,0.0,298.0,298.0,Fail,8333.333333333334,1000.0,416666.6666666667
Argon,1,90,200.0,0.2,120.0,80.0,55.3,0,1,20.0,Gas,0.0,298.0,298.0,Fail,8333.333333333334,1000.0,416666.6666666667
Argon,1,90,200.0,0.2,120.0,80.0,54.15,0,1,20.0,Gas,0.0,298.0,298.0,Fail,8333.333333333334,1000.0,416666.6666666667
Argon,1,90,197.0,0.597,41.0,80.0,53.0,0,1,40.0,Gas,0.0,298.0,298.0,Fail,8048.371941005841,329.98324958123953,201209.29852514606
Argon,1,90,113.0,0.597,97.0,80.0,53.0,0,1,40.0,Gas,0.0,298.0,298.0,Fail,1951.3374432298951,189.27973199329983,48783.43608074738
Argon,1,90,160.0,1.2,50.0,60.0,52.2,0,0.6,30.0,Argon,0.0,298.0,298.0,Fail,2666.666666666667,133.33333333333334,88888.88888888889
Argon,1,90,200.0,0.1613,125.0,70.0,52.0,0,0.9,50.0,Gas,0.0,298.0,298.0,Success,9919.404835709856,1239.9256044637323,198388.09671419713
Argon,1,90,200.0,0.1923,125.0,70.0,52.0,0,0.9,50.0,Gas,0.0,298.0,298.0,Success,8320.33281331253,1040.0416016640665,166406.65626625065
Argon,1,90,200.0,0.2381,125.0,70.0,52.0,0,0.9,50.0,Gas,0.0,298.0,298.0,Success,6719.865602687946,839.9832003359933,134397.31205375894
Argon,1,90,200.0,0.3226,125.0,70.0,52.0,0,0.9,50.0,Gas,0.0,298.0,298.0,Success,4959.702417854928,619.9628022318661,99194.04835709857
Argon,1,90,200.0,0.4762,125.0,70.0,52.0,0,0.9,50.0,Gas,0.0,298.0,298.0,Fail,3359.932801343973,419.99160016799664,67198.65602687947
Argon,1,90,200.0,0.5769,125.0,70.0,52.0,0,0.9,50.0,Gas,0.0,298.0,298.0,Fail,2773.4442711041775,346.6805338880222,55468.88542208355
Argon,1,90,200.0,0.7143,125.0,70.0,52.0,0,0.9,50.0,Gas,0.0,298.0,298.0,Fail,2239.9552008959818,279.9944001119977,44799.10401791964
Argon,1,90,200.0,0.9091,125.0,70.0,52.0,0,0.9,50.0,Gas,0.0,298.0,298.0,Fail,1759.9824001759982,219.99780002199978,35199.64800351997
Argon,1,90,200.0,1.3636,125.0,70.0,52.0,0,0.9,50.0,Gas,0.0,298.0,298.0,Fail,1173.3646230566148,146.67057788207686,23467.2924611323
Argon,1,90,150.0,0.75,50.0,80.0,52.00568181818182,0,0.8,37.0,Gas,0.0,298.0,298.0,Fail,4000.0,200.0,108108.10810810812
Argon,1,90,175.0,0.75,50.0,80.0,52.01136363636363,0,0.8,37.0,Gas,0.0,298.0,298.0,Fail,4666.666666666667,233.33333333333334,126126.12612612614
Argon,1,90,125.0,1.0,50.0,80.0,52.01704545454545,0,0.8,37.0,Gas,0.0,298.0,298.0,Fail,2500.0,125.0,67567.56756756757
Argon,1,90,150.0,1.0,50.0,80.0,52.02272727272727,0,0.8,37.0,Gas,0.0,298.0,298.0,Fail,3000.0,150.0,81081.08108108108
Argon,1,90,175.0,1.0,50.0,80.0,52.02840909090909,0,0.8,37.0,Gas,0.0,298.0,298.0,Fail,3500.0,175.0,94594.5945945946
Argon,1,90,200.0,1.0,50.0,80.0,52.03409090909091,0,0.8,37.0,Gas,0.0,298.0,298.0,Fail,4000.0,200.0,108108.10810810812
Argon,1,90,233.3,1.0,50.0,80.0,52.03977272727273,0,0.8,37.0,Gas,0.0,298.0,298.0,Fail,4666.0,233.3,126108.10810810812
Argon,1,90,73.0,0.25,90.0,80.0,52.04545454545455,0,0.8,37.0,Gas,0.0,298.0,298.0,Fail,3244.4444444444443,292.0,87687.68768768769
Argon,1,90,93.0,0.5,65.0,80.0,52.05113636363637,0,0.8,37.0,Gas,0.0,298.0,298.0,Fail,2861.5384615384614,186.0,77338.87733887734
Argon,1,90,105.0,0.5,80.0,80.0,52.05681818181818,0,0.8,37.0,Gas,0.0,298.0,298.0,Fail,2625.0,210.0,70945.94594594595
Argon,1,90,125.0,0.5,100.0,80.0,52.0625,0,0.8,37.0,Gas,0.0,298.0,298.0,Fail,2500.0,250.0,67567.56756756757
Argon,1,90,125.0,0.75,75.0,80.0,52.06818181818182,0,0.8,37.0,Gas,0.0,298.0,298.0,Success,2222.222222222222,166.66666666666666,60060.06006006007
Argon,1,90,150.0,0.75,90.0,80.0,52.07386363636363,0,0.8,37.0,Gas,0.0,298.0,298.0,Fail,2222.222222222222,200.0,60060.06006006007
Argon,1,90,175.0,0.75,100.0,80.0,52.07954545454545,0,0.8,37.0,Gas,0.0,298.0,298.0,Success,2333.3333333333335,233.33333333333334,63063.06306306307
Argon,1,90,200.0,0.75,115.0,80.0,52.08522727272727,0,0.8,37.0,Gas,0.0,298.0,298.0,Fail,2318.8405797101445,266.6666666666667,62671.367019193116
Argon,1,90,125.0,1.0,55.0,80.0,52.09090909090909,0,0.8,37.0,Gas,0.0,298.0,298.0,Fail,2272.7272727272725,125.0,61425.06142506143
Argon,1,90,150.0,1.0,60.0,80.0,52.09659090909091,0,0.8,37.0,Gas,0.0,298.0,298.0,Success,2500.0,150.0,67567.56756756757
Argon,1,90,175.0,1.0,70.0,80.0,52.10227272727273,0,0.8,37.0,Gas,0.0,298.0,298.0,Success,2499.9999999999995,175.0,67567.56756756757
Argon,1,90,200.0,1.0,80.0,80.0,52.10795454545455,0,0.8,37.0,Gas,0.0,298.0,298.0,Success,2500.0,200.0,67567.56756756757
Argon,1,90,233.3,1.0,105.0,80.0,52.11363636363637,0,0.8,37.0,Gas,0.0,298.0,298.0,Success,2221.904761904762,233.3,60051.48005148005
Argon,1,90,50.0,0.05,84.0,80.0,52.11931818181818,0,0.8,37.0,Gas,0.0,298.0,298.0,Fail,11904.761904761903,1000.0,321750.3217503217
Argon,1,90,67.0,0.05,198.0,80.0,52.125,0,0.8,37.0,Gas,0.0,298.0,298.0,Success,6767.676767676767,1340.0,182910.1829101829
Argon,1,90,83.0,0.05,254.0,80.0,52.13068181818182,0,0.8,37.0,Gas,0.0,298.0,298.0,Fail,6535.433070866141,1660.0,176633.32623962543
Argon,1,90,50.0,0.15,65.0,80.0,52.13636363636363,0,0.8,37.0,Gas,0.0,298.0,298.0,Fail,5128.205128205128,333.33333333333337,138600.13860013863
Argon,1,90,67.0,0.15,87.0,80.0,52.14204545454545,0,0.8,37.0,Gas,0.0,298.0,298.0,Fail,5134.099616858238,446.6666666666667,138759.44910427672
Argon,1,90,83.0,0.15,156.0,80.0,52.14772727272727,0,0.8,37.0,Gas,0.0,298.0,298.0,Fail,3547.008547008547,553.3333333333334,95865.09586509588
Argon,1,90,67.0,0.25,69.0,80.0,52.15340909090909,0,0.8,37.0,Gas,0.0,298.0,298.0,Fail,3884.0579710144925,268.0,104974.53975714846
Argon,1,90,83.0,0.25,115.0,80.0,52.15909090909091,0,0.8,37.0,Gas,0.0,298.0,298.0,Fail,2886.9565217391305,332.0,78025.85193889542
Argon,1,90,100.0,0.25,137.0,80.0,52.16477272727273,0,0.8,37.0,Gas,0.0,298.0,298.0,Fail,2919.70802919708,400.0,78911.02781613731
Argon,1,90,36.0,0.075,100.0,80.0,52.17045454545455,0,1,37.0,Gas,0.0,298.0,298.0,Fail,4800.0,480.0,129729.72972972975
Argon,1,90,52.0,0.11,100.0,80.0,52.17613636363637,0,1,37.0,Gas,0.0,298.0,298.0,Fail,4727.272727272728,472.72727272727275,127764.12776412777
Argon,1,90,58.0,1.142,100.0,80.0,52.18181818181818,0,1,37.0,Gas,0.0,298.0,298.0,Fail,507.8809106830123,50.78809106830123,13726.511099540872
Argon,1,90,65.0,0.429,100.0,80.0,52.1875,0,1,37.0,Gas,0.0,298.0,298.0,Fail,1515.1515151515152,151.51515151515153,40950.04095004095
Argon,1,90,82.0,1.05,100.0,80.0,52.19318181818182,0,1,37.0,Gas,0.0,298.0,298.0,Fail,780.952380952381,78.09523809523809,21106.821106821106
Argon,1,90,88.0,0.59,100.0,80.0,52.19886363636363,0,1,37.0,Gas,0.0,298.0,298.0,Fail,1491.5254237288134,149.15254237288136,40311.49793861658
Argon,1,90,107.0,0.925,100.0,80.0,52.20454545454545,0,1,37.0,Gas,0.0,298.0,298.0,Fail,1156.7567567567567,115.67567567567568,31263.696128560994
Argon,1,90,117.0,0.82,100.0,80.0,52.21022727272727,0,1,37.0,Gas,0.0,298.0,298.0,Fail,1426.8292682926829,142.6829268292683,38562.95319709954
Argon,1,90,132.0,0.372,100.0,80.0,52.21590909090909,0,1,37.0,Gas,0.0,298.0,298.0,Fail,3548.387096774193,354.83870967741933,95902.3539668701
Argon,1,90,140.0,0.191,100.0,80.0,52.22159090909091,0,1,37.0,Gas,0.0,298.0,298.0,Fail,7329.842931937172,732.9842931937172,198103.863025329
Argon,1,90,150.0,0.612,100.0,80.0,52.22727272727273,0,1,37.0,Gas,0.0,298.0,298.0,Fail,2450.9803921568628,245.09803921568627,66242.71330153685
Argon,1,90,164.0,0.717,100.0,80.0,52.23295454545455,0,1,37.0,Gas,0.0,298.0,298.0,Fail,2287.308228730823,228.7308228730823,61819.14131704927
Argon,1,90,178.0,0.277,100.0,80.0,52.23863636363637,0,1,37.0,Gas,0.0,298.0,298.0,Fail,6425.9927797833925,642.5992779783393,173675.4805346863
Argon,1,90,189.0,0.853,100.0,80.0,52.24431818181818,0,1,37.0,Gas,0.0,298.0,298.0,Fail,2215.709261430246,221.57092614302462,59884.034092709364
Argon,1,90,200.0,0.476,100.0,80.0,52.25,0,1,37.0,Gas,0.0,298.0,298.0,Fail,4201.680672268908,420.1680672268908,113558.93708834887
Argon,1,90,211.0,0.666,100.0,80.0,52.25568181818182,0,1,37.0,Gas,0.0,298.0,298.0,Fail,3168.168168168168,316.8168168168168,85626.16670724779
Argon,1,90,218.0,0.987,100.0,80.0,52.26136363636363,0,1,37.0,Gas,0.0,298.0,298.0,Fail,2208.7132725430597,220.87132725430598,59694.95331197459
Argon,1,90,231.0,0.263,100.0,80.0,52.26704545454545,0,1,37.0,Gas,0.0,298.0,298.0,Fail,8783.269961977187,878.3269961977186,237385.67464803206
Argon,1,90,238.0,0.97,100.0,80.0,52.27272727272727,0,1,37.0,Gas,0.0,298.0,298.0,Fail,2453.6082474226805,245.36082474226805,66313.73641682921
Argon,1,90,250.0,0.513,100.0,80.0,52.27840909090909,0,1,37.0,Gas,0.0,298.0,298.0,Fail,4873.294346978557,487.32943469785573,131710.6580264475
Argon,1,90,45.0,1.375,100.0,80.0,52.28409090909091,0,1,37.0,Gas,0.0,298.0,298.0,Fail,327.27272727272725,32.72727272727273,8845.208845208845
Argon,1,90,45.0,1.825,100.0,80.0,52.28977272727273,0,1,37.0,Gas,0.0,298.0,298.0,Fail,246.57534246575344,24.65753424657534,6664.198445020363
Argon,1,90,79.0,1.375,100.0,80.0,52.29545454545455,0,1,37.0,Gas,0.0,298.0,298.0,Fail,574.5454545454545,57.45454545454545,15528.255528255528
Argon,1,90,79.0,1.825,100.0,80.0,52.30113636363637,0,1,37.0,Gas,0.0,298.0,298.0,Fail,432.87671232876716,43.28767123287671,11699.370603480193
Argon,1,90,112.0,1.375,100.0,80.0,52.30681818181818,0,1,37.0,Gas,0.0,298.0,298.0,Fail,814.5454545454545,81.45454545454545,22014.742014742016
Argon,1,90,112.0,1.825,100.0,80.0,52.3125,0,1,37.0,Gas,0.0,298.0,298.0,Fail,613.6986301369864,61.369863013698634,16586.449463161793
Argon,1,90,144.0,1.375,100.0,80.0,52.31818181818182,0,1,37.0,Gas,0.0,298.0,298.0,Fail,1047.2727272727273,104.72727272727273,28304.668304668303
Argon,1,90,144.0,1.825,100.0,80.0,52.32386363636363,0,1,37.0,Gas,0.0,298.0,298.0,Fail,789.0410958904109,78.9041095890411,21325.435024065162
Argon,1,90,178.0,1.375,100.0,80.0,52.32954545454545,0,1,37.0,Gas,0.0,298.0,298.0,Fail,1294.5454545454545,129.45454545454547,34987.714987714986
Argon,1,90,178.0,1.825,100.0,80.0,52.33522727272727,0,1,37.0,Gas,0.0,298.0,298.0,Fail,975.3424657534247,97.53424657534246,26360.607182524993
Argon,1,90,211.0,1.375,100.0,80.0,52.34090909090909,0,1,37.0,Gas,0.0,298.0,298.0,Fail,1534.5454545454545,153.45454545454547,41474.20147420147
Argon,1,90,211.0,1.825,100.0,80.0,52.34659090909091,0,1,37.0,Gas,0.0,298.0,298.0,Fail,1156.164383561644,115.61643835616438,31247.68604220659
Argon,1,90,243.0,1.375,100.0,80.0,52.35227272727273,0,1,37.0,Gas,0.0,298.0,298.0,Fail,1767.272727272727,176.72727272727272,47764.12776412776
Argon,1,90,243.0,1.825,100.0,80.0,52.35795454545455,0,1,37.0,Gas,0.0,298.0,298.0,Fail,1331.5068493150686,133.15068493150685,35986.67160310996
Argon,1,90,53.0,2.163,100.0,80.0,52.36363636363637,0,1,37.0,Gas,0.0,298.0,298.0,Fail,245.03005085529358,24.50300508552936,6622.433806899827
Argon,1,90,53.0,2.388,100.0,80.0,52.36931818181818,0,1,37.0,Gas,0.0,298.0,298.0,Fail,221.9430485762144,22.194304857621443,5998.46077233012
Argon,1,90,74.0,2.163,100.0,80.0,52.375,0,1,37.0,Gas,0.0,298.0,298.0,Fail,342.11742949607026,34.21174294960703,9246.417013407307
Argon,1,90,74.0,2.388,100.0,80.0,52.38068181818182,0,1,37.0,Gas,0.0,298.0,298.0,Fail,309.88274706867674,30.988274706867674,8375.209380234506
Argon,1,90,250.0,2.163,100.0,80.0,52.38636363636363,0,1,37.0,Gas,0.0,298.0,298.0,Fail,1155.802126675913,115.58021266759131,31237.895315565223
Argon,1,90,250.0,2.388,100.0,80.0,52.39204545454545,0,1,37.0,Gas,0.0,298.0,298.0,Fail,1046.9011725293133,104.69011725293133,28294.626284576036
Argon,1,90,50.0,0.05,100.0,80.0,52.39772727272727,0,1,37.0,Gas,0.0,298.0,298.0,Fail,10000.0,1000.0,270270.2702702703
Argon,1,90,67.0,0.05,100.0,80.0,52.40340909090909,0,1,37.0,Gas,0.0,298.0,298.0,Fail,13400.0,1340.0,362162.1621621622
Argon,1,90,83.0,0.05,100.0,80.0,52.40909090909091,0,1,37.0,Gas,0.0,298.0,298.0,Fail,16600.0,1660.0,448648.64864864864
Argon,1,90,100.0,0.05,100.0,80.0,52.41477272727273,0,1,37.0,Gas,0.0,298.0,298.0,Fail,20000.0,2000.0,540540.5405405406
Argon,1,90,50.0,0.15,100.0,80.0,52.42045454545455,0,1,37.0,Gas,0.0,298.0,298.0,Fail,3333.3333333333335,333.33333333333337,90090.0900900901
Argon,1,90,67.0,0.15,100.0,80.0,52.42613636363637,0,1,37.0,Gas,0.0,298.0,298.0,Fail,4466.666666666667,446.6666666666667,120720.72072072074
Argon,1,90,83.0,0.15,100.0,80.0,52.43181818181818,0,1,37.0,Gas,0.0,298.0,298.0,Fail,5533.333333333334,553.3333333333334,149549.54954954956
Argon,1,90,100.0,0.15,100.0,80.0,52.4375,0,1,37.0,Gas,0.0,298.0,298.0,Fail,6666.666666666667,666.6666666666667,180180.1801801802
Argon,1,90,50.0,0.25,100.0,80.0,52.44318181818182,0,1,37.0,Gas,0.0,298.0,298.0,Fail,2000.0,200.0,54054.05405405406
Argon,1,90,67.0,0.25,100.0,80.0,52.44886363636363,0,1,37.0,Gas,0.0,298.0,298.0,Fail,2680.0,268.0,72432.43243243244
Argon,1,90,83.0,0.25,100.0,80.0,52.45454545454545,0,1,37.0,Gas,0.0,298.0,298.0,Fail,3320.0,332.0,89729.72972972973
Argon,1,90,100.0,0.25,100.0,80.0,52.46022727272727,0,1,37.0,Gas,0.0,298.0,298.0,Fail,4000.0,400.0,108108.10810810812
Argon,1,90,85.0,0.25,100.0,100.0,52.46590909090909,0,1,30.0,Gas,0.0,298.0,298.0,Success,3400.0,340.0,113333.33333333333
Argon,1,90,125.0,0.25,165.0,100.0,52.47159090909091,0,1,30.0,Gas,0.0,298.0,298.0,Fail,3030.30303030303,500.0,101010.10101010102
Argon,1,90,100.0,0.5,70.0,100.0,52.47727272727273,0,1,30.0,Gas,0.0,298.0,298.0,Success,2857.142857142857,200.0,95238.09523809524
Argon,1,90,120.0,0.5,95.0,100.0,52.48295454545455,0,1,30.0,Gas,0.0,298.0,298.0,Success,2526.315789473684,240.0,84210.52631578948
Argon,1,90,140.0,0.5,110.0,100.0,52.48863636363637,0,1,30.0,Gas,0.0,298.0,298.0,Success,2545.4545454545455,280.0,84848.48484848485
Argon,1,90,160.0,0.5,125.0,100.0,52.49431818181818,0,1,30.0,Gas,0.0,298.0,298.0,Fail,2560.0,320.0,85333.33333333334
Argon,1,90,130.0,0.75,65.0,100.0,52.5,0,1,30.0,Gas,0.0,298.0,298.0,Success,2666.6666666666665,173.33333333333334,88888.88888888889
Argon,1,90,160.0,0.75,90.0,100.0,52.50568181818182,0,1,30.0,Gas,0.0,298.0,298.0,Success,2370.3703703703704,213.33333333333334,79012.34567901235
Argon,1,90,190.0,0.75,110.0,100.0,52.51136363636363,0,1,30.0,Gas,0.0,298.0,298.0,Success,2303.030303030303,253.33333333333334,76767.67676767678
Argon,1,90,220.0,0.75,125.0,100.0,52.51704545454545,0,1,30.0,Gas,0.0,298.0,298.0,Success,2346.6666666666665,293.3333333333333,78222.22222222222
Argon,1,90,130.0,1.0,55.0,100.0,52.52272727272727,0,1,30.0,Gas,0.0,298.0,298.0,Success,2363.6363636363635,130.0,78787.87878787878
Argon,1,90,160.0,1.0,70.0,100.0,52.52840909090909,0,1,30.0,Gas,0.0,298.0,298.0,Success,2285.7142857142853,160.0,76190.4761904762
Argon,1,90,190.0,1.0,80.0,100.0,52.53409090909091,0,1,30.0,Gas,0.0,298.0,298.0,Success,2375.0,190.0,79166.66666666667
Argon,1,90,220.0,1.0,95.0,100.0,52.53977272727273,0,1,30.0,Gas,0.0,298.0,298.0,Success,2315.7894736842104,220.0,77192.98245614037
Argon,1,90,250.0,1.0,105.0,100.0,52.54545454545455,0,1,30.0,Gas,0.0,298.0,298.0,Success,2380.952380952381,250.0,79365.07936507936
Argon,1,90,71.0,0.07,100.0,100.0,52.55113636363637,0,1,30.0,Gas,0.0,298.0,298.0,Fail,10142.857142857141,1014.2857142857142,338095.2380952381
Argon,1,90,84.0,0.1,100.0,100.0,52.55681818181818,0,1,30.0,Gas,0.0,298.0,298.0,Fail,8400.0,840.0,280000.0
Argon,1,90,89.0,0.953,100.0,100.0,52.5625,0,1,30.0,Gas,0.0,298.0,298.0,Fail,933.8929695697797,93.38929695697797,31129.765652325987
Argon,1,90,96.0,0.364,100.0,100.0,52.56818181818182,0,1,30.0,Gas,0.0,298.0,298.0,Fail,2637.362637362637,263.73626373626377,87912.08791208793
Argon,1,90,110.0,0.877,100.0,100.0,52.57386363636363,0,1,30.0,Gas,0.0,298.0,298.0,Fail,1254.2759407069555,125.42759407069555,41809.198023565186
Argon,1,90,115.0,0.497,100.0,100.0,52.57954545454545,0,1,30.0,Gas,0.0,298.0,298.0,Fail,2313.883299798793,231.38832997987927,77129.44332662642
Argon,1,90,131.0,0.774,100.0,100.0,52.58522727272727,0,1,30.0,Gas,0.0,298.0,298.0,Fail,1692.5064599483203,169.25064599483204,56416.88199827735
Argon,1,90,140.0,0.687,100.0,100.0,52.59090909090909,0,1,30.0,Gas,0.0,298.0,298.0,Fail,2037.8457059679763,203.78457059679766,67928.19019893256
Argon,1,90,152.0,0.316,100.0,100.0,52.59659090909091,0,1,30.0,Gas,0.0,298.0,298.0,Fail,4810.126582278481,481.0126582278481,160337.55274261604
Argon,1,90,158.0,0.167,100.0,100.0,52.60227272727273,0,1,30.0,Gas,0.0,298.0,298.0,Fail,9461.077844311378,946.1077844311377,315369.26147704595
Argon,1,90,167.0,0.515,100.0,100.0,52.60795454545455,0,1,30.0,Gas,0.0,298.0,298.0,Fail,3242.7184466019417,324.2718446601942,108090.61488673139
Argon,1,90,179.0,0.602,100.0,100.0,52.61363636363637,0,1,30.0,Gas,0.0,298.0,298.0,Fail,2973.421926910299,297.34219269102994,99114.06423034331
Argon,1,90,191.0,0.238,100.0,100.0,52.61931818181818,0,1,30.0,Gas,0.0,298.0,298.0,Fail,8025.210084033614,802.5210084033614,267507.0028011205
Argon,1,90,200.0,0.714,100.0,100.0,52.625,0,1,30.0,Gas,0.0,298.0,298.0,Fail,2801.120448179272,280.1120448179272,93370.68160597575
Argon,1,90,209.0,0.402,100.0,100.0,52.63068181818182,0,1,30.0,Gas,0.0,298.0,298.0,Fail,5199.004975124377,519.9004975124378,173300.16583747926
Argon,1,90,219.0,0.56,100.0,100.0,52.63636363636363,0,1,30.0,Gas,0.0,298.0,298.0,Fail,3910.7142857142853,391.07142857142856,130357.14285714286
Argon,1,90,225.0,0.825,100.0,100.0,52.64204545454545,0,1,30.0,Gas,0.0,298.0,298.0,Fail,2727.272727272727,272.72727272727275,90909.09090909091
Argon,1,90,236.0,0.226,100.0,100.0,52.64772727272727,0,1,30.0,Gas,0.0,298.0,298.0,Fail,10442.477876106193,1044.2477876106195,348082.5958702065
Argon,1,90,241.0,0.811,100.0,100.0,52.65340909090909,0,1,30.0,Gas,0.0,298.0,298.0,Fail,2971.639950678175,297.1639950678175,99054.66502260583
Argon,1,90,251.0,0.433,100.0,100.0,52.65909090909091,0,1,30.0,Gas,0.0,298.0,298.0,Fail,5796.766743648961,579.676674364896,193225.55812163203
Argon,1,90,81.0,1.145,100.0,100.0,52.66477272727273,0,1,30.0,Gas,0.0,298.0,298.0,Fail,707.4235807860262,70.74235807860262,23580.786026200876
Argon,1,90,81.0,1.515,100.0,100.0,52.67045454545455,0,1,30.0,Gas,0.0,298.0,298.0,Fail,534.6534653465346,53.46534653465347,17821.782178217825
Argon,1,90,113.0,1.145,100.0,100.0,52.67613636363637,0,1,30.0,Gas,0.0,298.0,298.0,Fail,986.8995633187773,98.68995633187772,32896.65211062591
Argon,1,90,113.0,1.515,100.0,100.0,52.68181818181818,0,1,30.0,Gas,0.0,298.0,298.0,Fail,745.8745874587459,74.5874587458746,24862.486248624864
Argon,1,90,146.0,1.145,100.0,100.0,52.6875,0,1,30.0,Gas,0.0,298.0,298.0,Fail,1275.1091703056768,127.51091703056768,42503.63901018923
Argon,1,90,146.0,1.515,100.0,100.0,52.69318181818182,0,1,30.0,Gas,0.0,298.0,298.0,Fail,963.6963696369637,96.36963696369638,32123.212321232128
Argon,1,90,178.0,1.145,100.0,100.0,52.69886363636363,0,1,30.0,Gas,0.0,298.0,298.0,Fail,1554.5851528384278,155.4585152838428,51819.50509461427
Argon,1,90,178.0,1.515,100.0,100.0,52.70454545454545,0,1,30.0,Gas,0.0,298.0,298.0,Fail,1174.917491749175,117.4917491749175,39163.91639163917
Argon,1,90,211.0,1.145,100.0,100.0,52.71022727272727,0,1,30.0,Gas,0.0,298.0,298.0,Fail,1842.7947598253274,184.27947598253274,61426.49199417759
Argon,1,90,211.0,1.515,100.0,100.0,52.71590909090909,0,1,30.0,Gas,0.0,298.0,298.0,Fail,1392.7392739273928,139.2739273927393,46424.642464246426
Argon,1,90,243.0,1.145,100.0,100.0,52.72159090909091,0,1,30.0,Gas,0.0,298.0,298.0,Fail,2122.2707423580787,212.22707423580786,70742.35807860263
Argon,1,90,243.0,1.515,100.0,100.0,52.72727272727273,0,1,30.0,Gas,0.0,298.0,298.0,Fail,1603.960396039604,160.39603960396042,53465.34653465347
Argon,1,90,90.0,1.9,100.0,100.0,52.73295454545455,0,1,30.0,Gas,0.0,298.0,298.0,Fail,473.6842105263158,47.36842105263158,15789.473684210529
Argon,1,90,90.0,2.3,100.0,100.0,52.73863636363637,0,1,30.0,Gas,0.0,298.0,298.0,Fail,391.304347826087,39.130434782608695,13043.478260869568
Argon,1,90,139.0,1.9,100.0,100.0,52.74431818181818,0,1,30.0,Gas,0.0,298.0,298.0,Fail,731.578947368421,73.15789473684211,24385.964912280706
Argon,1,90,139.0,2.3,100.0,100.0,52.75,0,1,30.0,Gas,0.0,298.0,298.0,Fail,604.3478260869566,60.434782608695656,20144.927536231888
Argon,1,90,187.0,1.9,100.0,100.0,52.75568181818182,0,1,30.0,Gas,0.0,298.0,298.0,Fail,984.2105263157895,98.42105263157895,32807.017543859656
Argon,1,90,187.0,2.3,100.0,100.0,52.76136363636363,0,1,30.0,Gas,0.0,298.0,298.0,Fail,813.0434782608696,81.30434782608697,27101.449275362324
Argon,1,90,235.0,1.9,100.0,100.0,52.76704545454545,0,1,30.0,Gas,0.0,298.0,298.0,Fail,1236.842105263158,123.6842105263158,41228.0701754386
Argon,1,90,235.0,2.3,100.0,100.0,52.77272727272727,0,1,30.0,Gas,0.0,298.0,298.0,Fail,1021.7391304347827,102.17391304347827,34057.97101449276
Argon,1,90,121.0,0.953,100.0,100.0,52.77840909090909,0,1,30.0,Gas,0.0,298.0,298.0,Fail,1269.6747114375657,126.96747114375657,42322.49038125219
Argon,1,90,121.0,1.275,100.0,100.0,52.78409090909091,0,1,30.0,Gas,0.0,298.0,298.0,Fail,949.0196078431372,94.90196078431373,31633.98692810458
Argon,1,90,121.0,1.6,100.0,100.0,52.78977272727273,0,1,30.0,Gas,0.0,298.0,298.0,Fail,756.25,75.625,25208.333333333336
Argon,1,90,161.0,2.05,100.0,100.0,52.79545454545455,0,1,30.0,Gas,0.0,298.0,298.0,Fail,785.3658536585366,78.53658536585367,26178.86178861789
Argon,1,90,161.0,2.5,100.0,100.0,52.80113636363637,0,1,30.0,Gas,0.0,298.0,298.0,Fail,644.0,64.4,21466.666666666668
Argon,1,90,121.0,0.495,100.0,100.0,52.80681818181818,0,1,30.0,Gas,0.0,298.0,298.0,Fail,2444.4444444444443,244.44444444444446,81481.48148148149
Argon,1,90,160.0,0.95,100.0,100.0,52.8125,0,1,30.0,Gas,0.0,298.0,298.0,Fail,1684.2105263157894,168.42105263157896,56140.35087719299
Argon,1,90,161.0,1.27,100.0,100.0,52.81818181818182,0,1,30.0,Gas,0.0,298.0,298.0,Fail,1267.716535433071,126.77165354330708,42257.21784776903
Argon,1,90,161.0,1.59,100.0,100.0,52.82386363636363,0,1,30.0,Gas,0.0,298.0,298.0,Fail,1012.5786163522013,101.25786163522012,33752.620545073376
Argon,1,90,201.0,0.95,100.0,100.0,52.82954545454545,0,1,30.0,Gas,0.0,298.0,298.0,Fail,2115.7894736842104,211.57894736842107,70526.3157894737
Argon,1,90,201.0,1.28,100.0,100.0,52.83522727272727,0,1,30.0,Gas,0.0,298.0,298.0,Fail,1570.3125,157.03125,52343.75000000001
Argon,1,90,83.0,0.097,100.0,100.0,52.84090909090909,0,1,30.0,Gas,0.0,298.0,298.0,Fail,8556.701030927834,855.6701030927835,285223.36769759445
Argon,1,90,95.0,0.364,100.0,100.0,52.84659090909091,0,1,30.0,Gas,0.0,298.0,298.0,Fail,2609.8901098901097,260.989010989011,86996.336996337
Argon,1,90,114.0,0.496,100.0,100.0,52.85227272727273,0,1,30.0,Gas,0.0,298.0,298.0,Fail,2298.387096774193,229.83870967741936,76612.90322580645
Argon,1,90,140.0,0.686,100.0,100.0,52.85795454545455,0,1,30.0,Gas,0.0,298.0,298.0,Fail,2040.816326530612,204.0816326530612,68027.21088435373
Argon,1,90,130.0,0.771,100.0,100.0,52.86363636363637,0,1,30.0,Gas,0.0,298.0,298.0,Fail,1686.1219195849542,168.61219195849546,56204.06398616514
Argon,1,90,145.0,1.14,100.0,100.0,52.86931818181818,0,1,30.0,Gas,0.0,298.0,298.0,Fail,1271.9298245614036,127.19298245614036,42397.660818713455
Argon,1,90,166.0,0.513,100.0,100.0,52.875,0,1,30.0,Gas,0.0,298.0,298.0,Fail,3235.867446393762,323.5867446393762,107862.2482131254
Argon,1,90,179.0,0.6,100.0,100.0,52.88068181818182,0,1,30.0,Gas,0.0,298.0,298.0,Fail,2983.3333333333335,298.33333333333337,99444.44444444445
Argon,1,90,200.0,0.711,100.0,100.0,52.88636363636363,0,1,30.0,Gas,0.0,298.0,298.0,Fail,2812.9395218002815,281.29395218002816,93764.65072667605
Argon,1,90,225.0,0.82,100.0,100.0,52.89204545454545,0,1,30.0,Gas,0.0,298.0,298.0,Fail,2743.9024390243903,274.39024390243907,91463.41463414635
Argon,1,90,250.0,1.6,100.0,100.0,52.89772727272727,0,1,30.0,Gas,0.0,298.0,298.0,Fail,1562.5,156.25,52083.333333333336
Argon,1,90,250.0,2.0,100.0,100.0,52.90340909090909,0,1,30.0,Gas,0.0,298.0,298.0,Fail,1250.0,125.0,41666.666666666664
Argon,1,90,250.0,2.5,100.0,100.0,52.90909090909091,0,1,30.0,Gas,0.0,298.0,298.0,Fail,1000.0,100.0,33333.333333333336
Argon,1,90,202.0,2.5,100.0,100.0,52.91477272727273,0,1,30.0,Gas,0.0,298.0,298.0,Fail,808.0,80.8,26933.333333333336
Argon,1,90,201.0,2.0,100.0,100.0,52.92045454545455,0,1,30.0,Gas,0.0,298.0,298.0,Fail,1005.0,100.5,33500.0
Argon,1,90,201.0,1.6,100.0,100.0,52.92613636363637,0,1,30.0,Gas,0.0,298.0,298.0,Fail,1256.25,125.625,41875.00000000001
Argon,1,90,121.0,0.05,100.0,100.0,52.93181818181818,0,1,30.0,Gas,0.0,298.0,298.0,Fail,24200.0,2420.0,806666.6666666667
Argon,1,90,162.0,0.5,100.0,100.0,52.9375,0,1,30.0,Gas,0.0,298.0,298.0,Fail,3240.0,324.0,108000.0
Argon,1,90,201.0,0.5,100.0,100.0,52.94318181818182,0,1,30.0,Gas,0.0,298.0,298.0,Fail,4020.0,402.0,134000.0
Argon,1,90,255.0,0.95,100.0,100.0,52.94886363636363,0,1,30.0,Gas,0.0,298.0,298.0,Fail,2684.2105263157896,268.42105263157896,89473.68421052632
Argon,1,90,255.0,1.3,100.0,100.0,52.95454545454545,0,1,30.0,Gas,0.0,298.0,298.0,Fail,1961.5384615384614,196.15384615384616,65384.61538461539
Argon,1,90,162.0,0.957,100.0,100.0,52.96022727272727,0,1,30.0,Gas,0.0,298.0,298.0,Fail,1692.7899686520375,169.27899686520377,56426.33228840126
Argon,1,90,96.0,0.067,100.0,100.0,52.96590909090909,0,1,30.0,Gas,0.0,298.0,298.0,Fail,14328.358208955224,1432.8358208955224,477611.9402985075
Argon,1,90,122.0,0.05,100.0,100.0,52.97159090909091,0,1,30.0,Gas,0.0,298.0,298.0,Fail,24400.0,2440.0,813333.3333333334
Argon,1,90,122.0,0.1,100.0,100.0,52.97727272727273,0,1,30.0,Gas,0.0,298.0,298.0,Fail,12200.0,1220.0,406666.6666666667
Argon,1,90,122.0,0.5,100.0,100.0,52.98295454545455,0,1,30.0,Gas,0.0,298.0,298.0,Fail,2440.0,244.0,81333.33333333333
Argon,1,90,201.0,0.957,100.0,100.0,52.98863636363637,0,1,30.0,Gas,0.0,298.0,298.0,Fail,2100.313479623824,210.03134796238245,70010.44932079416
Argon,1,90,255.0,0.957,100.0,100.0,52.99431818181818,0,1,30.0,Gas,0.0,298.0,298.0,Fail,2664.576802507837,266.4576802507837,88819.22675026124
Nitrogen,1,90,80.0,0.2,20.0,25.0,53.0,0,0.7,20.0,Gas,0.0,298.0,353.0,Fail,20000.0,400.0,1000000.0000000001
Nitrogen,1,90,80.0,0.2,35.0,25.0,53.0,0,0.7,20.0,Gas,0.0,298.0,353.0,Fail,11428.571428571428,400.0,571428.5714285715
Nitrogen,1,90,80.0,0.2,50.0,25.0,53.0,0,0.7,20.0,Gas,0.0,298.0,353.0,Fail,8000.0,400.0,400000.00000000006
Nitrogen,1,90,80.0,0.2,65.0,25.0,53.0,0,0.7,20.0,Gas,0.0,298.0,353.0,Fail,6153.846153846153,400.0,307692.30769230775
Nitrogen,1,90,80.0,0.2,80.0,25.0,53.0,0,0.7,20.0,Gas,0.0,298.0,353.0,Fail,5000.0,400.0,250000.00000000003
Nitrogen,1,90,80.0,0.4,20.0,25.0,53.0,0,0.7,20.0,Gas,0.0,298.0,353.0,Fail,10000.0,200.0,500000.00000000006
Nitrogen,1,90,80.0,0.4,35.0,25.0,53.0,0,0.7,20.0,Gas,0.0,298.0,353.0,Fail,5714.285714285714,200.0,285714.28571428574
Nitrogen,1,90,80.0,0.4,50.0,25.0,53.0,0,0.7,20.0,Gas,0.0,298.0,353.0,Fail,4000.0,200.0,200000.00000000003
Nitrogen,1,90,80.0,0.4,65.0,25.0,53.0,0,0.7,20.0,Gas,0.0,298.0,353.0,Fail,3076.9230769230767,200.0,153846.15384615387
Nitrogen,1,90,80.0,0.4,80.0,25.0,53.0,0,0.7,20.0,Gas,0.0,298.0,353.0,Fail,2500.0,200.0,125000.00000000001
Nitrogen,1,90,80.0,0.6,20.0,25.0,53.0,0,0.7,20.0,Gas,0.0,298.0,353.0,Fail,6666.666666666667,133.33333333333334,333333.3333333334
Nitrogen,1,90,80.0,0.6,35.0,25.0,53.0,0,0.7,20.0,Gas,0.0,298.0,353.0,Fail,3809.523809523809,133.33333333333334,190476.1904761905
Nitrogen,1,90,80.0,0.6,50.0,25.0,53.0,0,0.7,20.0,Gas,0.0,298.0,353.0,Fail,2666.666666666667,133.33333333333334,133333.33333333334
Nitrogen,1,90,80.0,0.6,65.0,25.0,53.0,0,0.7,20.0,Gas,0.0,298.0,353.0,Fail,2051.2820512820513,133.33333333333334,102564.10256410256
Nitrogen,1,90,80.0,0.6,80.0,25.0,53.0,0,0.7,20.0,Gas,0.0,298.0,353.0,Fail,1666.6666666666667,133.33333333333334,83333.33333333334
Nitrogen,1,90,80.0,0.8,20.0,25.0,53.0,0,0.7,20.0,Gas,0.0,298.0,353.0,Fail,5000.0,100.0,250000.00000000003
Nitrogen,1,90,80.0,0.8,35.0,25.0,53.0,0,0.7,20.0,Gas,0.0,298.0,353.0,Fail,2857.142857142857,100.0,142857.14285714287
Nitrogen,1,90,80.0,0.8,50.0,25.0,53.0,0,0.7,20.0,Gas,0.0,298.0,353.0,Fail,2000.0,100.0,100000.00000000001
Nitrogen,1,90,80.0,1.0,20.0,25.0,53.0,0,0.7,20.0,Gas,0.0,298.0,353.0,Fail,4000.0,80.0,200000.00000000003
Nitrogen,1,90,80.0,1.0,35.0,25.0,53.0,0,0.7,20.0,Gas,0.0,298.0,353.0,Fail,2285.7142857142853,80.0,114285.71428571429
Nitrogen,1,90,80.0,1.0,50.0,25.0,53.0,0,0.7,20.0,Gas,0.0,298.0,353.0,Fail,1600.0,80.0,80000.0
Nitrogen,1,90,80.0,0.2,35.0,25.0,53.0,0,0.7,20.0,Gas,0.0,298.0,353.0,Success,11428.571428571428,400.0,571428.5714285715
Nitrogen,1,90,80.0,0.2,50.0,25.0,53.0,0,0.7,20.0,Gas,0.0,298.0,353.0,Success,8000.0,400.0,400000.00000000006
Nitrogen,1,90,80.0,0.2,65.0,25.0,53.0,0,0.7,20.0,Gas,0.0,298.0,353.0,Success,6153.846153846153,400.0,307692.30769230775
Nitrogen,1,90,80.0,0.2,80.0,25.0,53.0,0,0.7,20.0,Gas,0.0,298.0,353.0,Success,5000.0,400.0,250000.00000000003
Nitrogen,1,90,80.0,0.4,20.0,25.0,53.0,0,0.7,20.0,Gas,0.0,298.0,353.0,Success,10000.0,200.0,500000.00000000006
Nitrogen,1,90,80.0,0.4,35.0,25.0,53.0,0,0.7,20.0,Gas,0.0,298.0,353.0,Success,5714.285714285714,200.0,285714.28571428574
Nitrogen,1,90,80.0,0.6,20.0,25.0,53.0,0,0.7,20.0,Gas,0.0,298.0,353.0,Success,6666.666666666667,133.33333333333334,333333.3333333334
Argon,1,90,160.0,1.1,45.0,70.0,42.0,0,0.9,25.0,Gas,0.0,298.0,298.0,Success,3232.323232323232,145.45454545454544,129292.92929292929
Argon,1,90,165.0,0.1375,100.0,80.0,41.922448979591834,0,0.7,100.0,Argon,0.0,298.0,298.0,Success,11999.999999999998,1200.0,119999.99999999999
Argon,1,90,170.0,0.1416667,100.0,80.0,41.844897959183676,0,0.7,100.0,Argon,0.0,298.0,298.0,Success,11999.997176471252,1199.9997176471252,119999.97176471254
Argon,1,90,175.0,0.14583333,100.0,80.0,41.76734693877551,0,0.7,100.0,Argon,0.0,298.0,298.0,Success,12000.00027428572,1200.000027428572,120000.00274285719
Argon,1,90,180.0,0.15,100.0,80.0,41.689795918367345,0,0.7,100.0,Argon,0.0,298.0,298.0,Fail,12000.0,1200.0,120000.0
Argon,1,90,185.0,0.1541667,100.0,80.0,41.61224489795919,0,0.7,100.0,Argon,0.0,298.0,298.0,Fail,11999.997405405966,1199.9997405405968,119999.97405405968
Argon,1,90,360.0,0.4,125.0,80.0,41.53469387755102,0,0.5,50.0,Gas,0.0,298.0,298.0,Success,7200.0,900.0,144000.0
Argon,1,90,50.0,0.1,100.0,80.0,41.457142857142856,0,1,30.0,Gas,0.0,298.0,298.0,Fail,5000.0,500.0,166666.6666666667
Argon,1,90,50.0,0.2,100.0,80.0,41.3795918367347,0,1,30.0,Gas,0.0,298.0,298.0,Fail,2500.0,250.0,83333.33333333334
Argon,1,90,50.0,0.3,100.0,80.0,41.30204081632653,0,1,30.0,Gas,0.0,298.0,298.0,Fail,1666.6666666666667,166.66666666666669,55555.555555555555
Argon,1,90,50.0,0.4,100.0,80.0,41.224489795918366,0,1,30.0,Gas,0.0,298.0,298.0,Fail,1250.0,125.0,41666.66666666667
Argon,1,90,50.0,0.5,100.0,80.0,41.14693877551021,0,1,30.0,Gas,0.0,298.0,298.0,Fail,1000.0,100.0,33333.333333333336
Argon,1,90,50.0,0.6,100.0,80.0,41.06938775510204,0,1,30.0,Gas,0.0,298.0,298.0,Fail,833.3333333333334,83.33333333333334,27777.777777777777
Argon,1,90,100.0,0.4,100.0,80.0,40.99183673469388,0,1,30.0,Gas,0.0,298.0,298.0,Fail,2500.0,250.0,83333.33333333334
Argon,1,90,100.0,0.5,100.0,80.0,40.91428571428572,0,1,30.0,Gas,0.0,298.0,298.0,Fail,2000.0,200.0,66666.66666666667
Argon,1,90,100.0,0.6,100.0,80.0,40.83673469387755,0,1,30.0,Gas,0.0,298.0,298.0,Fail,1666.6666666666667,166.66666666666669,55555.555555555555
Argon,1,90,100.0,0.7,100.0,80.0,40.75918367346939,0,1,30.0,Gas,0.0,298.0,298.0,Fail,1428.5714285714284,142.85714285714286,47619.04761904762
Argon,1,90,100.0,0.8,100.0,80.0,40.68163265306123,0,1,30.0,Gas,0.0,298.0,298.0,Fail,1250.0,125.0,41666.66666666667
Argon,1,90,100.0,0.9,100.0,80.0,40.60408163265306,0,1,30.0,Gas,0.0,298.0,298.0,Fail,1111.111111111111,111.11111111111111,37037.037037037044
Argon,1,90,150.0,0.8,100.0,80.0,40.5265306122449,0,1,30.0,Gas,0.0,298.0,298.0,Fail,1875.0,187.5,62500.00000000001
Argon,1,90,150.0,0.9,100.0,80.0,40.44897959183674,0,1,30.0,Gas,0.0,298.0,298.0,Fail,1666.6666666666667,166.66666666666666,55555.55555555556
Argon,1,90,150.0,1.0,100.0,80.0,40.371428571428574,0,1,30.0,Gas,0.0,298.0,298.0,Fail,1500.0,150.0,50000.0
Argon,1,90,150.0,1.1,100.0,80.0,40.29387755102041,0,1,30.0,Gas,0.0,298.0,298.0,Fail,1363.6363636363635,136.36363636363635,45454.54545454545
Argon,1,90,150.0,1.2,100.0,80.0,40.21632653061225,0,1,30.0,Gas,0.0,298.0,298.0,Fail,1250.0,125.0,41666.666666666664
Argon,1,90,150.0,1.3,100.0,80.0,40.138775510204084,0,1,30.0,Gas,0.0,298.0,298.0,Fail,1153.8461538461538,115.38461538461539,38461.53846153846
Argon,1,90,200.0,1.0,100.0,80.0,40.06122448979592,0,1,30.0,Gas,0.0,298.0,298.0,Fail,2000.0,200.0,66666.66666666667
Argon,1,90,200.0,1.1,100.0,80.0,39.98367346938775,0,1,30.0,Gas,0.0,298.0,298.0,Fail,1818.181818181818,181.8181818181818,60606.0606060606
Argon,1,90,200.0,1.2,100.0,80.0,39.906122448979595,0,1,30.0,Gas,0.0,298.0,298.0,Fail,1666.6666666666667,166.66666666666669,55555.555555555555
Argon,1,90,200.0,1.3,100.0,80.0,39.82857142857143,0,1,30.0,Gas,0.0,298.0,298.0,Fail,1538.4615384615383,153.84615384615384,51282.05128205128
Argon,1,90,200.0,1.5,100.0,80.0,39.751020408163264,0,1,30.0,Gas,0.0,298.0,298.0,Fail,1333.3333333333335,133.33333333333334,44444.444444444445
Argon,1,90,200.0,1.6,100.0,80.0,39.673469387755105,0,1,30.0,Gas,0.0,298.0,298.0,Fail,1250.0,125.0,41666.66666666667
Argon,1,90,250.0,1.5,100.0,80.0,39.59591836734694,0,1,30.0,Gas,0.0,298.0,298.0,Fail,1666.6666666666667,166.66666666666666,55555.55555555556
Argon,1,90,250.0,1.6,100.0,80.0,39.518367346938774,0,1,30.0,Gas,0.0,298.0,298.0,Fail,1562.5,156.25,52083.333333333336
Argon,1,90,250.0,1.7,100.0,80.0,39.440816326530616,0,1,30.0,Gas,0.0,298.0,298.0,Fail,1470.5882352941176,147.05882352941177,49019.60784313726
Argon,1,90,250.0,1.8,100.0,80.0,39.36326530612245,0,1,30.0,Gas,0.0,298.0,298.0,Fail,1388.888888888889,138.88888888888889,46296.2962962963
Argon,1,90,250.0,1.9,100.0,80.0,39.285714285714285,0,1,30.0,Gas,0.0,298.0,298.0,Fail,1315.7894736842104,131.57894736842107,43859.64912280702
Argon,1,90,250.0,2.0,100.0,80.0,39.208163265306126,0,1,30.0,Gas,0.0,298.0,298.0,Fail,1250.0,125.0,41666.666666666664
Argon,1,90,50.0,0.1,100.0,80.0,39.13061224489796,0,1,30.0,Gas,0.0,298.0,298.0,Fail,5000.0,500.0,166666.6666666667
Argon,1,90,50.0,0.2,100.0,80.0,39.053061224489795,0,1,30.0,Gas,0.0,298.0,298.0,Fail,2500.0,250.0,83333.33333333334
Argon,1,90,100.0,0.4,100.0,80.0,38.97551020408164,0,0.7,30.0,Gas,0.0,298.0,298.0,Success,2500.0,250.0,83333.33333333334
Argon,1,90,100.0,0.8,100.0,80.0,38.89795918367347,0,1,30.0,Gas,0.0,298.0,298.0,Fail,1250.0,125.0,41666.66666666667
Argon,1,90,150.0,0.8,100.0,80.0,38.820408163265306,0,1,30.0,Gas,0.0,298.0,298.0,Success,1875.0,187.5,62500.00000000001
Argon,1,90,150.0,1.0,100.0,80.0,38.74285714285715,0,1,30.0,Gas,0.0,298.0,298.0,Fail,1500.0,150.0,50000.0
Argon,1,90,100.0,0.2,148.0,80.0,38.66530612244898,0,1,30.0,Gas,0.0,298.0,298.0,Fail,3378.3783783783783,500.0,112612.61261261262
Argon,1,90,100.0,0.3,110.0,80.0,38.587755102040816,0,0.7,30.0,Gas,0.0,298.0,298.0,Fail,3030.30303030303,333.33333333333337,101010.10101010102
Argon,1,90,100.0,0.4,84.0,80.0,38.51020408163266,0,1,30.0,Gas,0.0,298.0,298.0,Success,2976.1904761904757,250.0,99206.3492063492
Argon,1,90,150.0,4.0,131.0,80.0,38.43265306122449,0,1,30.0,Gas,0.0,298.0,298.0,Fail,286.25954198473283,37.5,9541.984732824429
Argon,1,90,150.0,0.6,96.0,80.0,38.35510204081633,0,1,30.0,Gas,0.0,298.0,298.0,Success,2604.1666666666665,250.0,86805.55555555558
Argon,1,90,150.0,0.8,67.0,80.0,38.27755102040817,0,1,30.0,Gas,0.0,298.0,298.0,Success,2798.507462686567,187.5,93283.58208955225
Argon,1,90,50.0,0.3,60.0,80.0,38.2,0,0.7,30.0,Gas,0.0,298.0,298.0,Fail,2777.7777777777774,166.66666666666669,92592.5925925926
Argon,1,90,75.0,0.3,115.0,80.0,38.2,0,0.7,30.0,Gas,0.0,298.0,298.0,Fail,2173.9130434782605,250.0,72463.76811594203
Argon,1,90,100.0,0.3,160.0,80.0,38.2,0,0.7,30.0,Gas,0.0,298.0,298.0,Fail,2083.3333333333335,333.33333333333337,69444.44444444445
Argon,1,90,125.0,0.3,190.0,80.0,38.2,0,0.7,30.0,Gas,0.0,298.0,298.0,Fail,2192.9824561403507,416.6666666666667,73099.41520467837
Argon,1,90,150.0,0.3,210.0,80.0,38.2,0,0.7,30.0,Gas,0.0,298.0,298.0,Fail,2380.9523809523807,500.0,79365.07936507936
Argon,1,90,100.0,0.6,110.0,80.0,38.2,0,0.7,30.0,Gas,0.0,298.0,298.0,Fail,1515.151515151515,166.66666666666669,50505.05050505051
Argon,1,90,125.0,0.6,130.0,80.0,38.2,0,0.7,30.0,Gas,0.0,298.0,298.0,Fail,1602.5641025641025,208.33333333333334,53418.803418803414
Argon,1,90,150.0,0.6,145.0,80.0,38.2,0,0.7,30.0,Gas,0.0,298.0,298.0,Fail,1724.1379310344826,250.0,57471.2643678161
Argon,1,90,130.0,0.9,105.0,80.0,38.2,0,0.7,30.0,Gas,0.0,298.0,298.0,Fail,1375.6613756613756,144.44444444444443,45855.379188712526
Argon,1,90,170.0,0.9,121.0,80.0,38.2,0,0.7,30.0,Gas,0.0,298.0,298.0,Fail,1561.0651974288337,188.88888888888889,52035.506580961126
Argon,1,90,150.0,1.2,80.0,80.0,38.2,0,0.7,30.0,Gas,0.0,298.0,298.0,Fail,1562.5,125.0,52083.333333333336
Argon,1,90,190.0,1.2,90.0,80.0,38.2,0,0.7,30.0,Gas,0.0,298.0,298.0,Fail,1759.2592592592594,158.33333333333334,58641.97530864198
Argon,1,90,50.0,0.3,40.0,80.0,38.2,0,0.7,30.0,Gas,1.0,298.0,298.0,Fail,4166.666666666667,166.66666666666669,138888.8888888889
Argon,1,90,75.0,0.3,70.0,80.0,38.2,0,0.7,30.0,Gas,1.0,298.0,298.0,Fail,3571.428571428571,250.0,119047.61904761907
Argon,1,90,100.0,0.3,110.0,80.0,38.2,0,0.7,30.0,Gas,1.0,298.0,298.0,Fail,3030.30303030303,333.33333333333337,101010.10101010102
Argon,1,90,125.0,0.3,130.0,80.0,38.2,0,0.7,30.0,Gas,1.0,298.0,298.0,Fail,3205.128205128205,416.6666666666667,106837.60683760683
Argon,1,90,150.0,0.3,130.0,80.0,38.2,0,0.7,30.0,Gas,1.0,298.0,298.0,Fail,3846.153846153846,500.0,128205.1282051282
Argon,1,90,100.0,0.6,50.0,80.0,38.2,0,0.7,30.0,Gas,1.0,298.0,298.0,Fail,3333.3333333333335,166.66666666666669,111111.11111111111
Argon,1,90,125.0,0.6,70.0,80.0,38.2,0,0.7,30.0,Gas,1.0,298.0,298.0,Fail,2976.190476190476,208.33333333333334,99206.34920634922
Argon,1,90,150.0,0.6,80.0,80.0,38.2,0,0.7,30.0,Gas,1.0,298.0,298.0,Fail,3125.0,250.0,104166.66666666667
Argon,1,90,130.0,0.9,40.0,80.0,38.2,0,0.7,30.0,Gas,1.0,298.0,298.0,Fail,3611.111111111111,144.44444444444443,120370.37037037036
Argon,1,90,170.0,0.9,60.0,80.0,38.2,0,0.7,30.0,Gas,1.0,298.0,298.0,Fail,3148.1481481481483,188.88888888888889,104938.27160493827
Argon,1,90,150.0,1.2,40.0,80.0,38.2,0,0.7,30.0,Gas,1.0,298.0,298.0,Fail,3125.0,125.0,104166.66666666667
Argon,1,90,190.0,1.2,30.0,80.0,38.2,0,0.7,30.0,Gas,1.0,298.0,298.0,Success,5277.777777777777,158.33333333333334,175925.92592592593
Argon,1,90,50.0,0.08,80.0,80.0,38.2,0,0.7,30.0,Gas,2.0,298.0,298.0,Success,7812.5,625.0,260416.66666666666
Argon,1,90,50.0,0.08,120.0,80.0,38.2,0,0.7,30.0,Gas,2.0,298.0,298.0,Success,5208.333333333334,625.0,173611.1111111111
Argon,1,90,50.0,0.12,100.0,80.0,38.2,0,0.7,30.0,Gas,2.0,298.0,298.0,Fail,4166.666666666667,416.6666666666667,138888.8888888889
Argon,1,90,50.0,0.16,120.0,80.0,38.2,0,0.7,30.0,Gas,2.0,298.0,298.0,Success,2604.166666666667,312.5,86805.55555555555
Argon,1,90,54.0,0.08,120.0,80.0,38.2,0,0.7,30.0,Gas,2.0,298.0,298.0,Fail,5625.000000000001,675.0,187500.0
Argon,1,90,54.0,0.2,120.0,80.0,38.2,0,0.7,30.0,Gas,2.0,298.0,298.0,Fail,2250.0,270.0,75000.0
Argon,1,90,54.0,0.297,120.0,80.0,38.2,0,0.7,30.0,Gas,2.0,298.0,298.0,Success,1515.1515151515152,181.8181818181818,50505.05050505051
Argon,1,90,60.0,0.12,120.0,80.0,38.2,0,0.7,30.0,Gas,2.0,298.0,298.0,Fail,4166.666666666667,500.0,138888.8888888889
Argon,1,90,80.0,0.08,100.0,80.0,38.2,0,0.7,30.0,Gas,2.0,298.0,298.0,Fail,10000.0,1000.0,333333.3333333334
Argon,1,90,80.0,0.1,80.0,80.0,38.2,0,0.7,30.0,Gas,2.0,298.0,298.0,Fail,10000.0,800.0,333333.3333333334
Argon,1,90,80.0,0.297,120.0,80.0,38.2,0,0.7,30.0,Gas,2.0,298.0,298.0,Fail,2244.6689113355783,269.3602693602694,74822.29704451926
Argon,1,90,110.0,1.2,120.0,80.0,38.2,0,0.7,30.0,Gas,3.0,298.0,298.0,Fail,763.8888888888888,91.66666666666667,25462.962962962964
Argon,1,90,200.0,1.2,120.0,80.0,38.2,0,0.7,30.0,Gas,3.0,298.0,298.0,Fail,1388.8888888888887,166.66666666666669,46296.2962962963
Argon,1,90,130.0,1.35,120.0,80.0,38.2,0,0.7,30.0,Gas,3.0,298.0,298.0,Fail,802.469135802469,96.29629629629629,26748.97119341564
Argon,1,90,150.0,1.35,120.0,80.0,38.2,0,0.7,30.0,Gas,3.0,298.0,298.0,Fail,925.9259259259259,111.1111111111111,30864.1975308642
Argon,1,90,170.0,1.35,120.0,80.0,38.2,0,0.7,30.0,Gas,3.0,298.0,298.0,Fail,1049.3827160493827,125.92592592592592,34979.42386831276
Argon,1,90,195.0,1.35,120.0,80.0,38.2,0,0.7,30.0,Gas,3.0,298.0,298.0,Fail,1203.7037037037037,144.44444444444443,40123.45679012346
Argon,1,90,130.0,1.5,120.0,80.0,38.2,0,0.7,30.0,Gas,3.0,298.0,298.0,Fail,722.2222222222223,86.66666666666667,24074.074074074077
Argon,1,90,150.0,1.5,120.0,80.0,38.2,0,0.7,30.0,Gas,3.0,298.0,298.0,Fail,833.3333333333334,100.0,27777.77777777778
Argon,1,90,170.0,1.5,120.0,80.0,38.2,0,0.7,30.0,Gas,3.0,298.0,298.0,Fail,944.4444444444445,113.33333333333333,31481.481481481485
Argon,1,90,195.0,1.5,120.0,80.0,38.2,0,0.7,30.0,Gas,3.0,298.0,298.0,Fail,1083.3333333333335,130.0,36111.11111111112
Argon,1,90,130.0,1.8,120.0,80.0,38.2,0,0.7,30.0,Gas,3.0,298.0,298.0,Fail,601.8518518518518,72.22222222222221,20061.72839506173
Argon,1,90,150.0,1.8,120.0,80.0,38.2,0,0.7,30.0,Gas,3.0,298.0,298.0,Fail,694.4444444444445,83.33333333333333,23148.14814814815
Argon,1,90,170.0,1.8,120.0,80.0,38.2,0,0.7,30.0,Gas,3.0,298.0,298.0,Fail,787.0370370370371,94.44444444444444,26234.567901234568
Argon,1,90,195.0,1.8,120.0,80.0,38.2,0,0.7,30.0,Gas,3.0,298.0,298.0,Fail,902.7777777777778,108.33333333333333,30092.592592592595
Argon,1,90,80.0,0.55,120.0,80.0,38.2,0,0.7,30.0,Gas,3.0,298.0,298.0,Fail,1212.121212121212,145.45454545454544,40404.0404040404
Argon,1,90,80.0,0.7,120.0,80.0,38.2,0,0.7,30.0,Gas,3.0,298.0,298.0,Fail,952.3809523809523,114.28571428571429,31746.03174603175
Argon,1,90,100.0,0.7,120.0,80.0,38.2,0,0.7,30.0,Gas,3.0,298.0,298.0,Fail,1190.4761904761904,142.85714285714286,39682.53968253969
Argon,1,90,90.0,0.9,120.0,80.0,38.2,0,0.7,30.0,Gas,3.0,298.0,298.0,Fail,833.3333333333334,100.0,27777.77777777778
Argon,1,90,110.0,0.9,120.0,80.0,38.2,0,0.7,30.0,Gas,3.0,298.0,298.0,Fail,1018.5185185185185,122.22222222222221,33950.61728395062
Argon,1,90,100.0,1.05,120.0,80.0,38.2,0,0.7,30.0,Gas,3.0,298.0,298.0,Fail,793.6507936507936,95.23809523809524,26455.026455026455
Argon,1,90,120.0,1.05,120.0,80.0,38.2,0,0.7,30.0,Gas,3.0,298.0,298.0,Fail,952.3809523809524,114.28571428571428,31746.031746031746
Argon,1,90,130.0,1.15,120.0,80.0,38.2,0,0.7,30.0,Gas,3.0,298.0,298.0,Fail,942.0289855072463,113.04347826086958,31400.96618357488
Argon,1,90,110.0,1.2,80.0,80.0,38.2,0,0.7,30.0,Gas,3.0,298.0,298.0,Fail,1145.8333333333333,91.66666666666667,38194.444444444445
Argon,1,90,200.0,1.2,80.0,80.0,38.2,0,0.7,30.0,Gas,3.0,298.0,298.0,Fail,2083.3333333333335,166.66666666666669,69444.44444444445
Argon,1,90,130.0,1.35,80.0,80.0,38.2,0,0.7,30.0,Gas,3.0,298.0,298.0,Fail,1203.7037037037037,96.29629629629629,40123.45679012346
Argon,1,90,150.0,1.35,80.0,80.0,38.2,0,0.7,30.0,Gas,3.0,298.0,298.0,Fail,1388.888888888889,111.1111111111111,46296.2962962963
Argon,1,90,195.0,1.35,80.0,80.0,38.2,0,0.7,30.0,Gas,3.0,298.0,298.0,Fail,1805.5555555555557,144.44444444444443,60185.18518518519
Argon,1,90,130.0,1.5,80.0,80.0,38.2,0,0.7,30.0,Gas,3.0,298.0,298.0,Fail,1083.3333333333335,86.66666666666667,36111.11111111111
Argon,1,90,150.0,1.5,80.0,80.0,38.2,0,0.7,30.0,Gas,3.0,298.0,298.0,Fail,1250.0,100.0,41666.666666666664
Argon,1,90,170.0,1.5,80.0,80.0,38.2,0,0.7,30.0,Gas,3.0,298.0,298.0,Fail,1416.6666666666667,113.33333333333333,47222.222222222226
Argon,1,90,195.0,1.5,80.0,80.0,38.2,0,0.7,30.0,Gas,3.0,298.0,298.0,Fail,1625.0,130.0,54166.66666666667
Argon,1,90,130.0,1.8,80.0,80.0,38.2,0,0.7,30.0,Gas,3.0,298.0,298.0,Fail,902.7777777777777,72.22222222222221,30092.59259259259
Argon,1,90,150.0,1.8,80.0,80.0,38.2,0,0.7,30.0,Gas,3.0,298.0,298.0,Fail,1041.6666666666665,83.33333333333333,34722.22222222222
Argon,1,90,170.0,1.8,80.0,80.0,38.2,0,0.7,30.0,Gas,3.0,298.0,298.0,Fail,1180.5555555555554,94.44444444444444,39351.851851851854
Argon,1,90,195.0,1.8,80.0,80.0,38.2,0,0.7,30.0,Gas,3.0,298.0,298.0,Fail,1354.1666666666665,108.33333333333333,45138.88888888889
Argon,1,90,80.0,0.55,80.0,80.0,38.2,0,0.7,30.0,Gas,3.0,298.0,298.0,Fail,1818.1818181818182,145.45454545454544,60606.06060606061
Argon,1,90,80.0,0.7,80.0,80.0,38.2,0,0.7,30.0,Gas,3.0,298.0,298.0,Fail,1428.5714285714284,114.28571428571429,47619.047619047626
Argon,1,90,100.0,0.7,80.0,80.0,38.2,0,0.7,30.0,Gas,3.0,298.0,298.0,Fail,1785.7142857142858,142.85714285714286,59523.80952380953
Argon,1,90,90.0,0.9,80.0,80.0,38.2,0,0.7,30.0,Gas,3.0,298.0,298.0,Fail,1249.9999999999998,100.0,41666.666666666664
Argon,1,90,110.0,0.9,80.0,80.0,38.2,0,0.7,30.0,Gas,3.0,298.0,298.0,Fail,1527.7777777777776,122.22222222222221,50925.92592592593
Argon,1,90,100.0,1.05,80.0,80.0,38.2,0,0.7,30.0,Gas,3.0,298.0,298.0,Fail,1190.4761904761904,95.23809523809524,39682.53968253969
Argon,1,90,120.0,1.05,80.0,80.0,38.2,0,0.7,30.0,Gas,3.0,298.0,298.0,Fail,1428.5714285714284,114.28571428571428,47619.047619047626
Argon,1,90,130.0,1.15,80.0,80.0,38.2,0,0.7,30.0,Gas,3.0,298.0,298.0,Fail,1413.0434782608695,113.04347826086958,47101.44927536232
Argon,1,90,80.0,0.2,60.0,80.0,38.2,0,0.7,30.0,Gas,4.0,298.0,298.0,Fail,6666.666666666667,400.0,222222.22222222225
Argon,1,90,80.0,0.2,80.0,80.0,38.2,0,0.7,30.0,Gas,4.0,298.0,298.0,Fail,5000.0,400.0,166666.6666666667
Argon,1,90,80.0,0.2,100.0,80.0,38.2,0,0.7,30.0,Gas,4.0,298.0,298.0,Fail,4000.0,400.0,133333.33333333334
Argon,1,90,80.0,0.2,120.0,80.0,38.2,0,0.7,30.0,Gas,4.0,298.0,298.0,Fail,3333.3333333333335,400.0,111111.11111111112
Argon,1,90,80.0,0.15,60.0,80.0,38.2,0,0.7,30.0,Gas,4.0,298.0,298.0,Fail,8888.888888888889,533.3333333333334,296296.2962962963
Argon,1,90,80.0,0.15,80.0,80.0,38.2,0,0.7,30.0,Gas,4.0,298.0,298.0,Fail,6666.666666666667,533.3333333333334,222222.22222222225
Argon,1,90,80.0,0.15,100.0,80.0,38.2,0,0.7,30.0,Gas,4.0,298.0,298.0,Fail,5333.333333333334,533.3333333333334,177777.77777777778
Argon,1,90,80.0,0.15,120.0,80.0,38.2,0,0.7,30.0,Gas,4.0,298.0,298.0,Fail,4444.444444444444,533.3333333333334,148148.14814814815
Argon,1,90,100.0,0.25,60.0,80.0,38.2,0,0.7,30.0,Gas,4.0,298.0,298.0,Fail,6666.666666666667,400.0,222222.22222222222
Argon,1,90,100.0,0.25,80.0,80.0,38.2,0,0.7,30.0,Gas,4.0,298.0,298.0,Fail,5000.0,400.0,166666.6666666667
Argon,1,90,100.0,0.25,100.0,80.0,38.2,0,0.7,30.0,Gas,4.0,298.0,298.0,Fail,4000.0,400.0,133333.33333333334
Argon,1,90,100.0,0.25,120.0,80.0,38.2,0,0.7,30.0,Gas,4.0,298.0,298.0,Fail,3333.3333333333335,400.0,111111.11111111111
Argon,1,90,100.0,0.25,140.0,80.0,38.2,0,0.7,30.0,Gas,4.0,298.0,298.0,Fail,2857.142857142857,400.0,95238.09523809524
Argon,1,90,100.0,0.25,160.0,80.0,38.2,0,0.7,30.0,Gas,4.0,298.0,298.0,Fail,2500.0,400.0,83333.33333333334
Argon,1,90,100.0,0.4,60.0,80.0,38.2,0,0.7,30.0,Gas,4.0,298.0,298.0,Fail,4166.666666666667,250.0,138888.8888888889
Argon,1,90,100.0,0.4,80.0,80.0,38.2,0,0.7,30.0,Gas,4.0,298.0,298.0,Fail,3125.0,250.0,104166.66666666667
Argon,1,90,100.0,0.4,100.0,80.0,38.2,0,0.7,30.0,Gas,4.0,298.0,298.0,Fail,2500.0,250.0,83333.33333333334
Argon,1,90,100.0,0.4,120.0,80.0,38.2,0,0.7,30.0,Gas,4.0,298.0,298.0,Fail,2083.3333333333335,250.0,69444.44444444445
Argon,1,90,100.0,0.4,140.0,80.0,38.2,0,0.7,30.0,Gas,4.0,298.0,298.0,Fail,1785.7142857142858,250.0,59523.80952380953
Argon,1,90,100.0,0.6,60.0,80.0,38.2,0,0.7,30.0,Gas,4.0,298.0,298.0,Fail,2777.7777777777774,166.66666666666669,92592.5925925926
Argon,1,90,100.0,0.6,80.0,80.0,38.2,0,0.7,30.0,Gas,4.0,298.0,298.0,Fail,2083.3333333333335,166.66666666666669,69444.44444444445
Argon,1,90,100.0,0.6,100.0,80.0,38.2,0,0.7,30.0,Gas,4.0,298.0,298.0,Fail,1666.6666666666667,166.66666666666669,55555.555555555555
Argon,1,90,100.0,0.6,120.0,80.0,38.2,0,0.7,30.0,Gas,4.0,298.0,298.0,Fail,1388.8888888888887,166.66666666666669,46296.2962962963
Argon,1,90,100.0,0.2,100.0,80.0,38.2,0,0.7,30.0,Gas,4.0,298.0,298.0,Fail,5000.0,500.0,166666.6666666667
Argon,1,90,100.0,0.2,120.0,80.0,38.2,0,0.7,30.0,Gas,4.0,298.0,298.0,Fail,4166.666666666667,500.0,138888.8888888889
Argon,1,90,170.0,1.62,60.0,80.0,38.2,0,0.7,30.0,Gas,5.0,298.0,298.0,Fail,1748.9711934156378,104.93827160493827,58299.03978052126
Argon,1,90,189.0,1.8,60.0,80.0,38.2,0,0.7,30.0,Gas,5.0,298.0,298.0,Fail,1750.0,105.0,58333.333333333336
Argon,1,90,170.0,1.62,80.0,80.0,38.2,0,0.7,30.0,Gas,5.0,298.0,298.0,Fail,1311.7283950617282,104.93827160493827,43724.27983539094
Argon,1,90,189.0,1.8,80.0,80.0,38.2,0,0.7,30.0,Gas,5.0,298.0,298.0,Fail,1312.4999999999998,105.0,43750.0
Argon,1,90,170.0,1.62,100.0,80.0,38.2,0,0.7,30.0,Gas,5.0,298.0,298.0,Fail,1049.3827160493827,104.93827160493827,34979.42386831276
Argon,1,90,189.0,1.8,100.0,80.0,38.2,0,0.7,30.0,Gas,5.0,298.0,298.0,Fail,1050.0,105.0,35000.00000000001
Argon,1,90,170.0,1.7,70.0,80.0,38.2,0,0.7,30.0,Gas,5.0,298.0,298.0,Fail,1428.5714285714284,100.0,47619.04761904762
Argon,1,90,180.0,1.8,70.0,80.0,38.2,0,0.7,30.0,Gas,5.0,298.0,298.0,Fail,1428.5714285714287,100.0,47619.04761904762
Argon,1,90,170.0,1.7,80.0,80.0,38.2,0,0.7,30.0,Gas,5.0,298.0,298.0,Fail,1250.0,100.0,41666.66666666667
Argon,1,90,180.0,1.8,80.0,80.0,38.2,0,0.7,30.0,Gas,5.0,298.0,298.0,Fail,1249.9999999999998,100.0,41666.666666666664
Argon,1,90,170.0,1.7,90.0,80.0,38.2,0,0.7,30.0,Gas,5.0,298.0,298.0,Fail,1111.111111111111,100.0,37037.037037037044
Argon,1,90,180.0,1.8,90.0,80.0,38.2,0,0.7,30.0,Gas,5.0,298.0,298.0,Fail,1111.111111111111,100.0,37037.03703703704
Argon,1,90,170.0,1.8,60.0,80.0,38.2,0,0.7,30.0,Gas,5.0,298.0,298.0,Fail,1574.0740740740741,94.44444444444444,52469.135802469136
Argon,1,90,170.0,1.8,70.0,80.0,38.2,0,0.7,30.0,Gas,5.0,298.0,298.0,Fail,1349.2063492063492,94.44444444444444,44973.54497354497
Argon,1,90,170.0,1.8,90.0,80.0,38.2,0,0.7,30.0,Gas,5.0,298.0,298.0,Fail,1049.3827160493827,94.44444444444444,34979.42386831276
Argon,1,90,170.0,1.8,100.0,80.0,38.2,0,0.7,30.0,Gas,5.0,298.0,298.0,Fail,944.4444444444445,94.44444444444444,31481.481481481485
Argon,1,90,170.0,1.89,70.0,80.0,38.2,0,0.7,30.0,Gas,5.0,298.0,298.0,Fail,1284.958427815571,89.94708994708995,42831.94759385236
Argon,1,90,162.0,1.8,70.0,80.0,38.2,0,0.7,30.0,Gas,5.0,298.0,298.0,Fail,1285.7142857142858,90.0,42857.142857142855
Argon,1,90,170.0,1.89,80.0,80.0,38.2,0,0.7,30.0,Gas,5.0,298.0,298.0,Fail,1124.3386243386244,89.94708994708995,37477.95414462081
Argon,1,90,162.0,1.8,80.0,80.0,38.2,0,0.7,30.0,Gas,5.0,298.0,298.0,Fail,1124.9999999999998,90.0,37500.0
Argon,1,90,170.0,1.89,90.0,80.0,38.2,0,0.7,30.0,Gas,5.0,298.0,298.0,Fail,999.4121105232216,89.94708994708995,33313.73701744072
Argon,1,90,162.0,1.8,90.0,80.0,38.2,0,0.7,30.0,Gas,5.0,298.0,298.0,Fail,1000.0,90.0,33333.333333333336
Argon,1,90,170.0,2.0,60.0,80.0,38.2,0,0.7,30.0,Gas,5.0,298.0,298.0,Fail,1416.6666666666667,85.0,47222.222222222226
Argon,1,90,153.0,1.8,60.0,80.0,38.2,0,0.7,30.0,Gas,5.0,298.0,298.0,Fail,1416.6666666666667,85.0,47222.222222222226
Argon,1,90,170.0,2.0,80.0,80.0,38.2,0,0.7,30.0,Gas,5.0,298.0,298.0,Fail,1062.5,85.0,35416.66666666667
Argon,1,90,153.0,1.8,80.0,80.0,38.2,0,0.7,30.0,Gas,5.0,298.0,298.0,Fail,1062.4999999999998,85.0,35416.666666666664
Argon,1,90,80.0,0.33,80.0,80.0,44.7,0,0.7,40.0,Gas,0.0,298.0,298.0,Success,3030.30303030303,242.4242424242424,75757.57575757577
Argon,1,90,160.0,0.83,80.0,80.0,44.7,0,0.9,40.0,Gas,0.0,298.0,298.0,Success,2409.6385542168678,192.7710843373494,60240.963855421694
Argon,1,90,160.0,1.08,70.0,80.0,44.7,0,0.9,40.0,Gas,0.0,298.0,298.0,Success,2116.402116402116,148.14814814814815,52910.05291005291
Argon,1,90,240.0,1.33,80.0,80.0,44.7,0,0.9,40.0,Gas,0.0,298.0,298.0,Fail,2255.6390977443607,180.45112781954887,56390.97744360902
Argon,1,90,120.0,0.33,130.0,80.0,44.7,0,0.9,40.0,Gas,0.0,298.0,298.0,Fail,2797.2027972027972,363.6363636363636,69930.06993006993
Argon,1,90,160.0,0.58,110.0,80.0,44.7,0,0.9,40.0,Gas,0.0,298.0,298.0,Success,2507.8369905956115,275.86206896551727,62695.92476489028
Argon,1,90,200.0,0.83,100.0,80.0,44.7,0,0.9,40.0,Gas,0.0,298.0,298.0,Success,2409.6385542168673,240.96385542168676,60240.96385542169
Argon,1,90,200.0,1.08,80.0,80.0,44.7,0,0.9,40.0,Gas,0.0,298.0,298.0,Success,2314.814814814815,185.18518518518516,57870.37037037037
Argon,1,90,60.0,0.08,80.0,80.0,43.0,0,0.8,40.0,Gas,0.0,298.0,298.0,Success,9375.0,750.0,234375.0
Argon,1,90,60.0,0.08,120.0,80.0,43.0,0,0.8,40.0,Gas,0.0,298.0,298.0,Success,6250.000000000001,750.0,156250.0
Argon,1,90,60.0,0.12,100.0,80.0,43.0,0,0.8,40.0,Gas,0.0,298.0,298.0,Success,5000.0,500.0,125000.00000000001
Argon,1,90,60.0,0.16,100.0,80.0,43.0,0,0.8,40.0,Gas,0.0,298.0,298.0,Success,3750.0,375.0,93750.00000000001
Argon,1,90,65.0,0.08,120.0,80.0,43.0,0,0.8,40.0,Gas,0.0,298.0,298.0,Success,6770.833333333334,812.5,169270.83333333334
Argon,1,90,65.0,0.2,100.0,80.0,38.2,0,0.7,40.0,Gas,0.0,298.0,298.0,Success,3250.0,325.0,81250.0
Argon,1,90,65.0,0.297,100.0,80.0,38.2,0,0.7,40.0,Gas,0.0,298.0,298.0,Success,2188.5521885521885,218.85521885521888,54713.80471380471
Argon,1,90,72.0,0.12,120.0,80.0,38.2,0,0.7,40.0,Gas,0.0,298.0,298.0,Success,5000.0,600.0,125000.0
Argon,1,90,96.0,0.25,100.0,80.0,38.2,0,0.7,40.0,Gas,0.0,298.0,298.0,Success,3840.0,384.0,96000.0
Argon,1,90,96.0,0.2,100.0,80.0,38.2,0,0.7,40.0,Gas,0.0,298.0,298.0,Success,4800.0,480.0,120000.00000000001
Argon,1,90,96.0,0.297,100.0,80.0,38.2,0,0.7,40.0,Gas,0.0,298.0,298.0,Success,3232.3232323232323,323.23232323232327,80808.0808080808
Argon,1,90,96.0,0.297,80.0,80.0,38.2,0,0.7,40.0,Gas,0.0,298.0,298.0,Success,4040.4040404040406,323.23232323232327,101010.10101010103
Argon,1,90,96.0,0.35,80.0,80.0,38.2,0,0.7,40.0,Gas,0.0,298.0,298.0,Success,3428.5714285714284,274.2857142857143,85714.28571428572
Argon,1,90,80.0,0.33,80.0,80.0,38.2,0,0.7,40.0,Gas,0.0,298.0,298.0,Success,3030.30303030303,242.4242424242424,75757.57575757577
Argon,1,90,160.0,0.83,80.0,80.0,38.2,0,0.7,40.0,Gas,0.0,298.0,298.0,Success,2409.6385542168678,192.7710843373494,60240.963855421694
Argon,1,90,160.0,1.08,70.0,80.0,38.2,0,0.7,40.0,Gas,0.0,298.0,298.0,Fail,2116.402116402116,148.14814814814815,52910.05291005291
Argon,1,90,240.0,1.33,80.0,80.0,38.2,0,0.7,40.0,Gas,0.0,298.0,298.0,Fail,2255.6390977443607,180.45112781954887,56390.97744360902
Argon,1,90,120.0,0.33,130.0,80.0,38.2,0,0.7,40.0,Gas,0.0,298.0,298.0,Success,2797.2027972027972,363.6363636363636,69930.06993006993
Argon,1,90,160.0,0.58,110.0,80.0,38.2,0,0.7,40.0,Gas,0.0,298.0,298.0,Fail,2507.8369905956115,275.86206896551727,62695.92476489028
Argon,1,90,200.0,0.83,100.0,80.0,38.2,0,0.7,40.0,Gas,0.0,298.0,298.0,Fail,2409.6385542168673,240.96385542168676,60240.96385542169
Argon,1,90,200.0,1.08,80.0,80.0,38.2,0,0.7,40.0,Gas,0.0,298.0,298.0,Fail,2314.814814814815,185.18518518518516,57870.37037037037
Argon,1,90,60.0,0.205,85.0,80.0,38.2,0,0.7,32.0,Gas,0.0,298.0,298.0,Fail,3443.3285509325683,292.6829268292683,107604.01721664275
Argon,1,90,80.0,0.33,80.0,80.0,38.2,0,0.7,32.0,Gas,0.0,298.0,298.0,Fail,3030.30303030303,242.4242424242424,94696.9696969697
Argon,1,90,100.0,0.455,85.0,80.0,38.2,0,0.7,32.0,Gas,0.0,298.0,298.0,Fail,2585.6496444731733,219.78021978021977,80801.55138978668
Argon,1,90,120.0,0.58,90.0,80.0,38.2,0,0.7,32.0,Gas,0.0,298.0,298.0,Fail,2298.8505747126437,206.89655172413794,71839.08045977012
Argon,1,90,120.0,0.83,55.0,80.0,38.2,0,0.7,32.0,Gas,0.0,298.0,298.0,Fail,2628.6966046002194,144.57831325301206,82146.76889375685
Argon,1,90,160.0,1.08,60.0,80.0,38.2,0,0.7,32.0,Gas,0.0,298.0,298.0,Fail,2469.1358024691353,148.14814814814815,77160.49382716049
Argon,1,90,200.0,1.08,80.0,80.0,38.2,0,0.7,32.0,Gas,0.0,298.0,298.0,Fail,2314.814814814815,185.18518518518516,72337.96296296296
Argon,1,90,200.0,1.33,65.0,80.0,38.2,0,0.7,32.0,Gas,0.0,298.0,298.0,Fail,2313.475997686524,150.37593984962405,72296.12492770387
Argon,1,90,240.0,1.58,70.0,80.0,38.2,0,0.7,32.0,Gas,0.0,298.0,298.0,Fail,2169.9819168173594,151.89873417721518,67811.93490054249
Argon,1,90,240.0,1.83,65.0,80.0,38.2,0,0.7,32.0,Gas,0.0,298.0,298.0,Fail,2017.65447667087,131.14754098360655,63051.7023959647
Argon,1,90,240.0,1.33,80.0,80.0,38.2,0,0.7,32.0,Gas,0.0,298.0,298.0,Fail,2255.6390977443607,180.45112781954887,70488.72180451128
Argon,1,90,160.0,0.83,80.0,80.0,38.2,0,0.7,32.0,Gas,0.0,298.0,298.0,Fail,2409.6385542168678,192.7710843373494,75301.20481927712
Argon,1,90,160.0,1.08,45.0,80.0,38.2,0,0.7,32.0,Gas,0.0,298.0,298.0,Fail,3292.1810699588473,148.14814814814815,102880.65843621398
Argon,1,90,160.0,0.833,60.0,80.0,38.2,0,0.7,32.0,Gas,0.0,298.0,298.0,Fail,3201.280512204882,192.07683073229293,100040.01600640257
Argon,1,90,200.0,1.08,60.0,80.0,38.2,0,0.7,32.0,Gas,0.0,298.0,298.0,Fail,3086.4197530864194,185.18518518518516,96450.61728395062
Argon,1,90,200.0,1.33,45.0,80.0,38.2,0,0.7,32.0,Gas,0.0,298.0,298.0,Fail,3341.687552213868,150.37593984962405,104427.73600668338
Argon,1,90,200.0,0.95,65.0,80.0,38.2,0,0.7,32.0,Gas,0.0,298.0,298.0,Fail,3238.8663967611337,210.5263157894737,101214.57489878543
Argon,1,90,260.0,1.33,65.0,80.0,38.2,0,0.7,32.0,Gas,0.0,298.0,298.0,Success,3007.5187969924814,195.48872180451127,93984.96240601504
Argon,1,90,160.0,0.83,60.0,80.0,38.2,0,0.7,32.0,Gas,0.0,298.0,298.0,Fail,3212.8514056224903,192.7710843373494,100401.60642570282
Argon,1,90,160.0,1.08,80.0,80.0,38.2,0,0.7,32.0,Gas,0.0,298.0,298.0,Fail,1851.8518518518517,148.14814814814815,57870.37037037037
Argon,1,90,60.0,0.205,61.0,80.0,38.2,0,0.7,32.0,Gas,0.0,298.0,298.0,Fail,4798.0807676929235,292.6829268292683,149940.02399040386
Argon,1,90,120.0,0.58,43.0,80.0,38.2,0,0.7,32.0,Gas,0.0,298.0,298.0,Fail,4811.547714514836,206.89655172413794,150360.86607858865
Argon,1,90,160.0,1.08,31.0,80.0,38.2,0,0.7,32.0,Gas,0.0,298.0,298.0,Fail,4778.972520908004,148.14814814814815,149342.89127837511
Argon,1,90,240.0,1.58,32.0,80.0,38.2,0,0.7,32.0,Gas,0.0,298.0,298.0,Success,4746.835443037975,151.89873417721518,148338.6075949367
Argon,1,90,60.0,0.205,46.0,80.0,38.2,0,0.7,32.0,Gas,0.0,298.0,298.0,Fail,6362.672322375398,292.6829268292683,198833.5100742312
Argon,1,90,120.0,0.58,32.0,80.0,38.2,0,0.7,32.0,Gas,0.0,298.0,298.0,Fail,6465.517241379311,206.89655172413794,202047.41379310348
Argon,1,90,160.0,1.08,23.0,80.0,38.2,0,0.7,32.0,Gas,0.0,298.0,298.0,Success,6441.22383252818,148.14814814814815,201288.2447665056
Argon,1,90,240.0,1.58,24.0,80.0,38.2,0,0.7,32.0,Gas,0.0,298.0,298.0,Fail,6329.113924050633,151.89873417721518,197784.81012658228
Argon,1,90,60.0,0.205,98.0,80.0,38.2,0,0.7,32.0,Gas,0.0,298.0,298.0,Fail,2986.5604778496763,292.6829268292683,93330.0149328024
Argon,1,90,120.0,0.58,69.0,80.0,38.2,0,0.7,32.0,Gas,0.0,298.0,298.0,Fail,2998.5007496251874,206.89655172413794,93703.14842578712
Argon,1,90,160.0,1.08,49.0,80.0,38.2,0,0.7,32.0,Gas,0.0,298.0,298.0,Fail,3023.431594860166,148.14814814814815,94482.2373393802
Argon,1,90,240.0,1.58,51.0,80.0,38.2,0,0.7,32.0,Gas,0.0,298.0,298.0,Success,2978.4065524944153,151.89873417721518,93075.2047654505
Argon,1,90,60.0,0.205,73.0,80.0,38.2,0,0.7,32.0,Gas,0.0,298.0,298.0,Fail,4009.355162044771,292.6829268292683,125292.3488138991
Argon,1,90,120.0,0.58,52.0,80.0,38.2,0,0.7,32.0,Gas,0.0,298.0,298.0,Fail,3978.779840848807,206.89655172413794,124336.87002652521
Argon,1,90,160.0,1.08,37.0,80.0,38.2,0,0.7,32.0,Gas,0.0,298.0,298.0,Fail,4004.004004004004,148.14814814814815,125125.12512512514
Argon,1,90,240.0,1.58,38.0,80.0,38.2,0,0.7,32.0,Gas,0.0,298.0,298.0,Fail,3997.3351099267147,151.89873417721518,124916.72218520986
Argon,1,90,120.0,0.58,43.0,80.0,38.2,0,0.7,32.0,Gas,0.0,298.0,298.0,Success,4811.547714514836,206.89655172413794,150360.86607858865
Argon,1,90,120.0,0.58,32.0,80.0,38.2,0,0.7,32.0,Gas,0.0,298.0,298.0,Success,6465.517241379311,206.89655172413794,202047.41379310348
Argon,1,90,160.0,1.08,23.0,80.0,38.2,0,0.7,32.0,Gas,0.0,298.0,298.0,Fail,6441.22383252818,148.14814814814815,201288.2447665056
Argon,1,90,240.0,1.58,38.0,80.0,38.2,0,0.7,32.0,Gas,0.0,298.0,298.0,Success,3997.3351099267147,151.89873417721518,124916.72218520986
Argon,1,90,40.0,0.08,100.0,80.0,38.2,0,1,30.0,Gas,0.0,298.0,298.0,Fail,5000.0,500.0,166666.6666666667
Argon,1,90,80.0,0.08,100.0,80.0,38.2,0,1,30.0,Gas,0.0,298.0,298.0,Fail,10000.0,1000.0,333333.3333333334
Argon,1,90,120.0,0.08,100.0,80.0,38.2,0,1,30.0,Gas,0.0,298.0,298.0,Fail,15000.0,1500.0,500000.00000000006
Argon,1,90,160.0,0.08,100.0,80.0,38.2,0,1,30.0,Gas,0.0,298.0,298.0,Fail,20000.0,2000.0,666666.6666666667
Argon,1,90,200.0,0.08,100.0,80.0,38.2,0,1,30.0,Gas,0.0,298.0,298.0,Fail,25000.0,2500.0,833333.3333333334
Argon,1,90,240.0,0.08,100.0,80.0,38.2,0,1,30.0,Gas,0.0,298.0,298.0,Fail,30000.0,3000.0,1000000.0000000001
Argon,1,90,40.0,0.33,100.0,80.0,38.2,0,1,30.0,Gas,0.0,298.0,298.0,Fail,1212.121212121212,121.2121212121212,40404.0404040404
Argon,1,90,80.0,0.33,100.0,80.0,38.2,0,1,30.0,Gas,0.0,298.0,298.0,Fail,2424.242424242424,242.4242424242424,80808.0808080808
Argon,1,90,120.0,0.33,100.0,80.0,38.2,0,1,30.0,Gas,0.0,298.0,298.0,Fail,3636.363636363636,363.6363636363636,121212.12121212122
Argon,1,90,160.0,0.33,100.0,80.0,38.2,0,1,30.0,Gas,0.0,298.0,298.0,Fail,4848.484848484848,484.8484848484848,161616.1616161616
Argon,1,90,200.0,0.33,100.0,80.0,38.2,0,1,30.0,Gas,0.0,298.0,298.0,Fail,6060.60606060606,606.060606060606,202020.20202020204
Argon,1,90,240.0,0.33,100.0,80.0,38.2,0,1,30.0,Gas,0.0,298.0,298.0,Fail,7272.727272727272,727.2727272727273,242424.24242424243
Argon,1,90,40.0,0.58,100.0,80.0,38.2,0,1,30.0,Gas,0.0,298.0,298.0,Fail,689.6551724137931,68.96551724137932,22988.50574712644
Argon,1,90,80.0,0.58,100.0,80.0,38.2,0,1,30.0,Gas,0.0,298.0,298.0,Fail,1379.3103448275863,137.93103448275863,45977.01149425288
Argon,1,90,120.0,0.58,100.0,80.0,38.2,0,1,30.0,Gas,0.0,298.0,298.0,Fail,2068.9655172413795,206.89655172413794,68965.51724137932
Argon,1,90,160.0,0.58,100.0,80.0,38.2,0,1,30.0,Gas,0.0,298.0,298.0,Fail,2758.6206896551726,275.86206896551727,91954.02298850576
Argon,1,90,200.0,0.58,100.0,80.0,38.2,0,1,30.0,Gas,0.0,298.0,298.0,Fail,3448.2758620689656,344.82758620689657,114942.5287356322
Argon,1,90,240.0,0.58,100.0,80.0,38.2,0,1,30.0,Gas,0.0,298.0,298.0,Fail,4137.931034482759,413.7931034482759,137931.03448275864
Argon,1,90,40.0,0.83,100.0,80.0,38.2,0,1,30.0,Gas,0.0,298.0,298.0,Fail,481.92771084337346,48.19277108433735,16064.25702811245
Argon,1,90,80.0,0.83,100.0,80.0,38.2,0,1,30.0,Gas,0.0,298.0,298.0,Fail,963.8554216867469,96.3855421686747,32128.5140562249
Argon,1,90,120.0,0.83,100.0,80.0,38.2,0,1,30.0,Gas,0.0,298.0,298.0,Fail,1445.7831325301204,144.57831325301206,48192.77108433735
Argon,1,90,160.0,0.83,100.0,80.0,38.2,0,1,30.0,Gas,0.0,298.0,298.0,Fail,1927.7108433734938,192.7710843373494,64257.0281124498
Argon,1,90,200.0,0.83,100.0,80.0,38.2,0,1,30.0,Gas,0.0,298.0,298.0,Fail,2409.6385542168673,240.96385542168676,80321.28514056225
Argon,1,90,240.0,0.83,100.0,80.0,38.2,0,1,30.0,Gas,0.0,298.0,298.0,Fail,2891.5662650602408,289.1566265060241,96385.5421686747
Argon,1,90,40.0,1.08,100.0,80.0,38.2,0,1,30.0,Gas,0.0,298.0,298.0,Fail,370.3703703703704,37.03703703703704,12345.67901234568
Argon,1,90,80.0,1.08,100.0,80.0,38.2,0,1,30.0,Gas,0.0,298.0,298.0,Fail,740.7407407407408,74.07407407407408,24691.35802469136
Argon,1,90,120.0,1.08,100.0,80.0,38.2,0,1,30.0,Gas,0.0,298.0,298.0,Fail,1111.111111111111,111.1111111111111,37037.03703703704
Argon,1,90,160.0,1.08,100.0,80.0,38.2,0,1,30.0,Gas,0.0,298.0,298.0,Fail,1481.4814814814815,148.14814814814815,49382.71604938272
Argon,1,90,200.0,1.08,100.0,80.0,38.2,0,1,30.0,Gas,0.0,298.0,298.0,Fail,1851.851851851852,185.18518518518516,61728.3950617284
Argon,1,90,240.0,1.08,100.0,80.0,38.2,0,1,30.0,Gas,0.0,298.0,298.0,Fail,2222.222222222222,222.2222222222222,74074.07407407407
Argon,1,90,40.0,1.33,100.0,80.0,38.2,0,1,30.0,Gas,0.0,298.0,298.0,Fail,300.7518796992481,30.075187969924812,10025.062656641605
Argon,1,90,80.0,1.33,100.0,80.0,38.2,0,1,30.0,Gas,0.0,298.0,298.0,Fail,601.5037593984962,60.150375939849624,20050.12531328321
Argon,1,90,120.0,1.33,100.0,80.0,38.2,0,1,30.0,Gas,0.0,298.0,298.0,Fail,902.2556390977443,90.22556390977444,30075.187969924817
Argon,1,90,160.0,1.33,100.0,80.0,38.2,0,1,30.0,Gas,0.0,298.0,298.0,Fail,1203.0075187969924,120.30075187969925,40100.25062656642
Argon,1,90,200.0,1.33,100.0,80.0,38.2,0,1,30.0,Gas,0.0,298.0,298.0,Fail,1503.7593984962405,150.37593984962405,50125.31328320802
Argon,1,90,240.0,1.33,100.0,80.0,38.2,0,1,30.0,Gas,0.0,298.0,298.0,Fail,1804.5112781954886,180.45112781954887,60150.37593984963
Argon,1,90,40.0,1.58,100.0,80.0,38.2,0,1,30.0,Gas,0.0,298.0,298.0,Fail,253.1645569620253,25.31645569620253,8438.818565400845
Argon,1,90,80.0,1.58,100.0,80.0,38.2,0,1,30.0,Gas,0.0,298.0,298.0,Fail,506.3291139240506,50.63291139240506,16877.63713080169
Argon,1,90,120.0,1.58,100.0,80.0,38.2,0,1,30.0,Gas,0.0,298.0,298.0,Fail,759.493670886076,75.94936708860759,25316.455696202534
Argon,1,90,160.0,1.58,100.0,80.0,38.2,0,1,30.0,Gas,0.0,298.0,298.0,Fail,1012.6582278481012,101.26582278481013,33755.27426160338
Argon,1,90,200.0,1.58,100.0,80.0,38.2,0,1,30.0,Gas,0.0,298.0,298.0,Fail,1265.8227848101267,126.58227848101265,42194.09282700423
Argon,1,90,240.0,1.58,100.0,80.0,38.2,0,1,30.0,Gas,0.0,298.0,298.0,Fail,1518.987341772152,151.89873417721518,50632.91139240507
Argon,1,90,40.0,1.83,100.0,80.0,38.2,0,1,30.0,Gas,0.0,298.0,298.0,Fail,218.5792349726776,21.85792349726776,7285.974499089253
Argon,1,90,80.0,1.83,100.0,80.0,38.2,0,1,30.0,Gas,0.0,298.0,298.0,Fail,437.1584699453552,43.71584699453552,14571.948998178506
Argon,1,90,120.0,1.83,100.0,80.0,38.2,0,1,30.0,Gas,0.0,298.0,298.0,Fail,655.7377049180328,65.57377049180327,21857.92349726776
Argon,1,90,160.0,1.83,100.0,80.0,38.2,0,1,30.0,Gas,0.0,298.0,298.0,Fail,874.3169398907104,87.43169398907104,29143.897996357013
Argon,1,90,200.0,1.83,100.0,80.0,38.2,0,1,30.0,Gas,0.0,298.0,298.0,Fail,1092.896174863388,109.2896174863388,36429.87249544627
Argon,1,90,240.0,1.83,100.0,80.0,38.2,0,1,30.0,Gas,0.0,298.0,298.0,Fail,1311.4754098360656,131.14754098360655,43715.84699453552
Argon,1,90,40.0,2.08,100.0,80.0,38.2,0,1,30.0,Gas,0.0,298.0,298.0,Fail,192.3076923076923,19.23076923076923,6410.25641025641
Argon,1,90,80.0,2.08,100.0,80.0,38.2,0,1,30.0,Gas,0.0,298.0,298.0,Fail,384.6153846153846,38.46153846153846,12820.51282051282
Argon,1,90,120.0,2.08,100.0,80.0,38.2,0,1,30.0,Gas,0.0,298.0,298.0,Fail,576.9230769230769,57.69230769230769,19230.76923076923
Argon,1,90,160.0,2.08,100.0,80.0,38.2,0,1,30.0,Gas,0.0,298.0,298.0,Fail,769.2307692307692,76.92307692307692,25641.02564102564
Argon,1,90,200.0,2.08,100.0,80.0,38.2,0,1,30.0,Gas,0.0,298.0,298.0,Fail,961.5384615384614,96.15384615384615,32051.28205128205
Argon,1,90,240.0,2.08,100.0,80.0,38.2,0,1,30.0,Gas,0.0,298.0,298.0,Fail,1153.8461538461538,115.38461538461539,38461.53846153846
Argon,1,90,40.0,2.33,100.0,80.0,38.2,0,1,30.0,Gas,0.0,298.0,298.0,Fail,171.67381974248926,17.167381974248926,5722.460658082976
Argon,1,90,80.0,2.33,100.0,80.0,38.2,0,1,30.0,Gas,0.0,298.0,298.0,Fail,343.3476394849785,34.33476394849785,11444.921316165952
Argon,1,90,120.0,2.33,100.0,80.0,38.2,0,1,30.0,Gas,0.0,298.0,298.0,Fail,515.0214592274677,51.50214592274678,17167.38197424893
Argon,1,90,160.0,2.33,100.0,80.0,38.2,0,1,30.0,Gas,0.0,298.0,298.0,Fail,686.695278969957,68.6695278969957,22889.842632331904
Argon,1,90,200.0,2.33,100.0,80.0,38.2,0,1,30.0,Gas,0.0,298.0,298.0,Fail,858.3690987124463,85.83690987124463,28612.30329041488
Argon,1,90,240.0,2.33,100.0,80.0,38.2,0,1,30.0,Gas,0.0,298.0,298.0,Fail,1030.0429184549355,103.00429184549355,34334.76394849786
Argon,1,90,60.0,0.205,100.0,80.0,38.2,0,1,30.0,Gas,0.0,298.0,298.0,Fail,2926.8292682926826,292.6829268292683,97560.9756097561
Argon,1,90,100.0,0.205,100.0,80.0,38.2,0,1,30.0,Gas,0.0,298.0,298.0,Fail,4878.048780487805,487.8048780487805,162601.62601626015
Argon,1,90,140.0,0.205,100.0,80.0,38.2,0,1,30.0,Gas,0.0,298.0,298.0,Fail,6829.268292682927,682.9268292682927,227642.27642276423
Argon,1,90,60.0,0.455,100.0,80.0,38.2,0,1,30.0,Gas,0.0,298.0,298.0,Fail,1318.6813186813188,131.86813186813185,43956.04395604396
Argon,1,90,100.0,0.455,100.0,80.0,38.2,0,1,30.0,Gas,0.0,298.0,298.0,Fail,2197.802197802198,219.78021978021977,73260.07326007326
Argon,1,90,140.0,0.455,100.0,80.0,38.2,0,1,30.0,Gas,0.0,298.0,298.0,Fail,3076.923076923077,307.6923076923077,102564.10256410258
Argon,1,90,40.0,0.08,100.0,80.0,44.7,0,1,40.0,Gas,0.0,298.0,298.0,Fail,5000.0,500.0,125000.00000000001
Argon,1,90,80.0,0.08,100.0,80.0,44.7,0,1,40.0,Gas,0.0,298.0,298.0,Fail,10000.0,1000.0,250000.00000000003
Argon,1,90,120.0,0.08,100.0,80.0,44.7,0,1,40.0,Gas,0.0,298.0,298.0,Fail,15000.0,1500.0,375000.00000000006
Argon,1,90,160.0,0.08,100.0,80.0,44.7,0,1,40.0,Gas,0.0,298.0,298.0,Fail,20000.0,2000.0,500000.00000000006
Argon,1,90,200.0,0.08,100.0,80.0,44.7,0,1,40.0,Gas,0.0,298.0,298.0,Fail,25000.0,2500.0,625000.0
Argon,1,90,240.0,0.08,100.0,80.0,44.7,0,1,40.0,Gas,0.0,298.0,298.0,Fail,30000.0,3000.0,750000.0000000001
Argon,1,90,40.0,0.33,100.0,80.0,44.7,0,1,40.0,Gas,0.0,298.0,298.0,Fail,1212.121212121212,121.2121212121212,30303.030303030304
Argon,1,90,80.0,0.33,100.0,80.0,44.7,0,1,40.0,Gas,0.0,298.0,298.0,Fail,2424.242424242424,242.4242424242424,60606.06060606061
Argon,1,90,120.0,0.33,100.0,80.0,44.7,0,1,40.0,Gas,0.0,298.0,298.0,Fail,3636.363636363636,363.6363636363636,90909.09090909091
Argon,1,90,160.0,0.33,100.0,80.0,44.7,0,1,40.0,Gas,0.0,298.0,298.0,Fail,4848.484848484848,484.8484848484848,121212.12121212122
Argon,1,90,200.0,0.33,100.0,80.0,44.7,0,1,40.0,Gas,0.0,298.0,298.0,Fail,6060.60606060606,606.060606060606,151515.15151515152
Argon,1,90,240.0,0.33,100.0,80.0,44.7,0,1,40.0,Gas,0.0,298.0,298.0,Fail,7272.727272727272,727.2727272727273,181818.18181818182
Argon,1,90,40.0,0.58,100.0,80.0,44.7,0,1,40.0,Gas,0.0,298.0,298.0,Fail,689.6551724137931,68.96551724137932,17241.37931034483
Argon,1,90,80.0,0.58,100.0,80.0,44.7,0,1,40.0,Gas,0.0,298.0,298.0,Fail,1379.3103448275863,137.93103448275863,34482.75862068966
Argon,1,90,120.0,0.58,100.0,80.0,44.7,0,1,40.0,Gas,0.0,298.0,298.0,Fail,2068.9655172413795,206.89655172413794,51724.13793103449
Argon,1,90,160.0,0.58,100.0,80.0,44.7,0,1,40.0,Gas,0.0,298.0,298.0,Fail,2758.6206896551726,275.86206896551727,68965.51724137932
Argon,1,90,200.0,0.58,100.0,80.0,44.7,0,1,40.0,Gas,0.0,298.0,298.0,Fail,3448.2758620689656,344.82758620689657,86206.89655172416
Argon,1,90,240.0,0.58,100.0,80.0,44.7,0,1,40.0,Gas,0.0,298.0,298.0,Fail,4137.931034482759,413.7931034482759,103448.27586206899
Argon,1,90,40.0,0.83,100.0,80.0,44.7,0,1,40.0,Gas,0.0,298.0,298.0,Fail,481.92771084337346,48.19277108433735,12048.192771084337
Argon,1,90,80.0,0.83,100.0,80.0,44.7,0,1,40.0,Gas,0.0,298.0,298.0,Fail,963.8554216867469,96.3855421686747,24096.385542168675
Argon,1,90,120.0,0.83,100.0,80.0,44.7,0,1,40.0,Gas,0.0,298.0,298.0,Fail,1445.7831325301204,144.57831325301206,36144.57831325301
Argon,1,90,160.0,0.83,100.0,80.0,44.7,0,1,40.0,Gas,0.0,298.0,298.0,Fail,1927.7108433734938,192.7710843373494,48192.77108433735
Argon,1,90,200.0,0.83,100.0,80.0,44.7,0,1,40.0,Gas,0.0,298.0,298.0,Fail,2409.6385542168673,240.96385542168676,60240.96385542169
Argon,1,90,240.0,0.83,100.0,80.0,44.7,0,1,40.0,Gas,0.0,298.0,298.0,Fail,2891.5662650602408,289.1566265060241,72289.15662650602
Argon,1,90,40.0,1.08,100.0,80.0,44.7,0,1,40.0,Gas,0.0,298.0,298.0,Fail,370.3703703703704,37.03703703703704,9259.25925925926
Argon,1,90,80.0,1.08,100.0,80.0,44.7,0,1,40.0,Gas,0.0,298.0,298.0,Fail,740.7407407407408,74.07407407407408,18518.51851851852
Argon,1,90,120.0,1.08,100.0,80.0,44.7,0,1,40.0,Gas,0.0,298.0,298.0,Fail,1111.111111111111,111.1111111111111,27777.777777777777
Argon,1,90,160.0,1.08,100.0,80.0,44.7,0,1,40.0,Gas,0.0,298.0,298.0,Fail,1481.4814814814815,148.14814814814815,37037.03703703704
Argon,1,90,200.0,1.08,100.0,80.0,44.7,0,1,40.0,Gas,0.0,298.0,298.0,Fail,1851.851851851852,185.18518518518516,46296.2962962963
Argon,1,90,240.0,1.08,100.0,80.0,44.7,0,1,40.0,Gas,0.0,298.0,298.0,Fail,2222.222222222222,222.2222222222222,55555.555555555555
Argon,1,90,40.0,1.33,100.0,80.0,44.7,0,1,40.0,Gas,0.0,298.0,298.0,Fail,300.7518796992481,30.075187969924812,7518.796992481203
Argon,1,90,80.0,1.33,100.0,80.0,44.7,0,1,40.0,Gas,0.0,298.0,298.0,Fail,601.5037593984962,60.150375939849624,15037.593984962406
Argon,1,90,120.0,1.33,100.0,80.0,44.7,0,1,40.0,Gas,0.0,298.0,298.0,Fail,902.2556390977443,90.22556390977444,22556.390977443607
Argon,1,90,160.0,1.33,100.0,80.0,44.7,0,1,40.0,Gas,0.0,298.0,298.0,Fail,1203.0075187969924,120.30075187969925,30075.187969924813
Argon,1,90,200.0,1.33,100.0,80.0,44.7,0,1,40.0,Gas,0.0,298.0,298.0,Fail,1503.7593984962405,150.37593984962405,37593.984962406015
Argon,1,90,240.0,1.33,100.0,80.0,44.7,0,1,40.0,Gas,0.0,298.0,298.0,Fail,1804.5112781954886,180.45112781954887,45112.781954887214
Argon,1,90,40.0,1.58,100.0,80.0,44.7,0,1,40.0,Gas,0.0,298.0,298.0,Fail,253.1645569620253,25.31645569620253,6329.113924050633
Argon,1,90,80.0,1.58,100.0,80.0,44.7,0,1,40.0,Gas,0.0,298.0,298.0,Fail,506.3291139240506,50.63291139240506,12658.227848101265
Argon,1,90,120.0,1.58,100.0,80.0,44.7,0,1,40.0,Gas,0.0,298.0,298.0,Fail,759.493670886076,75.94936708860759,18987.3417721519
Argon,1,90,160.0,1.58,100.0,80.0,44.7,0,1,40.0,Gas,0.0,298.0,298.0,Fail,1012.6582278481012,101.26582278481013,25316.45569620253
Argon,1,90,200.0,1.58,100.0,80.0,44.7,0,1,40.0,Gas,0.0,298.0,298.0,Fail,1265.8227848101267,126.58227848101265,31645.569620253165
Argon,1,90,240.0,1.58,100.0,80.0,44.7,0,1,40.0,Gas,0.0,298.0,298.0,Fail,1518.987341772152,151.89873417721518,37974.6835443038
Argon,1,90,40.0,1.83,100.0,80.0,44.7,0,1,40.0,Gas,0.0,298.0,298.0,Fail,218.5792349726776,21.85792349726776,5464.480874316941
Argon,1,90,80.0,1.83,100.0,80.0,44.7,0,1,40.0,Gas,0.0,298.0,298.0,Fail,437.1584699453552,43.71584699453552,10928.961748633881
Argon,1,90,120.0,1.83,100.0,80.0,44.7,0,1,40.0,Gas,0.0,298.0,298.0,Fail,655.7377049180328,65.57377049180327,16393.44262295082
Argon,1,90,160.0,1.83,100.0,80.0,44.7,0,1,40.0,Gas,0.0,298.0,298.0,Fail,874.3169398907104,87.43169398907104,21857.923497267762
Argon,1,90,200.0,1.83,100.0,80.0,44.7,0,1,40.0,Gas,0.0,298.0,298.0,Fail,1092.896174863388,109.2896174863388,27322.404371584704
Argon,1,90,240.0,1.83,100.0,80.0,44.7,0,1,40.0,Gas,0.0,298.0,298.0,Fail,1311.4754098360656,131.14754098360655,32786.88524590164
Argon,1,90,40.0,2.08,100.0,80.0,44.7,0,1,40.0,Gas,0.0,298.0,298.0,Fail,192.3076923076923,19.23076923076923,4807.6923076923085
Argon,1,90,80.0,2.08,100.0,80.0,44.7,0,1,40.0,Gas,0.0,298.0,298.0,Fail,384.6153846153846,38.46153846153846,9615.384615384617
Argon,1,90,120.0,2.08,100.0,80.0,44.7,0,1,40.0,Gas,0.0,298.0,298.0,Fail,576.9230769230769,57.69230769230769,14423.076923076924
Argon,1,90,160.0,2.08,100.0,80.0,44.7,0,1,40.0,Gas,0.0,298.0,298.0,Fail,769.2307692307692,76.92307692307692,19230.769230769234
Argon,1,90,200.0,2.08,100.0,80.0,44.7,0,1,40.0,Gas,0.0,298.0,298.0,Fail,961.5384615384614,96.15384615384615,24038.46153846154
Argon,1,90,240.0,2.08,100.0,80.0,44.7,0,1,40.0,Gas,0.0,298.0,298.0,Fail,1153.8461538461538,115.38461538461539,28846.153846153848
Argon,1,90,40.0,2.33,100.0,80.0,44.7,0,1,40.0,Gas,0.0,298.0,298.0,Fail,171.67381974248926,17.167381974248926,4291.845493562231
Argon,1,90,80.0,2.33,100.0,80.0,44.7,0,1,40.0,Gas,0.0,298.0,298.0,Fail,343.3476394849785,34.33476394849785,8583.690987124462
Argon,1,90,120.0,2.33,100.0,80.0,44.7,0,1,40.0,Gas,0.0,298.0,298.0,Fail,515.0214592274677,51.50214592274678,12875.536480686695
Argon,1,90,160.0,2.33,100.0,80.0,44.7,0,1,40.0,Gas,0.0,298.0,298.0,Fail,686.695278969957,68.6695278969957,17167.381974248925
Argon,1,90,200.0,2.33,100.0,80.0,44.7,0,1,40.0,Gas,0.0,298.0,298.0,Fail,858.3690987124463,85.83690987124463,21459.227467811157
Argon,1,90,240.0,2.33,100.0,80.0,44.7,0,1,40.0,Gas,0.0,298.0,298.0,Fail,1030.0429184549355,103.00429184549355,25751.07296137339
Argon,1,90,40.0,0.08,100.0,80.0,43.0,0,1,40.0,Gas,0.0,298.0,298.0,Fail,5000.0,500.0,125000.00000000001
Argon,1,90,80.0,0.08,100.0,80.0,43.0,0,1,40.0,Gas,0.0,298.0,298.0,Fail,10000.0,1000.0,250000.00000000003
Argon,1,90,120.0,0.08,100.0,80.0,43.0,0,1,40.0,Gas,0.0,298.0,298.0,Fail,15000.0,1500.0,375000.00000000006
Argon,1,90,160.0,0.08,100.0,80.0,43.0,0,1,40.0,Gas,0.0,298.0,298.0,Fail,20000.0,2000.0,500000.00000000006
Argon,1,90,200.0,0.08,100.0,80.0,43.0,0,1,40.0,Gas,0.0,298.0,298.0,Fail,25000.0,2500.0,625000.0
Argon,1,90,240.0,0.08,100.0,80.0,43.0,0,1,40.0,Gas,0.0,298.0,298.0,Fail,30000.0,3000.0,750000.0000000001
Argon,1,90,40.0,0.33,100.0,80.0,43.0,0,1,40.0,Gas,0.0,298.0,298.0,Fail,1212.121212121212,121.2121212121212,30303.030303030304
Argon,1,90,80.0,0.33,100.0,80.0,43.0,0,1,40.0,Gas,0.0,298.0,298.0,Fail,2424.242424242424,242.4242424242424,60606.06060606061
Argon,1,90,120.0,0.33,100.0,80.0,43.0,0,1,40.0,Gas,0.0,298.0,298.0,Fail,3636.363636363636,363.6363636363636,90909.09090909091
Argon,1,90,160.0,0.33,100.0,80.0,43.0,0,1,40.0,Gas,0.0,298.0,298.0,Fail,4848.484848484848,484.8484848484848,121212.12121212122
Argon,1,90,200.0,0.33,100.0,80.0,43.0,0,1,40.0,Gas,0.0,298.0,298.0,Fail,6060.60606060606,606.060606060606,151515.15151515152
Argon,1,90,240.0,0.33,100.0,80.0,43.0,0,1,40.0,Gas,0.0,298.0,298.0,Fail,7272.727272727272,727.2727272727273,181818.18181818182
Argon,1,90,40.0,0.58,100.0,80.0,43.0,0,1,40.0,Gas,0.0,298.0,298.0,Fail,689.6551724137931,68.96551724137932,17241.37931034483
Argon,1,90,80.0,0.58,100.0,80.0,43.0,0,1,40.0,Gas,0.0,298.0,298.0,Fail,1379.3103448275863,137.93103448275863,34482.75862068966
Argon,1,90,120.0,0.58,100.0,80.0,43.0,0,1,40.0,Gas,0.0,298.0,298.0,Fail,2068.9655172413795,206.89655172413794,51724.13793103449
Argon,1,90,160.0,0.58,100.0,80.0,43.0,0,1,40.0,Gas,0.0,298.0,298.0,Fail,2758.6206896551726,275.86206896551727,68965.51724137932
Argon,1,90,200.0,0.58,100.0,80.0,43.0,0,1,40.0,Gas,0.0,298.0,298.0,Fail,3448.2758620689656,344.82758620689657,86206.89655172416
Argon,1,90,240.0,0.58,100.0,80.0,43.0,0,1,40.0,Gas,0.0,298.0,298.0,Fail,4137.931034482759,413.7931034482759,103448.27586206899
Argon,1,90,40.0,0.83,100.0,80.0,43.0,0,1,40.0,Gas,0.0,298.0,298.0,Fail,481.92771084337346,48.19277108433735,12048.192771084337
Argon,1,90,80.0,0.83,100.0,80.0,43.0,0,1,40.0,Gas,0.0,298.0,298.0,Fail,963.8554216867469,96.3855421686747,24096.385542168675
Argon,1,90,120.0,0.83,100.0,80.0,43.0,0,1,40.0,Gas,0.0,298.0,298.0,Fail,1445.7831325301204,144.57831325301206,36144.57831325301
Argon,1,90,160.0,0.83,100.0,80.0,43.0,0,1,40.0,Gas,0.0,298.0,298.0,Fail,1927.7108433734938,192.7710843373494,48192.77108433735
Argon,1,90,200.0,0.83,100.0,80.0,43.0,0,1,40.0,Gas,0.0,298.0,298.0,Fail,2409.6385542168673,240.96385542168676,60240.96385542169
Argon,1,90,240.0,0.83,100.0,80.0,43.0,0,1,40.0,Gas,0.0,298.0,298.0,Fail,2891.5662650602408,289.1566265060241,72289.15662650602
Argon,1,90,40.0,1.08,100.0,80.0,43.0,0,1,40.0,Gas,0.0,298.0,298.0,Fail,370.3703703703704,37.03703703703704,9259.25925925926
Argon,1,90,80.0,1.08,100.0,80.0,43.0,0,1,40.0,Gas,0.0,298.0,298.0,Fail,740.7407407407408,74.07407407407408,18518.51851851852
Argon,1,90,120.0,1.08,100.0,80.0,43.0,0,1,40.0,Gas,0.0,298.0,298.0,Fail,1111.111111111111,111.1111111111111,27777.777777777777
Argon,1,90,160.0,1.08,100.0,80.0,43.0,0,1,40.0,Gas,0.0,298.0,298.0,Fail,1481.4814814814815,148.14814814814815,37037.03703703704
Argon,1,90,200.0,1.08,100.0,80.0,43.0,0,1,40.0,Gas,0.0,298.0,298.0,Fail,1851.851851851852,185.18518518518516,46296.2962962963
Argon,1,90,240.0,1.08,100.0,80.0,43.0,0,1,40.0,Gas,0.0,298.0,298.0,Fail,2222.222222222222,222.2222222222222,55555.555555555555
Argon,1,90,40.0,1.33,100.0,80.0,43.0,0,1,40.0,Gas,0.0,298.0,298.0,Fail,300.7518796992481,30.075187969924812,7518.796992481203
Argon,1,90,80.0,1.33,100.0,80.0,43.0,0,1,40.0,Gas,0.0,298.0,298.0,Fail,601.5037593984962,60.150375939849624,15037.593984962406
Argon,1,90,120.0,1.33,100.0,80.0,43.0,0,1,40.0,Gas,0.0,298.0,298.0,Fail,902.2556390977443,90.22556390977444,22556.390977443607
Argon,1,90,160.0,1.33,100.0,80.0,43.0,0,1,40.0,Gas,0.0,298.0,298.0,Fail,1203.0075187969924,120.30075187969925,30075.187969924813
Argon,1,90,200.0,1.33,100.0,80.0,43.0,0,1,40.0,Gas,0.0,298.0,298.0,Fail,1503.7593984962405,150.37593984962405,37593.984962406015
Argon,1,90,240.0,1.33,100.0,80.0,43.0,0,1,40.0,Gas,0.0,298.0,298.0,Fail,1804.5112781954886,180.45112781954887,45112.781954887214
Argon,1,90,40.0,1.58,100.0,80.0,43.0,0,1,40.0,Gas,0.0,298.0,298.0,Fail,253.1645569620253,25.31645569620253,6329.113924050633
Argon,1,90,80.0,1.58,100.0,80.0,43.0,0,1,40.0,Gas,0.0,298.0,298.0,Fail,506.3291139240506,50.63291139240506,12658.227848101265
Argon,1,90,120.0,1.58,100.0,80.0,43.0,0,1,40.0,Gas,0.0,298.0,298.0,Fail,759.493670886076,75.94936708860759,18987.3417721519
Argon,1,90,160.0,1.58,100.0,80.0,43.0,0,1,40.0,Gas,0.0,298.0,298.0,Fail,1012.6582278481012,101.26582278481013,25316.45569620253
Argon,1,90,200.0,1.58,100.0,80.0,43.0,0,1,40.0,Gas,0.0,298.0,298.0,Fail,1265.8227848101267,126.58227848101265,31645.569620253165
Argon,1,90,240.0,1.58,100.0,80.0,43.0,0,1,40.0,Gas,0.0,298.0,298.0,Fail,1518.987341772152,151.89873417721518,37974.6835443038
Argon,1,90,40.0,1.83,100.0,80.0,43.0,0,1,40.0,Gas,0.0,298.0,298.0,Fail,218.5792349726776,21.85792349726776,5464.480874316941
Argon,1,90,80.0,1.83,100.0,80.0,43.0,0,1,40.0,Gas,0.0,298.0,298.0,Fail,437.1584699453552,43.71584699453552,10928.961748633881
Argon,1,90,120.0,1.83,100.0,80.0,43.0,0,1,40.0,Gas,0.0,298.0,298.0,Fail,655.7377049180328,65.57377049180327,16393.44262295082
Argon,1,90,160.0,1.83,100.0,80.0,43.0,0,1,40.0,Gas,0.0,298.0,298.0,Fail,874.3169398907104,87.43169398907104,21857.923497267762
Argon,1,90,200.0,1.83,100.0,80.0,43.0,0,1,40.0,Gas,0.0,298.0,298.0,Fail,1092.896174863388,109.2896174863388,27322.404371584704
Argon,1,90,240.0,1.83,100.0,80.0,43.0,0,1,40.0,Gas,0.0,298.0,298.0,Fail,1311.4754098360656,131.14754098360655,32786.88524590164
Argon,1,90,40.0,2.08,100.0,80.0,43.0,0,1,40.0,Gas,0.0,298.0,298.0,Fail,192.3076923076923,19.23076923076923,4807.6923076923085
Argon,1,90,80.0,2.08,100.0,80.0,43.0,0,1,40.0,Gas,0.0,298.0,298.0,Fail,384.6153846153846,38.46153846153846,9615.384615384617
Argon,1,90,120.0,2.08,100.0,80.0,43.0,0,1,40.0,Gas,0.0,298.0,298.0,Fail,576.9230769230769,57.69230769230769,14423.076923076924
Argon,1,90,160.0,2.08,100.0,80.0,43.0,0,1,40.0,Gas,0.0,298.0,298.0,Fail,769.2307692307692,76.92307692307692,19230.769230769234
Argon,1,90,200.0,2.08,100.0,80.0,43.0,0,1,40.0,Gas,0.0,298.0,298.0,Fail,961.5384615384614,96.15384615384615,24038.46153846154
Argon,1,90,240.0,2.08,100.0,80.0,43.0,0,1,40.0,Gas,0.0,298.0,298.0,Fail,1153.8461538461538,115.38461538461539,28846.153846153848
Argon,1,90,40.0,2.33,100.0,80.0,43.0,0,1,40.0,Gas,0.0,298.0,298.0,Fail,171.67381974248926,17.167381974248926,4291.845493562231
Argon,1,90,80.0,2.33,100.0,80.0,43.0,0,1,40.0,Gas,0.0,298.0,298.0,Fail,343.3476394849785,34.33476394849785,8583.690987124462
Argon,1,90,120.0,2.33,100.0,80.0,43.0,0,1,40.0,Gas,0.0,298.0,298.0,Fail,515.0214592274677,51.50214592274678,12875.536480686695
Argon,1,90,160.0,2.33,100.0,80.0,43.0,0,1,40.0,Gas,0.0,298.0,298.0,Fail,686.695278969957,68.6695278969957,17167.381974248925
Argon,1,90,200.0,2.33,100.0,80.0,43.0,0,1,40.0,Gas,0.0,298.0,298.0,Fail,858.3690987124463,85.83690987124463,21459.227467811157
Argon,1,90,240.0,2.33,100.0,80.0,43.0,0,1,40.0,Gas,0.0,298.0,298.0,Fail,1030.0429184549355,103.00429184549355,25751.07296137339
Argon,1,90,400.0,1.2,90.0,80.0,90.1,0,1,40.0,Gas,0.0,298.0,298.0,Fail,3703.703703703704,333.33333333333337,92592.5925925926
Argon,1,90,200.0,0.6,85.0,65.0,18.9,0,1,50.0,Gas,0.0,298.0,298.0,Success,3921.5686274509803,333.33333333333337,78431.37254901961
Argon,1,90,200.0,0.5,85.0,65.0,18.9,0,1,50.0,Gas,0.0,298.0,298.0,Success,4705.882352941177,400.0,94117.64705882354
Argon,1,90,200.0,0.43,85.0,65.0,18.9,0,1,50.0,Gas,0.0,298.0,298.0,Success,5471.956224350205,465.1162790697675,109439.12448700413
Argon,1,90,200.0,0.75,85.0,65.0,18.9,0,1,50.0,Gas,0.0,298.0,298.0,Success,3137.254901960784,266.6666666666667,62745.09803921569
Argon,1,90,200.0,0.75,60.0,65.0,18.9,0,1,50.0,Gas,0.0,298.0,298.0,Success,4444.444444444444,266.6666666666667,88888.88888888889
Argon,1,90,200.0,0.75,110.0,65.0,18.9,0,1,50.0,Gas,0.0,298.0,298.0,Success,2424.242424242424,266.6666666666667,48484.84848484848
Argon,1,90,200.0,0.75,85.0,65.0,18.9,0,1,50.0,Gas,0.0,298.0,298.0,Fail,3137.254901960784,266.6666666666667,62745.09803921569
Argon,1,90,100.0,0.04,100.0,300.0,23.54,0,1,100.0,Gas,0.0,298.0,298.0,Fail,25000.0,2500.0,250000.00000000003
Argon,1,90,100.0,0.14,100.0,400.0,28.18,0,1,100.0,Gas,0.0,298.0,298.0,Fail,7142.857142857142,714.2857142857142,71428.57142857142
Argon,1,90,100.0,0.2,100.0,500.0,32.81999999999999,0,1,100.0,Gas,0.0,298.0,298.0,Fail,5000.0,500.0,50000.0
Argon,1,90,150.0,0.04,100.0,400.0,37.459999999999994,0,1,100.0,Gas,0.0,298.0,298.0,Fail,37500.0,3750.0,375000.00000000006
Argon,1,90,150.0,0.14,100.0,500.0,42.099999999999994,0,1,100.0,Gas,0.0,298.0,298.0,Fail,10714.285714285712,1071.4285714285713,107142.85714285713
Argon,1,90,150.0,0.2,100.0,300.0,46.739999999999995,0,1,100.0,Gas,0.0,298.0,298.0,Fail,7500.0,750.0,75000.0
Argon,1,90,200.0,0.04,100.0,500.0,51.379999999999995,0,1,100.0,Gas,0.0,298.0,298.0,Fail,50000.0,5000.0,500000.00000000006
Argon,1,90,200.0,0.14,100.0,300.0,56.019999999999996,0,1,100.0,Gas,0.0,298.0,298.0,Fail,14285.714285714284,1428.5714285714284,142857.14285714284
Argon,1,90,200.0,0.2,100.0,400.0,60.66,0,1,100.0,Gas,0.0,298.0,298.0,Fail,10000.0,1000.0,100000.0
Argon,1,90,160.0,0.6,120.0,80.0,65.3,0,1,30.0,Gas,0.0,298.0,473.0,Fail,2222.222222222222,266.6666666666667,74074.07407407407
Argon,1,90,160.0,0.65,120.0,80.0,65.3,0,1,30.0,Gas,0.0,298.0,473.0,Fail,2051.2820512820513,246.15384615384613,68376.06837606838
Argon,1,90,160.0,0.7,120.0,80.0,65.3,0,1,30.0,Gas,0.0,298.0,473.0,Fail,1904.7619047619046,228.57142857142858,63492.0634920635
Argon,1,90,160.0,0.75,120.0,80.0,65.3,0,1,30.0,Gas,0.0,298.0,473.0,Fail,1777.7777777777778,213.33333333333334,59259.25925925926
Argon,1,90,160.0,0.8,120.0,80.0,65.3,0,1,30.0,Gas,0.0,298.0,473.0,Fail,1666.6666666666667,200.0,55555.55555555556
Argon,1,90,200.0,0.6,120.0,80.0,65.3,0,1,30.0,Gas,0.0,298.0,473.0,Fail,2777.7777777777774,333.33333333333337,92592.5925925926
Argon,1,90,200.0,0.65,120.0,80.0,65.3,0,1,30.0,Gas,0.0,298.0,473.0,Fail,2564.102564102564,307.6923076923077,85470.08547008547
Argon,1,90,200.0,0.7,120.0,80.0,65.3,0,1,30.0,Gas,0.0,298.0,473.0,Fail,2380.9523809523807,285.7142857142857,79365.07936507938
Argon,1,90,200.0,0.75,120.0,80.0,65.3,0,1,30.0,Gas,0.0,298.0,473.0,Fail,2222.222222222222,266.6666666666667,74074.07407407409
Argon,1,90,200.0,0.8,120.0,80.0,65.3,0,1,30.0,Gas,0.0,298.0,473.0,Fail,2083.3333333333335,250.0,69444.44444444445
Argon,1,90,240.0,0.6,120.0,80.0,65.3,0,1,30.0,Gas,0.0,298.0,473.0,Fail,3333.333333333333,400.0,111111.11111111111
Argon,1,90,240.0,0.65,120.0,80.0,65.3,0,1,30.0,Gas,0.0,298.0,473.0,Fail,3076.923076923077,369.2307692307692,102564.10256410256
Argon,1,90,240.0,0.7,120.0,80.0,65.3,0,1,30.0,Gas,0.0,298.0,473.0,Fail,2857.142857142857,342.8571428571429,95238.09523809525
Argon,1,90,240.0,0.75,120.0,80.0,65.3,0,1,30.0,Gas,0.0,298.0,473.0,Fail,2666.666666666667,320.0,88888.8888888889
Argon,1,90,240.0,0.8,120.0,80.0,65.3,0,1,30.0,Gas,0.0,298.0,473.0,Fail,2500.0,300.0,83333.33333333334
Argon,1,90,280.0,0.6,120.0,80.0,65.3,0,1,30.0,Gas,0.0,298.0,473.0,Fail,3888.8888888888882,466.6666666666667,129629.62962962964
Argon,1,90,280.0,0.65,120.0,80.0,65.3,0,1,30.0,Gas,0.0,298.0,473.0,Fail,3589.74358974359,430.7692307692308,119658.11965811966
Argon,1,90,280.0,0.7,120.0,80.0,65.3,0,1,30.0,Gas,0.0,298.0,473.0,Fail,3333.333333333333,400.0,111111.11111111112
Argon,1,90,280.0,0.75,120.0,80.0,65.3,0,1,30.0,Gas,0.0,298.0,473.0,Fail,3111.1111111111113,373.3333333333333,103703.70370370371
Argon,1,90,280.0,0.8,120.0,80.0,65.3,0,1,30.0,Gas,0.0,298.0,473.0,Fail,2916.6666666666665,350.0,97222.22222222223
Argon,1,90,320.0,0.6,120.0,80.0,65.3,0,1,30.0,Gas,0.0,298.0,473.0,Fail,4444.444444444444,533.3333333333334,148148.14814814815
Argon,1,90,320.0,0.65,120.0,80.0,65.3,0,1,30.0,Gas,0.0,298.0,473.0,Fail,4102.5641025641025,492.30769230769226,136752.13675213675
Argon,1,90,320.0,0.7,120.0,80.0,65.3,0,1,30.0,Gas,0.0,298.0,473.0,Fail,3809.523809523809,457.14285714285717,126984.126984127
Argon,1,90,320.0,0.75,120.0,80.0,65.3,0,1,30.0,Gas,0.0,298.0,473.0,Fail,3555.5555555555557,426.6666666666667,118518.51851851853
Argon,1,90,320.0,0.8,120.0,80.0,65.3,0,1,30.0,Gas,0.0,298.0,473.0,Fail,3333.3333333333335,400.0,111111.11111111112
Argon,1,90,400.0,0.05,100.0,70.0,41.0,0,1,250.0,Gas,0.0,298.0,373.15,Fail,80000.0,8000.0,320000.0
Argon,1,90,400.0,0.075,100.0,70.0,41.0,0,1,250.0,Gas,0.0,298.0,373.15,Fail,53333.333333333336,5333.333333333334,213333.33333333334
Argon,1,90,400.0,0.1,100.0,70.0,41.0,0,1,250.0,Gas,0.0,298.0,373.15,Fail,40000.0,4000.0,160000.0
Argon,1,90,400.0,0.05,300.0,70.0,41.0,0,1,250.0,Gas,0.0,298.0,373.15,Fail,26666.666666666668,8000.0,106666.66666666667
Argon,1,90,400.0,0.075,280.0,70.0,41.0,0,1,250.0,Gas,0.0,298.0,373.15,Fail,19047.619047619046,5333.333333333334,76190.4761904762
Argon,1,90,400.0,0.1,260.0,70.0,41.0,0,1,250.0,Gas,0.0,298.0,373.15,Fail,15384.615384615383,4000.0,61538.46153846154
Argon,1,90,400.0,0.125,240.0,70.0,41.0,0,1,250.0,Gas,0.0,298.0,373.15,Fail,13333.333333333334,3200.0,53333.333333333336
Argon,>=2,90,400.0,0.1,260.0,70.0,41.0,0,1,250.0,Gas,0.0,298.0,373.15,Fail,15384.615384615383,4000.0,61538.46153846154
Argon,1,90,200.0,0.25,90.0,75.0,48.2,0,1,79.63533333333334,Gas,0.0,298.0,298.0,Fail,8888.888888888889,800.0,111619.91187607958
Argon,1,90,200.0,0.167,90.0,75.0,48.2,0,1,94.05433333333333,Gas,0.0,298.0,298.0,Fail,13306.71989354624,1197.6047904191616,141479.07302034186
Argon,1,90,200.0,0.125,90.0,75.0,48.2,0,1,120.27100000000002,Gas,0.0,298.0,298.0,Fail,17777.777777777777,1600.0,147814.33411028242
Argon,1,90,100.0,0.05,100.0,600.0,60.0,N18,0.5,150.0,Gas,0.0,298.0,298.0,Fail,20000.0,2000.0,133333.33333333334
Argon,1,90,100.0,0.05,100.0,600.0,60.0,N18,0.5,150.0,Gas,0.0,298.0,298.0,Success,20000.0,2000.0,133333.33333333334
Argon,1,90,185.0,0.597,100.0,80.0,60.42857142857143,0,1,20.0,Gas,0.0,298.0,298.0,Fail,3098.8274706867674,309.88274706867674,154941.37353433837
Argon,1,90,185.0,0.597,100.0,80.0,60.857142857142854,0,1,20.0,Gas,0.0,298.0,298.0,Fail,3098.8274706867674,309.88274706867674,154941.37353433837
Argon,1,90,185.0,0.597,100.0,80.0,61.285714285714285,0,1,20.0,Gas,0.0,298.0,298.0,Fail,3098.8274706867674,309.88274706867674,154941.37353433837
Argon,1,90,185.0,0.597,100.0,80.0,61.714285714285715,0,1,20.0,Gas,0.0,298.0,298.0,Fail,3098.8274706867674,309.88274706867674,154941.37353433837
Argon,1,90,185.0,0.597,100.0,80.0,62.142857142857146,0,1,20.0,Gas,0.0,298.0,298.0,Fail,3098.8274706867674,309.88274706867674,154941.37353433837
Argon,1,90,185.0,0.597,100.0,80.0,62.57142857142857,0,1,20.0,Gas,0.0,298.0,298.0,Fail,3098.8274706867674,309.88274706867674,154941.37353433837
Argon,1,90,185.0,7.0,100.0,80.0,63.0,0,1,40.0,Gas,0.0,298.0,298.0,Fail,264.2857142857143,26.428571428571427,6607.142857142858
Argon,1,90,200.0,0.1,100.0,80.0,62.911475409836065,0,1,40.0,Gas,0.0,298.0,298.0,Fail,20000.0,2000.0,500000.00000000006
Argon,1,90,300.0,0.1,100.0,80.0,62.82295081967213,0,1,40.0,Gas,0.0,298.0,298.0,Fail,30000.0,3000.0,750000.0000000001
Argon,1,90,400.0,0.1,100.0,80.0,62.734426229508195,0,1,40.0,Gas,0.0,298.0,298.0,Fail,40000.0,4000.0,1000000.0000000001
Argon,1,90,500.0,0.1,100.0,80.0,62.64590163934426,0,1,40.0,Gas,0.0,298.0,298.0,Fail,50000.0,5000.0,1250000.0
Argon,1,90,200.0,0.3,100.0,80.0,62.557377049180324,0,1,40.0,Gas,0.0,298.0,298.0,Fail,6666.666666666667,666.6666666666667,166666.6666666667
Argon,1,90,300.0,0.3,100.0,80.0,62.4688524590164,0,1,40.0,Gas,0.0,298.0,298.0,Fail,10000.0,1000.0,250000.00000000003
Argon,1,90,400.0,0.3,100.0,80.0,62.38032786885246,0,1,40.0,Gas,0.0,298.0,298.0,Fail,13333.333333333334,1333.3333333333335,333333.3333333334
Argon,1,90,500.0,0.3,100.0,80.0,62.291803278688526,0,1,40.0,Gas,0.0,298.0,298.0,Fail,16666.666666666668,1666.6666666666667,416666.6666666667
Argon,1,90,200.0,0.8,100.0,80.0,62.20327868852459,0,1,40.0,Gas,0.0,298.0,298.0,Fail,2500.0,250.0,62500.00000000001
Argon,1,90,300.0,0.8,100.0,80.0,62.114754098360656,0,1,40.0,Gas,0.0,298.0,298.0,Fail,3750.0,375.0,93750.00000000001
Argon,1,90,400.0,0.8,100.0,80.0,62.02622950819672,0,1,40.0,Gas,0.0,298.0,298.0,Fail,5000.0,500.0,125000.00000000001
Argon,1,90,500.0,0.8,100.0,80.0,61.937704918032786,0,1,40.0,Gas,0.0,298.0,298.0,Fail,6250.0,625.0,156250.0
Argon,1,90,200.0,1.0,100.0,80.0,61.84918032786885,0,1,40.0,Gas,0.0,298.0,298.0,Fail,2000.0,200.0,50000.0
Argon,1,90,300.0,1.0,100.0,80.0,61.760655737704916,0,1,40.0,Gas,0.0,298.0,298.0,Fail,3000.0,300.0,75000.0
Argon,1,90,400.0,1.0,100.0,80.0,61.67213114754098,0,1,40.0,Gas,0.0,298.0,298.0,Fail,4000.0,400.0,100000.0
Argon,1,90,500.0,1.0,100.0,80.0,61.58360655737705,0,1,40.0,Gas,0.0,298.0,298.0,Fail,5000.0,500.0,125000.0
Argon,1,90,200.0,1.2,100.0,80.0,61.49508196721312,0,1,40.0,Gas,0.0,298.0,298.0,Fail,1666.6666666666667,166.66666666666669,41666.66666666667
Argon,1,90,300.0,1.2,100.0,80.0,61.40655737704918,0,1,40.0,Gas,0.0,298.0,298.0,Fail,2500.0,250.0,62500.00000000001
Argon,1,90,400.0,1.2,100.0,80.0,61.31803278688525,0,1,40.0,Gas,0.0,298.0,298.0,Fail,3333.3333333333335,333.33333333333337,83333.33333333334
Argon,1,90,500.0,1.2,100.0,80.0,61.22950819672131,0,1,40.0,Gas,0.0,298.0,298.0,Fail,4166.666666666667,416.6666666666667,104166.66666666667
Argon,1,90,200.0,1.5,100.0,80.0,61.14098360655738,0,1,40.0,Gas,0.0,298.0,298.0,Fail,1333.3333333333335,133.33333333333334,33333.333333333336
Argon,1,90,300.0,1.5,100.0,80.0,61.05245901639344,0,1,40.0,Gas,0.0,298.0,298.0,Fail,2000.0,200.0,50000.0
Argon,1,90,400.0,1.5,100.0,80.0,60.96393442622951,0,1,40.0,Gas,0.0,298.0,298.0,Fail,2666.666666666667,266.6666666666667,66666.66666666667
Argon,1,90,500.0,1.5,100.0,80.0,60.87540983606557,0,1,40.0,Gas,0.0,298.0,298.0,Fail,3333.3333333333335,333.3333333333333,83333.33333333333
Argon,1,90,200.0,1.8,100.0,80.0,60.78688524590164,0,1,40.0,Gas,0.0,298.0,298.0,Fail,1111.111111111111,111.11111111111111,27777.777777777777
Argon,1,90,300.0,1.8,100.0,80.0,60.69836065573771,0,1,40.0,Gas,0.0,298.0,298.0,Fail,1666.6666666666667,166.66666666666666,41666.666666666664
Argon,1,90,400.0,1.8,100.0,80.0,60.609836065573774,0,1,40.0,Gas,0.0,298.0,298.0,Fail,2222.222222222222,222.22222222222223,55555.555555555555
Argon,1,90,500.0,1.8,100.0,80.0,60.52131147540984,0,1,40.0,Gas,0.0,298.0,298.0,Fail,2777.777777777778,277.77777777777777,69444.44444444445
Argon,1,90,200.0,0.1,100.0,80.0,60.4327868852459,0,1,40.0,Gas,0.0,298.0,298.0,Fail,20000.0,2000.0,500000.00000000006
Argon,1,90,300.0,0.1,100.0,80.0,60.34426229508197,0,1,40.0,Gas,0.0,298.0,298.0,Fail,30000.0,3000.0,750000.0000000001
Argon,1,90,400.0,0.1,100.0,80.0,60.25573770491803,0,1,40.0,Gas,0.0,298.0,298.0,Fail,40000.0,4000.0,1000000.0000000001
Argon,1,90,500.0,0.1,100.0,80.0,60.1672131147541,0,1,40.0,Gas,0.0,298.0,298.0,Fail,50000.0,5000.0,1250000.0
Argon,1,90,200.0,0.3,100.0,80.0,60.07868852459016,0,1,40.0,Gas,0.0,298.0,298.0,Fail,6666.666666666667,666.6666666666667,166666.6666666667
Argon,1,90,300.0,0.3,100.0,80.0,59.99016393442623,0,1,40.0,Gas,0.0,298.0,298.0,Fail,10000.0,1000.0,250000.00000000003
Argon,1,90,400.0,0.3,100.0,80.0,59.90163934426229,0,1,40.0,Gas,0.0,298.0,298.0,Fail,13333.333333333334,1333.3333333333335,333333.3333333334
Argon,1,90,500.0,0.3,100.0,80.0,59.813114754098365,0,1,40.0,Gas,0.0,298.0,298.0,Fail,16666.666666666668,1666.6666666666667,416666.6666666667
Argon,1,90,200.0,0.5,100.0,80.0,59.72459016393443,0,1,40.0,Gas,0.0,298.0,298.0,Fail,4000.0,400.0,100000.0
Argon,1,90,300.0,0.5,100.0,80.0,59.636065573770495,0,1,40.0,Gas,0.0,298.0,298.0,Fail,6000.0,600.0,150000.0
Argon,1,90,400.0,0.5,100.0,80.0,59.54754098360656,0,1,40.0,Gas,0.0,298.0,298.0,Fail,8000.0,800.0,200000.0
Argon,1,90,500.0,0.5,100.0,80.0,59.459016393442624,0,1,40.0,Gas,0.0,298.0,298.0,Fail,10000.0,1000.0,250000.0
Argon,1,90,200.0,0.8,100.0,80.0,59.37049180327869,0,1,40.0,Gas,0.0,298.0,298.0,Fail,2500.0,250.0,62500.00000000001
Argon,1,90,300.0,0.8,100.0,80.0,59.281967213114754,0,1,40.0,Gas,0.0,298.0,298.0,Fail,3750.0,375.0,93750.00000000001
Argon,1,90,400.0,0.8,100.0,80.0,59.19344262295082,0,1,40.0,Gas,0.0,298.0,298.0,Fail,5000.0,500.0,125000.00000000001
Argon,1,90,500.0,0.8,100.0,80.0,59.104918032786884,0,1,40.0,Gas,0.0,298.0,298.0,Fail,6250.0,625.0,156250.0
Argon,1,90,200.0,1.0,100.0,80.0,59.01639344262295,0,1,40.0,Gas,0.0,298.0,298.0,Fail,2000.0,200.0,50000.0
Argon,1,90,300.0,1.0,100.0,80.0,58.927868852459014,0,1,40.0,Gas,0.0,298.0,298.0,Fail,3000.0,300.0,75000.0
Argon,1,90,400.0,1.0,100.0,80.0,58.839344262295086,0,1,40.0,Gas,0.0,298.0,298.0,Fail,4000.0,400.0,100000.0
Argon,1,90,500.0,1.0,100.0,80.0,58.75081967213115,0,1,40.0,Gas,0.0,298.0,298.0,Fail,5000.0,500.0,125000.0
Argon,1,90,200.0,1.2,100.0,80.0,58.662295081967216,0,1,40.0,Gas,0.0,298.0,298.0,Fail,1666.6666666666667,166.66666666666669,41666.66666666667
Argon,1,90,300.0,1.2,100.0,80.0,58.57377049180328,0,1,40.0,Gas,0.0,298.0,298.0,Fail,2500.0,250.0,62500.00000000001
Argon,1,90,400.0,1.2,100.0,80.0,58.485245901639345,0,1,40.0,Gas,0.0,298.0,298.0,Fail,3333.3333333333335,333.33333333333337,83333.33333333334
Argon,1,90,500.0,1.2,100.0,80.0,58.39672131147541,0,1,40.0,Gas,0.0,298.0,298.0,Fail,4166.666666666667,416.6666666666667,104166.66666666667
Argon,1,90,200.0,1.5,100.0,80.0,58.308196721311475,0,1,40.0,Gas,0.0,298.0,298.0,Fail,1333.3333333333335,133.33333333333334,33333.333333333336
Argon,1,90,300.0,1.5,100.0,80.0,58.21967213114754,0,1,40.0,Gas,0.0,298.0,298.0,Fail,2000.0,200.0,50000.0
Argon,1,90,400.0,1.5,100.0,80.0,58.131147540983605,0,1,40.0,Gas,0.0,298.0,298.0,Fail,2666.666666666667,266.6666666666667,66666.66666666667
Argon,1,90,500.0,1.5,100.0,80.0,58.04262295081968,0,1,40.0,Gas,0.0,298.0,298.0,Fail,3333.3333333333335,333.3333333333333,83333.33333333333
Argon,1,90,100.0,0.2,100.0,70.0,57.95409836065574,0,1,30.0,Gas,0.0,298.0,298.0,Fail,5000.0,500.0,166666.6666666667
Argon,1,90,100.0,0.3,100.0,71.0,57.86557377049181,0,1,30.0,Gas,0.0,298.0,298.0,Fail,3333.3333333333335,333.33333333333337,111111.11111111111
Argon,1,90,100.0,0.4,100.0,72.0,57.77704918032787,0,1,30.0,Gas,0.0,298.0,298.0,Fail,2500.0,250.0,83333.33333333334
Argon,1,90,100.0,0.5,100.0,73.0,57.68852459016394,0,1,30.0,Gas,0.0,298.0,298.0,Fail,2000.0,200.0,66666.66666666667
Argon,1,90,155.0,0.54,120.0,80.0,57.6,0,1,30.0,Gas,0.0,298.0,298.0,Fail,2391.975308641975,287.037037037037,79732.51028806582
Argon,1,90,155.0,0.54,160.0,80.0,57.6,0,1,30.0,Gas,0.0,298.0,298.0,Fail,1793.9814814814813,287.037037037037,59799.38271604939
Argon,1,90,155.0,0.68,120.0,80.0,57.6,0,1,30.0,Gas,0.0,298.0,298.0,Fail,1899.5098039215684,227.94117647058823,63316.99346405228
Argon,1,90,155.0,0.68,160.0,80.0,57.6,0,1,30.0,Gas,0.0,298.0,298.0,Fail,1424.6323529411764,227.94117647058823,47487.74509803921
Argon,1,90,175.0,0.61,140.0,80.0,57.6,0,1,30.0,Gas,0.0,298.0,298.0,Fail,2049.1803278688526,286.88524590163934,68306.01092896175
Argon,1,90,195.0,0.54,120.0,80.0,57.6,0,1,30.0,Gas,0.0,298.0,298.0,Fail,3009.2592592592587,361.1111111111111,100308.64197530862
Argon,1,90,195.0,0.54,160.0,80.0,57.6,0,1,30.0,Gas,0.0,298.0,298.0,Fail,2256.9444444444443,361.1111111111111,75231.48148148149
Argon,1,90,195.0,0.68,120.0,80.0,57.6,0,1,30.0,Gas,0.0,298.0,298.0,Fail,2389.705882352941,286.7647058823529,79656.86274509803
Argon,1,90,195.0,0.68,160.0,80.0,57.6,0,1,30.0,Gas,0.0,298.0,298.0,Fail,1792.2794117647059,286.7647058823529,59742.647058823524
Argon,1,90,75.0,0.8,100.0,80.0,57.451764705882354,0,1,40.0,Gas,0.0,298.0,298.0,Fail,937.5,93.75,23437.500000000004
Argon,1,90,75.0,1.5,100.0,80.0,57.30352941176471,0,1,40.0,Gas,0.0,298.0,298.0,Fail,500.0,50.0,12500.0
Argon,1,90,75.0,2.2,100.0,80.0,57.15529411764706,0,1,40.0,Gas,0.0,298.0,298.0,Fail,340.9090909090909,34.090909090909086,8522.72727272727
Argon,1,90,150.0,0.8,100.0,80.0,57.00705882352941,0,1,40.0,Gas,0.0,298.0,298.0,Fail,1875.0,187.5,46875.00000000001
Argon,1,90,150.0,1.5,100.0,80.0,56.858823529411765,0,1,40.0,Gas,0.0,298.0,298.0,Fail,1000.0,100.0,25000.0
Argon,1,90,150.0,2.2,100.0,80.0,56.71058823529412,0,1,40.0,Gas,0.0,298.0,298.0,Fail,681.8181818181818,68.18181818181817,17045.45454545454
Argon,1,90,225.0,0.8,100.0,80.0,56.56235294117647,0,1,40.0,Gas,0.0,298.0,298.0,Fail,2812.5,281.25,70312.5
Argon,1,90,225.0,1.5,100.0,80.0,56.41411764705882,0,1,40.0,Gas,0.0,298.0,298.0,Fail,1500.0,150.0,37500.0
Argon,1,90,225.0,2.2,100.0,80.0,56.265882352941176,0,1,40.0,Gas,0.0,298.0,298.0,Fail,1022.7272727272726,102.27272727272727,25568.181818181813
Argon,1,90,300.0,0.8,100.0,80.0,56.11764705882353,0,1,40.0,Gas,0.0,298.0,298.0,Fail,3750.0,375.0,93750.00000000001
Argon,1,90,300.0,1.5,100.0,80.0,55.96941176470588,0,1,40.0,Gas,0.0,298.0,298.0,Fail,2000.0,200.0,50000.0
Argon,1,90,300.0,2.2,100.0,80.0,55.821176470588235,0,1,40.0,Gas,0.0,298.0,298.0,Fail,1363.6363636363635,136.36363636363635,34090.90909090908
Argon,1,90,75.0,0.8,100.0,80.0,55.67294117647059,0,1,40.0,Gas,0.0,298.0,298.0,Fail,937.5,93.75,23437.500000000004
Argon,1,90,75.0,1.2,100.0,80.0,55.52470588235294,0,1,40.0,Gas,0.0,298.0,298.0,Fail,625.0,62.5,15625.000000000002
Argon,1,90,75.0,1.6,100.0,80.0,55.37647058823529,0,1,40.0,Gas,0.0,298.0,298.0,Fail,468.75,46.875,11718.750000000002
Argon,1,90,75.0,2.0,100.0,80.0,55.228235294117646,0,1,40.0,Gas,0.0,298.0,298.0,Fail,375.0,37.5,9375.0
Argon,1,90,120.0,0.8,100.0,80.0,55.08,0,1,40.0,Gas,0.0,298.0,298.0,Fail,1500.0,150.0,37500.0
Argon,1,90,120.0,1.2,100.0,80.0,54.93176470588235,0,1,40.0,Gas,0.0,298.0,298.0,Fail,1000.0,100.0,25000.000000000004
Argon,1,90,120.0,1.6,100.0,80.0,54.783529411764704,0,1,40.0,Gas,0.0,298.0,298.0,Fail,750.0,75.0,18750.0
Argon,1,90,120.0,2.0,100.0,80.0,54.635294117647064,0,1,40.0,Gas,0.0,298.0,298.0,Fail,600.0,60.0,15000.0
Argon,1,90,165.0,0.8,100.0,80.0,54.48705882352941,0,1,40.0,Gas,0.0,298.0,298.0,Fail,2062.5,206.25,51562.50000000001
Argon,1,90,165.0,1.2,100.0,80.0,54.33882352941177,0,1,40.0,Gas,0.0,298.0,298.0,Fail,1375.0,137.5,34375.0
Argon,1,90,165.0,1.6,100.0,80.0,54.19058823529412,0,1,40.0,Gas,0.0,298.0,298.0,Fail,1031.25,103.125,25781.250000000004
Argon,1,90,165.0,2.0,100.0,80.0,54.042352941176475,0,1,40.0,Gas,0.0,298.0,298.0,Fail,825.0,82.5,20625.0
Argon,1,90,225.0,0.8,100.0,80.0,53.89411764705883,0,1,40.0,Gas,0.0,298.0,298.0,Fail,2812.5,281.25,70312.5
Argon,1,90,225.0,2.0,100.0,80.0,53.74588235294118,0,1,40.0,Gas,0.0,298.0,298.0,Fail,1125.0,112.5,28125.0
Argon,1,90,285.0,0.8,100.0,80.0,53.59764705882353,0,1,40.0,Gas,0.0,298.0,298.0,Fail,3562.5,356.25,89062.50000000001
Argon,1,90,285.0,2.0,100.0,80.0,53.449411764705886,0,1,40.0,Gas,0.0,298.0,298.0,Fail,1425.0,142.5,35625.0
Argon,1,90,330.0,0.8,100.0,80.0,53.30117647058824,0,1,40.0,Gas,0.0,298.0,298.0,Fail,4125.0,412.5,103125.00000000001
Argon,1,90,330.0,2.0,100.0,80.0,53.15294117647059,0,1,40.0,Gas,0.0,298.0,298.0,Fail,1650.0,165.0,41250.0
Argon,1,90,375.0,0.8,100.0,80.0,53.004705882352944,0,1,40.0,Gas,0.0,298.0,298.0,Fail,4687.5,468.75,117187.50000000001
Argon,1,90,375.0,2.0,100.0,80.0,52.8564705882353,0,1,40.0,Gas,0.0,298.0,298.0,Fail,1875.0,187.5,46875.0
Argon,1,90,115.0,0.216216216,75.0,80.0,52.70823529411765,0,1,50.0,Gas,0.0,298.0,378.0,Fail,7091.666673758335,531.875000531875,141833.33347516667
Argon,1,90,115.0,0.211640212,75.0,80.0,52.56,0,1,50.0,Gas,0.0,298.0,378.0,Success,7244.999987683499,543.3749990762625,144899.99975367
Argon,1,90,115.0,0.207253886,75.0,80.0,52.411764705882355,0,1,50.0,Gas,0.0,298.0,378.0,Fail,7398.33333370325,554.8750000277438,147966.666674065
Argon,1,90,115.0,0.204081633,75.0,80.0,52.26352941176471,0,1,50.0,Gas,0.0,298.0,378.0,Fail,7513.333320560666,563.4999990420499,150266.66641121334
Argon,1,90,115.0,0.2,75.0,80.0,52.11529411764706,0,1,50.0,Gas,0.0,298.0,378.0,Fail,7666.666666666667,575.0,153333.33333333334
Argon,1,90,115.0,0.248648649,75.0,80.0,51.96705882352941,0,1,50.0,Gas,0.0,298.0,378.0,Fail,6166.666657952898,462.4999993464674,123333.33315905798
Argon,1,90,115.0,0.243386243,75.0,80.0,51.818823529411766,0,1,50.0,Gas,0.0,298.0,378.0,Fail,6300.000009997826,472.50000074983694,126000.00019995653
Argon,1,90,115.0,0.238341969,75.0,80.0,51.67058823529412,0,1,50.0,Gas,0.0,298.0,378.0,Fail,6433.333330955797,482.4999998216848,128666.66661911595
Argon,1,90,115.0,0.234693878,75.0,80.0,51.52235294117647,0,1,50.0,Gas,0.0,298.0,378.0,Fail,6533.333320834784,489.9999990626087,130666.66641669568
Argon,1,90,115.0,0.23,75.0,80.0,51.374117647058824,0,1,50.0,Gas,0.0,298.0,378.0,Fail,6666.666666666666,500.0,133333.33333333334
Argon,1,90,115.0,0.286486486,75.0,80.0,51.22588235294118,0,1,50.0,Gas,0.0,298.0,378.0,Fail,5352.201266950279,401.41509502127093,107044.0253390056
Argon,1,90,115.0,0.28042328,75.0,80.0,51.07764705882353,0,1,50.0,Gas,0.0,298.0,378.0,Fail,5467.924536555359,410.0943402416518,109358.49073110719
Argon,1,90,115.0,0.274611399,75.0,80.0,50.92941176470588,0,1,50.0,Gas,0.0,298.0,378.0,Fail,5583.647798004677,418.7735848503507,111672.95596009353
Argon,1,90,115.0,0.270408163,75.0,80.0,50.781176470588235,0,1,50.0,Gas,0.0,298.0,378.0,Fail,5670.440257135779,425.2830192851834,113408.80514271556
Argon,1,90,115.0,0.265,75.0,80.0,50.63294117647059,0,1,50.0,Gas,0.0,298.0,378.0,Fail,5786.163522012578,433.9622641509434,115723.27044025157
Argon,1,90,115.0,0.318918919,75.0,80.0,50.48470588235294,0,1,50.0,Gas,0.0,298.0,378.0,Fail,4807.909603297423,360.59322024730676,96158.19206594847
Argon,1,90,115.0,0.312169312,75.0,80.0,50.336470588235294,0,1,50.0,Gas,0.0,298.0,378.0,Fail,4911.864409443723,368.38983070827925,98237.28818887449
Argon,1,90,115.0,0.305699482,75.0,80.0,50.188235294117646,0,1,50.0,Gas,0.0,298.0,378.0,Fail,5015.819206829186,376.186440512189,100316.38413658373
Argon,1,90,115.0,0.301020408,75.0,80.0,50.04,0,1,50.0,Gas,0.0,298.0,378.0,Fail,5093.785313497194,382.03389851228957,101875.7062699439
Argon,1,90,115.0,0.295,75.0,80.0,49.89176470588235,0,1,50.0,Gas,0.0,298.0,378.0,Fail,5197.740112994351,389.8305084745763,103954.802259887
Argon,1,90,115.0,0.351351351,75.0,80.0,49.743529411764705,0,1,50.0,Gas,0.0,298.0,378.0,Fail,4364.1025684666665,327.307692635,87282.05136933333
Argon,1,90,115.0,0.343915344,75.0,80.0,49.59529411764706,0,1,50.0,Gas,0.0,298.0,378.0,Fail,4458.461537364071,334.3846153023053,89169.23074728143
Argon,1,90,115.0,0.336787565,75.0,80.0,49.44705882352941,0,1,50.0,Gas,0.0,298.0,378.0,Fail,4552.82050966856,341.461538225142,91056.41019337121
Argon,1,90,115.0,0.331632653,75.0,80.0,49.29882352941176,0,1,50.0,Gas,0.0,298.0,378.0,Fail,4623.5897444433285,346.7692308332497,92471.79488886659
Argon,1,90,115.0,0.325,75.0,80.0,49.150588235294116,0,1,50.0,Gas,0.0,298.0,378.0,Fail,4717.948717948718,353.8461538461538,94358.97435897436
Argon,1,90,115.0,0.211640212,75.0,80.0,49.00235294117647,0,1,50.0,Gas,0.0,298.0,378.0,Success,7244.999987683499,543.3749990762625,144899.99975367
Argon,1,90,119.0,0.211640212,75.0,80.0,48.85411764705883,0,1,50.0,Gas,0.0,298.0,378.0,Success,7496.999987255099,562.2749990441325,149939.99974510202
Argon,1,90,123.0,0.211640212,75.0,80.0,48.705882352941174,0,1,50.0,Gas,0.0,298.0,378.0,Success,7748.999986826699,581.1749990120026,154979.999736534
Argon,1,90,127.0,0.211640212,75.0,80.0,48.557647058823534,0,1,50.0,Gas,0.0,298.0,378.0,Success,8000.9999863982985,600.0749989798725,160019.999727966
Argon,1,90,131.0,0.211640212,75.0,80.0,48.40941176470588,0,1,50.0,Gas,0.0,298.0,378.0,Success,8252.999985969898,618.9749989477425,165059.999719398
Argon,1,90,135.0,0.211640212,75.0,80.0,48.26117647058824,0,1,50.0,Gas,0.0,298.0,378.0,Success,8504.999985541499,637.8749989156125,170099.99971083002
Argon,1,90,115.0,0.211640212,75.0,80.0,48.112941176470585,0,1,50.0,Gas,0.0,298.0,378.0,Success,7244.999987683499,543.3749990762625,144899.99975367
Argon,1,90,119.0,0.211640212,75.0,80.0,47.964705882352945,0,1,50.0,Gas,0.0,298.0,378.0,Success,7496.999987255099,562.2749990441325,149939.99974510202
Argon,1,90,123.0,0.211640212,75.0,80.0,47.81647058823529,0,1,50.0,Gas,0.0,298.0,378.0,Success,7748.999986826699,581.1749990120026,154979.999736534
Argon,1,90,127.0,0.211640212,75.0,80.0,47.66823529411765,0,1,50.0,Gas,0.0,298.0,378.0,Success,8000.9999863982985,600.0749989798725,160019.999727966
Argon,1,90,131.0,0.211640212,75.0,80.0,47.519999999999996,0,1,50.0,Gas,0.0,298.0,378.0,Success,8252.999985969898,618.9749989477425,165059.999719398
Argon,1,90,135.0,0.211640212,75.0,80.0,47.371764705882356,0,1,50.0,Gas,0.0,298.0,378.0,Success,8504.999985541499,637.8749989156125,170099.99971083002
Argon,1,90,115.0,0.211640212,75.0,80.0,47.22352941176471,0,1,50.0,Gas,0.0,298.0,378.0,Success,7244.999987683499,543.3749990762625,144899.99975367
Argon,1,90,119.0,0.211640212,75.0,80.0,47.07529411764706,0,1,50.0,Gas,0.0,298.0,378.0,Success,7496.999987255099,562.2749990441325,149939.99974510202
Argon,1,90,123.0,0.211640212,75.0,80.0,46.927058823529414,0,1,50.0,Gas,0.0,298.0,378.0,Success,7748.999986826699,581.1749990120026,154979.999736534
Argon,1,90,127.0,0.211640212,75.0,80.0,46.77882352941177,0,1,50.0,Gas,0.0,298.0,378.0,Success,8000.9999863982985,600.0749989798725,160019.999727966
Argon,1,90,131.0,0.211640212,75.0,80.0,46.63058823529412,0,1,50.0,Gas,0.0,298.0,378.0,Success,8252.999985969898,618.9749989477425,165059.999719398
Argon,1,90,135.0,0.211640212,75.0,80.0,46.48235294117647,0,1,50.0,Gas,0.0,298.0,378.0,Success,8504.999985541499,637.8749989156125,170099.99971083002
Argon,1,90,115.0,0.211640212,75.0,80.0,46.334117647058825,0,1,50.0,Gas,0.0,298.0,378.0,Success,7244.999987683499,543.3749990762625,144899.99975367
Argon,1,90,119.0,0.211640212,75.0,80.0,46.18588235294118,0,1,50.0,Gas,0.0,298.0,378.0,Success,7496.999987255099,562.2749990441325,149939.99974510202
Argon,1,90,123.0,0.211640212,75.0,80.0,46.03764705882353,0,1,50.0,Gas,0.0,298.0,378.0,Success,7748.999986826699,581.1749990120026,154979.999736534
Argon,1,90,127.0,0.211640212,75.0,80.0,45.88941176470588,0,1,50.0,Gas,0.0,298.0,378.0,Success,8000.9999863982985,600.0749989798725,160019.999727966
Argon,1,90,131.0,0.211640212,75.0,80.0,45.741176470588236,0,1,50.0,Gas,0.0,298.0,378.0,Success,8252.999985969898,618.9749989477425,165059.999719398
Argon,1,90,135.0,0.211640212,75.0,80.0,45.59294117647059,0,1,50.0,Gas,0.0,298.0,378.0,Success,8504.999985541499,637.8749989156125,170099.99971083002
Argon,1,90,185.0,1.2,100.0,80.0,45.44470588235294,0,1,31.867666666666665,Gas,0.0,298.0,378.0,Fail,1541.6666666666667,154.16666666666669,48377.14297668483
Argon,1,90,185.0,1.2,100.0,80.0,45.296470588235294,0,1,31.900999999999996,Gas,0.0,298.0,378.0,Fail,1541.6666666666667,154.16666666666669,48326.593732693866
Argon,1,90,185.0,1.2,100.0,80.0,45.14823529411765,0,1,31.284333333333333,Gas,0.0,298.0,378.0,Fail,1541.6666666666667,154.16666666666669,49279.19192780199
Argon,1,90,95.0,0.8,50.0,80.0,45.0,0,1,20.0,Gas,0.0,298.0,298.0,Fail,2375.0,118.75,118750.00000000001
Argon,1,90,1900.0,0.01,100.0,2500.0,45.714285714285715,0,1,500.0,Gas,0.0,298.0,298.0,Fail,1900000.0,190000.0,3800000.0
Argon,1,90,1900.0,0.01,100.0,2500.0,46.42857142857143,0,1,500.0,Gas,0.0,298.0,298.0,Fail,1900000.0,190000.0,3800000.0
Argon,1,90,1900.0,0.01,100.0,2500.0,47.142857142857146,0,1,500.0,Gas,0.0,298.0,298.0,Fail,1900000.0,190000.0,3800000.0
Argon,1,90,1900.0,0.01,100.0,2500.0,47.857142857142854,0,1,500.0,Gas,0.0,298.0,298.0,Fail,1900000.0,190000.0,3800000.0
Argon,1,90,1900.0,0.01,100.0,2500.0,48.57142857142857,0,1,500.0,Gas,0.0,298.0,298.0,Fail,1900000.0,190000.0,3800000.0
Argon,1,90,1900.0,0.01,100.0,2500.0,49.285714285714285,0,1,500.0,Gas,0.0,298.0,298.0,Fail,1900000.0,190000.0,3800000.0
Argon,>=2,0,100.0,8.57,160.0,180.0,50.0,0,0.75,50.0,Gas,0.0,298.0,298.0,Success,72.92882147024504,11.668611435239207,1458.5764294049009
Argon,>=2,90,100.0,8.57,160.0,180.0,50.0,0,0.75,50.0,Gas,0.0,298.0,298.0,Success,72.92882147024504,11.668611435239207,1458.5764294049009
Argon,>=2,45,100.0,8.57,160.0,180.0,50.0,0,0.75,50.0,Gas,0.0,298.0,298.0,Success,72.92882147024504,11.668611435239207,1458.5764294049009
Argon,>=2,45x45,100.0,8.57,160.0,180.0,50.0,0,0.75,50.0,Gas,0.0,298.0,298.0,Success,72.92882147024504,11.668611435239207,1458.5764294049009
Argon,1,90,100.0,0.0857,160.0,180.0,48.24466666666667,0,1,50.0,Gas,0.0,298.0,298.0,Success,7292.882147024504,1166.8611435239206,145857.6429404901
Argon,1,90,100.0,0.0857,160.0,180.0,46.489333333333335,0,1,50.0,Gas,0.0,298.0,298.0,Success,7292.882147024504,1166.8611435239206,145857.6429404901
Argon,1,90,100.0,0.0857,160.0,180.0,44.734,0,1,50.0,Gas,0.0,298.0,298.0,Success,7292.882147024504,1166.8611435239206,145857.6429404901
Argon,1,90,100.0,0.0857,160.0,180.0,42.97866666666667,0,1,50.0,Gas,0.0,298.0,298.0,Success,7292.882147024504,1166.8611435239206,145857.6429404901
Argon,1,90,100.0,0.0857,160.0,180.0,41.223333333333336,0,1,50.0,Gas,0.0,298.0,298.0,Success,7292.882147024504,1166.8611435239206,145857.6429404901
Argon,1,90,100.0,0.0857,160.0,180.0,39.468,0,1,50.0,Gas,0.0,298.0,298.0,Success,7292.882147024504,1166.8611435239206,145857.6429404901
Argon,1,90,100.0,0.0857,160.0,180.0,37.712666666666664,0,1,50.0,Gas,0.0,298.0,298.0,Success,7292.882147024504,1166.8611435239206,145857.6429404901
Argon,1,90,100.0,0.0857,160.0,180.0,35.95733333333334,0,1,50.0,Gas,0.0,298.0,298.0,Success,7292.882147024504,1166.8611435239206,145857.6429404901
Argon,1,90,100.0,0.0857,160.0,180.0,34.202,0,1,50.0,Gas,0.0,298.0,298.0,Success,7292.882147024504,1166.8611435239206,145857.6429404901
Argon,1,90,100.0,0.0857,160.0,180.0,32.44666666666667,0,1,50.0,Gas,0.0,298.0,298.0,Success,7292.882147024504,1166.8611435239206,145857.6429404901
Argon,1,90,100.0,0.0857,160.0,180.0,30.691333333333336,0,1,50.0,Gas,0.0,298.0,298.0,Success,7292.882147024504,1166.8611435239206,145857.6429404901
Argon,1,90,100.0,0.0857,160.0,180.0,28.936,0,1,50.0,Gas,0.0,298.0,298.0,Success,7292.882147024504,1166.8611435239206,145857.6429404901
Argon,1,90,100.0,0.0857,160.0,180.0,27.180666666666667,0,1,50.0,Gas,0.0,298.0,298.0,Success,7292.882147024504,1166.8611435239206,145857.6429404901
Argon,1,90,100.0,0.0857,160.0,180.0,25.425333333333334,0,1,50.0,Gas,0.0,298.0,298.0,Success,7292.882147024504,1166.8611435239206,145857.6429404901
Argon,1,90,200.0,0.1,100.0,100.0,23.67,0,1,20.0,Gas,0.0,298.0,323.0,Fail,20000.0,2000.0,1000000.0000000001
Argon,1,90,200.0,0.2,100.0,100.0,23.67,0,1,20.0,Gas,0.0,298.0,323.0,Fail,10000.0,1000.0,500000.00000000006
Argon,1,90,200.0,0.3,100.0,100.0,23.67,0,1,20.0,Gas,0.0,298.0,323.0,Fail,6666.666666666667,666.6666666666667,333333.3333333334
Argon,1,90,200.0,0.4,100.0,100.0,23.67,0,1,20.0,Gas,0.0,298.0,323.0,Fail,5000.0,500.0,250000.00000000003
Argon,1,90,250.0,0.1,100.0,100.0,23.67,0,1,20.0,Gas,0.0,298.0,323.0,Fail,25000.0,2500.0,1250000.0
Argon,1,90,250.0,0.2,100.0,100.0,23.67,0,1,20.0,Gas,0.0,298.0,323.0,Fail,12500.0,1250.0,625000.0
Argon,1,90,250.0,0.3,100.0,100.0,23.67,0,1,20.0,Gas,0.0,298.0,323.0,Fail,8333.333333333334,833.3333333333334,416666.6666666667
Argon,1,90,250.0,0.4,100.0,100.0,23.67,0,1,20.0,Gas,0.0,298.0,323.0,Fail,6250.0,625.0,312500.0
Argon,1,90,300.0,0.1,100.0,100.0,23.67,0,1,20.0,Gas,0.0,298.0,323.0,Fail,30000.0,3000.0,1500000.0000000002
Argon,1,90,300.0,0.2,100.0,100.0,23.67,0,1,20.0,Gas,0.0,298.0,323.0,Fail,15000.0,1500.0,750000.0000000001
Argon,1,90,300.0,0.3,100.0,100.0,23.67,0,1,20.0,Gas,0.0,298.0,323.0,Fail,10000.0,1000.0,500000.00000000006
Argon,1,90,300.0,0.4,100.0,100.0,23.67,0,1,20.0,Gas,0.0,298.0,323.0,Fail,7500.0,750.0,375000.00000000006
Argon,1,90,350.0,0.1,100.0,100.0,23.67,0,1,20.0,Gas,0.0,298.0,323.0,Fail,35000.0,3500.0,1750000.0000000002
Argon,1,90,350.0,0.2,100.0,100.0,23.67,0,1,20.0,Gas,0.0,298.0,323.0,Fail,17500.0,1750.0,875000.0000000001
Argon,1,90,350.0,0.3,100.0,100.0,23.67,0,1,20.0,Gas,0.0,298.0,323.0,Fail,11666.666666666668,1166.6666666666667,583333.3333333334
Argon,1,90,350.0,0.4,100.0,100.0,23.67,0,1,20.0,Gas,0.0,298.0,323.0,Fail,8750.0,875.0,437500.00000000006
Argon,1,90,370.0,0.1,100.0,100.0,23.67,0,1,20.0,Gas,0.0,298.0,323.0,Fail,37000.0,3700.0,1850000.0000000002
Argon,1,90,370.0,0.2,100.0,100.0,23.67,0,1,20.0,Gas,0.0,298.0,323.0,Fail,18500.0,1850.0,925000.0000000001
Argon,1,90,370.0,0.3,100.0,100.0,23.67,0,1,20.0,Gas,0.0,298.0,323.0,Fail,12333.333333333334,1233.3333333333335,616666.6666666667
Argon,1,90,370.0,0.4,100.0,100.0,23.67,0,1,20.0,Gas,0.0,298.0,323.0,Fail,9250.0,925.0,462500.00000000006
Argon,1,90,45.0,0.12,35.0,80.0,23.853153153153155,0,1,50.0,Gas,0.0,298.0,298.0,Fail,10714.285714285712,375.0,214285.71428571432
Argon,1,90,50.0,0.12,35.0,80.0,24.036306306306308,0,1,30.0,Gas,0.0,298.0,298.0,Fail,11904.761904761903,416.6666666666667,396825.3968253968
Argon,1,90,45.0,0.035,35.0,80.0,24.21945945945946,0,1,30.0,Gas,0.0,298.0,298.0,Fail,36734.69387755101,1285.7142857142856,1224489.7959183673
Argon,1,90,50.0,0.035,35.0,80.0,24.402612612612614,0,1,50.0,Gas,0.0,298.0,298.0,Fail,40816.32653061224,1428.5714285714284,816326.530612245
Argon,1,90,45.0,0.12,35.0,80.0,24.585765765765768,0,1,50.0,Gas,0.0,298.0,298.0,Fail,10714.285714285712,375.0,214285.71428571432
Argon,1,90,50.0,0.12,35.0,80.0,24.76891891891892,0,1,30.0,Gas,0.0,298.0,298.0,Fail,11904.761904761903,416.6666666666667,396825.3968253968
Argon,1,90,45.0,0.035,35.0,80.0,24.952072072072074,0,1,30.0,Gas,0.0,298.0,298.0,Fail,36734.69387755101,1285.7142857142856,1224489.7959183673
Argon,1,90,50.0,0.035,35.0,80.0,25.135225225225227,0,1,50.0,Gas,0.0,298.0,298.0,Fail,40816.32653061224,1428.5714285714284,816326.530612245
Argon,1,90,45.0,0.12,120.0,80.0,25.31837837837838,0,1,30.0,Gas,0.0,298.0,298.0,Fail,3125.0,375.0,104166.66666666669
Argon,1,90,50.0,0.12,120.0,80.0,25.501531531531533,0,1,50.0,Gas,0.0,298.0,298.0,Fail,3472.222222222222,416.6666666666667,69444.44444444447
Argon,1,90,45.0,0.035,120.0,80.0,25.684684684684687,0,1,50.0,Gas,0.0,298.0,298.0,Fail,10714.285714285712,1285.7142857142856,214285.71428571432
Argon,1,90,50.0,0.035,120.0,80.0,25.86783783783784,0,1,30.0,Gas,0.0,298.0,298.0,Fail,11904.761904761903,1428.5714285714284,396825.3968253968
Argon,1,90,45.0,0.12,120.0,80.0,26.050990990990993,0,1,30.0,Gas,0.0,298.0,298.0,Fail,3125.0,375.0,104166.66666666669
Argon,1,90,50.0,0.12,120.0,80.0,26.234144144144146,0,1,50.0,Gas,0.0,298.0,298.0,Fail,3472.222222222222,416.6666666666667,69444.44444444447
Argon,1,90,45.0,0.035,120.0,80.0,26.4172972972973,0,1,50.0,Gas,0.0,298.0,298.0,Fail,10714.285714285712,1285.7142857142856,214285.71428571432
Argon,1,90,50.0,0.035,120.0,80.0,26.600450450450452,0,1,30.0,Gas,0.0,298.0,298.0,Fail,11904.761904761903,1428.5714285714284,396825.3968253968
Argon,1,90,35.0,0.16,35.0,80.0,26.783603603603606,0,1,50.0,Gas,0.0,298.0,298.0,Fail,6249.999999999999,218.75,125000.00000000001
Argon,1,90,50.0,0.16,35.0,80.0,26.96675675675676,0,1,30.0,Gas,0.0,298.0,298.0,Fail,8928.571428571428,312.5,297619.0476190476
Argon,1,90,35.0,0.08,35.0,80.0,27.149909909909912,0,1,30.0,Gas,0.0,298.0,298.0,Fail,12499.999999999998,437.5,416666.6666666666
Argon,1,90,50.0,0.08,35.0,80.0,27.333063063063065,0,1,50.0,Gas,0.0,298.0,298.0,Fail,17857.142857142855,625.0,357142.85714285716
Argon,1,90,35.0,0.16,35.0,80.0,27.51621621621622,0,1,50.0,Gas,0.0,298.0,298.0,Fail,6249.999999999999,218.75,125000.00000000001
Argon,1,90,50.0,0.16,35.0,80.0,27.69936936936937,0,1,30.0,Gas,0.0,298.0,298.0,Fail,8928.571428571428,312.5,297619.0476190476
Argon,1,90,35.0,0.08,35.0,80.0,27.882522522522525,0,1,30.0,Gas,0.0,298.0,298.0,Fail,12499.999999999998,437.5,416666.6666666666
Argon,1,90,50.0,0.08,35.0,80.0,28.065675675675678,0,1,50.0,Gas,0.0,298.0,298.0,Fail,17857.142857142855,625.0,357142.85714285716
Argon,1,90,35.0,0.16,120.0,80.0,28.24882882882883,0,1,30.0,Gas,0.0,298.0,298.0,Fail,1822.9166666666667,218.75,60763.88888888889
Argon,1,90,50.0,0.16,120.0,80.0,28.431981981981984,0,1,50.0,Gas,0.0,298.0,298.0,Fail,2604.166666666667,312.5,52083.333333333336
Argon,1,90,35.0,0.08,120.0,80.0,28.615135135135137,0,1,50.0,Gas,0.0,298.0,298.0,Fail,3645.8333333333335,437.5,72916.66666666667
Argon,1,90,50.0,0.08,120.0,80.0,28.79828828828829,0,1,30.0,Gas,0.0,298.0,298.0,Fail,5208.333333333334,625.0,173611.1111111111
Argon,1,90,35.0,0.16,120.0,80.0,28.981441441441444,0,1,30.0,Gas,0.0,298.0,298.0,Fail,1822.9166666666667,218.75,60763.88888888889
Argon,1,90,50.0,0.16,120.0,80.0,29.164594594594597,0,1,50.0,Gas,0.0,298.0,298.0,Fail,2604.166666666667,312.5,52083.333333333336
Argon,1,90,35.0,0.08,120.0,80.0,29.34774774774775,0,1,50.0,Gas,0.0,298.0,298.0,Fail,3645.8333333333335,437.5,72916.66666666667
Argon,1,90,50.0,0.08,120.0,80.0,29.530900900900903,0,1,30.0,Gas,0.0,298.0,298.0,Fail,5208.333333333334,625.0,173611.1111111111
Argon,1,90,35.0,0.08,35.0,80.0,29.714054054054056,0,1,30.0,Gas,0.0,298.0,298.0,Fail,12499.999999999998,437.5,416666.6666666666
Argon,1,90,50.0,0.08,35.0,80.0,29.89720720720721,0,1,30.0,Gas,0.0,298.0,298.0,Fail,17857.142857142855,625.0,595238.0952380951
Argon,1,90,35.0,0.16,35.0,80.0,30.080360360360363,0,1,30.0,Gas,0.0,298.0,298.0,Fail,6249.999999999999,218.75,208333.3333333333
Argon,1,90,50.0,0.16,35.0,80.0,30.263513513513516,0,1,30.0,Gas,0.0,298.0,298.0,Fail,8928.571428571428,312.5,297619.0476190476
Argon,1,90,35.0,0.08,120.0,80.0,30.44666666666667,0,1,30.0,Gas,0.0,298.0,298.0,Fail,3645.8333333333335,437.5,121527.77777777778
Argon,1,90,50.0,0.08,120.0,80.0,30.629819819819822,0,1,30.0,Gas,0.0,298.0,298.0,Fail,5208.333333333334,625.0,173611.1111111111
Argon,1,90,35.0,0.16,120.0,80.0,30.812972972972975,0,1,30.0,Gas,0.0,298.0,298.0,Fail,1822.9166666666667,218.75,60763.88888888889
Argon,1,90,50.0,0.16,120.0,80.0,30.99612612612613,0,1,30.0,Gas,0.0,298.0,298.0,Fail,2604.166666666667,312.5,86805.55555555555
Argon,1,90,35.0,0.08,35.0,80.0,31.17927927927928,0,1,30.0,Gas,0.0,298.0,298.0,Fail,12499.999999999998,437.5,416666.6666666666
Argon,1,90,50.0,0.08,35.0,80.0,31.362432432432435,0,1,30.0,Gas,0.0,298.0,298.0,Fail,17857.142857142855,625.0,595238.0952380951
Argon,1,90,35.0,0.16,35.0,80.0,31.545585585585588,0,1,30.0,Gas,0.0,298.0,298.0,Fail,6249.999999999999,218.75,208333.3333333333
Argon,1,90,50.0,0.16,35.0,80.0,31.72873873873874,0,1,30.0,Gas,0.0,298.0,298.0,Fail,8928.571428571428,312.5,297619.0476190476
Argon,1,90,35.0,0.08,120.0,80.0,31.91189189189189,0,1,30.0,Gas,0.0,298.0,298.0,Fail,3645.8333333333335,437.5,121527.77777777778
Argon,1,90,50.0,0.08,120.0,80.0,32.09504504504505,0,1,30.0,Gas,0.0,298.0,298.0,Fail,5208.333333333334,625.0,173611.1111111111
Argon,1,90,35.0,0.16,120.0,80.0,32.2781981981982,0,1,30.0,Gas,0.0,298.0,298.0,Fail,1822.9166666666667,218.75,60763.88888888889
Argon,1,90,50.0,0.16,120.0,80.0,32.461351351351354,0,1,30.0,Gas,0.0,298.0,298.0,Fail,2604.166666666667,312.5,86805.55555555555
Argon,1,90,35.0,0.08,35.0,80.0,32.6445045045045,0,1,30.0,Gas,0.0,298.0,298.0,Fail,12499.999999999998,437.5,416666.6666666666
Argon,1,90,50.0,0.08,35.0,80.0,32.82765765765766,0,1,30.0,Gas,0.0,298.0,298.0,Fail,17857.142857142855,625.0,595238.0952380951
Argon,1,90,35.0,0.16,35.0,80.0,33.01081081081081,0,1,30.0,Gas,0.0,298.0,298.0,Fail,6249.999999999999,218.75,208333.3333333333
Argon,1,90,50.0,0.16,35.0,80.0,33.19396396396397,0,1,30.0,Gas,0.0,298.0,298.0,Fail,8928.571428571428,312.5,297619.0476190476
Argon,1,90,35.0,0.08,120.0,80.0,33.377117117117116,0,1,30.0,Gas,0.0,298.0,298.0,Fail,3645.8333333333335,437.5,121527.77777777778
Argon,1,90,50.0,0.08,120.0,80.0,33.56027027027027,0,1,30.0,Gas,0.0,298.0,298.0,Fail,5208.333333333334,625.0,173611.1111111111
Argon,1,90,35.0,0.16,120.0,80.0,33.74342342342342,0,1,30.0,Gas,0.0,298.0,298.0,Fail,1822.9166666666667,218.75,60763.88888888889
Argon,1,90,50.0,0.16,120.0,80.0,33.92657657657658,0,1,30.0,Gas,0.0,298.0,298.0,Fail,2604.166666666667,312.5,86805.55555555555
Argon,1,90,35.0,0.08,35.0,80.0,34.10972972972973,0,1,30.0,Gas,0.0,298.0,298.0,Fail,12499.999999999998,437.5,416666.6666666666
Argon,1,90,50.0,0.08,35.0,80.0,34.292882882882886,0,1,30.0,Gas,0.0,298.0,298.0,Fail,17857.142857142855,625.0,595238.0952380951
Argon,1,90,35.0,0.16,35.0,80.0,34.476036036036035,0,1,30.0,Gas,0.0,298.0,298.0,Fail,6249.999999999999,218.75,208333.3333333333
Argon,1,90,50.0,0.16,35.0,80.0,34.65918918918919,0,1,30.0,Gas,0.0,298.0,298.0,Fail,8928.571428571428,312.5,297619.0476190476
Argon,1,90,35.0,0.08,120.0,80.0,34.84234234234234,0,1,30.0,Gas,0.0,298.0,298.0,Fail,3645.8333333333335,437.5,121527.77777777778
Argon,1,90,50.0,0.08,120.0,80.0,35.0254954954955,0,1,30.0,Gas,0.0,298.0,298.0,Fail,5208.333333333334,625.0,173611.1111111111
Argon,1,90,35.0,0.16,120.0,80.0,35.20864864864865,0,1,30.0,Gas,0.0,298.0,298.0,Fail,1822.9166666666667,218.75,60763.88888888889
Argon,1,90,50.0,0.16,120.0,80.0,35.391801801801805,0,1,30.0,Gas,0.0,298.0,298.0,Fail,2604.166666666667,312.5,86805.55555555555
Argon,1,90,35.0,0.08,35.0,80.0,35.574954954954954,0,1,50.0,Gas,0.0,298.0,298.0,Fail,12499.999999999998,437.5,250000.00000000003
Argon,1,90,50.0,0.08,35.0,80.0,35.75810810810811,0,1,50.0,Gas,0.0,298.0,298.0,Fail,17857.142857142855,625.0,357142.85714285716
Argon,1,90,35.0,0.16,35.0,80.0,35.94126126126126,0,1,50.0,Gas,0.0,298.0,298.0,Fail,6249.999999999999,218.75,125000.00000000001
Argon,1,90,50.0,0.16,35.0,80.0,36.12441441441442,0,1,50.0,Gas,0.0,298.0,298.0,Fail,8928.571428571428,312.5,178571.42857142858
Argon,1,90,35.0,0.08,120.0,80.0,36.30756756756757,0,1,50.0,Gas,0.0,298.0,298.0,Fail,3645.8333333333335,437.5,72916.66666666667
Argon,1,90,50.0,0.08,120.0,80.0,36.490720720720724,0,1,50.0,Gas,0.0,298.0,298.0,Fail,5208.333333333334,625.0,104166.66666666667
Argon,1,90,35.0,0.16,120.0,80.0,36.67387387387387,0,1,50.0,Gas,0.0,298.0,298.0,Fail,1822.9166666666667,218.75,36458.333333333336
Argon,1,90,50.0,0.16,120.0,80.0,36.85702702702703,0,1,50.0,Gas,0.0,298.0,298.0,Fail,2604.166666666667,312.5,52083.333333333336
Argon,1,90,35.0,0.08,35.0,80.0,37.04018018018018,0,1,50.0,Gas,0.0,298.0,298.0,Fail,12499.999999999998,437.5,250000.00000000003
Argon,1,90,50.0,0.08,35.0,80.0,37.223333333333336,0,1,50.0,Gas,0.0,298.0,298.0,Fail,17857.142857142855,625.0,357142.85714285716
Argon,1,90,35.0,0.16,35.0,80.0,37.406486486486486,0,1,50.0,Gas,0.0,298.0,298.0,Fail,6249.999999999999,218.75,125000.00000000001
Argon,1,90,50.0,0.16,35.0,80.0,37.58963963963964,0,1,50.0,Gas,0.0,298.0,298.0,Fail,8928.571428571428,312.5,178571.42857142858
Argon,1,90,35.0,0.08,120.0,80.0,37.77279279279279,0,1,50.0,Gas,0.0,298.0,298.0,Fail,3645.8333333333335,437.5,72916.66666666667
Argon,1,90,50.0,0.08,120.0,80.0,37.95594594594595,0,1,50.0,Gas,0.0,298.0,298.0,Fail,5208.333333333334,625.0,104166.66666666667
Argon,1,90,35.0,0.16,120.0,80.0,38.1390990990991,0,1,50.0,Gas,0.0,298.0,298.0,Fail,1822.9166666666667,218.75,36458.333333333336
Argon,1,90,50.0,0.16,120.0,80.0,38.322252252252255,0,1,50.0,Gas,0.0,298.0,298.0,Fail,2604.166666666667,312.5,52083.333333333336
Argon,1,90,35.0,0.08,35.0,80.0,38.505405405405405,0,1,50.0,Gas,0.0,298.0,298.0,Fail,12499.999999999998,437.5,250000.00000000003
Argon,1,90,50.0,0.08,35.0,80.0,38.68855855855856,0,1,50.0,Gas,0.0,298.0,298.0,Fail,17857.142857142855,625.0,357142.85714285716
Argon,1,90,35.0,0.16,35.0,80.0,38.87171171171171,0,1,50.0,Gas,0.0,298.0,298.0,Fail,6249.999999999999,218.75,125000.00000000001
Argon,1,90,50.0,0.16,35.0,80.0,39.05486486486487,0,1,50.0,Gas,0.0,298.0,298.0,Fail,8928.571428571428,312.5,178571.42857142858
Argon,1,90,35.0,0.08,120.0,80.0,39.23801801801802,0,1,50.0,Gas,0.0,298.0,298.0,Fail,3645.8333333333335,437.5,72916.66666666667
Argon,1,90,50.0,0.08,120.0,80.0,39.421171171171174,0,1,50.0,Gas,0.0,298.0,298.0,Fail,5208.333333333334,625.0,104166.66666666667
Argon,1,90,35.0,0.16,120.0,80.0,39.604324324324324,0,1,50.0,Gas,0.0,298.0,298.0,Fail,1822.9166666666667,218.75,36458.333333333336
Argon,1,90,50.0,0.16,120.0,80.0,39.78747747747748,0,1,50.0,Gas,0.0,298.0,298.0,Fail,2604.166666666667,312.5,52083.333333333336
Argon,1,90,35.0,0.08,35.0,80.0,39.97063063063063,0,1,50.0,Gas,0.0,298.0,298.0,Fail,12499.999999999998,437.5,250000.00000000003
Argon,1,90,50.0,0.08,35.0,80.0,40.15378378378378,0,1,50.0,Gas,0.0,298.0,298.0,Fail,17857.142857142855,625.0,357142.85714285716
Argon,1,90,35.0,0.16,35.0,80.0,40.33693693693694,0,1,50.0,Gas,0.0,298.0,298.0,Fail,6249.999999999999,218.75,125000.00000000001
Argon,1,90,50.0,0.16,35.0,80.0,40.52009009009009,0,1,50.0,Gas,0.0,298.0,298.0,Fail,8928.571428571428,312.5,178571.42857142858
Argon,1,90,35.0,0.08,120.0,80.0,40.70324324324324,0,1,50.0,Gas,0.0,298.0,298.0,Fail,3645.8333333333335,437.5,72916.66666666667
Argon,1,90,50.0,0.08,120.0,80.0,40.88639639639639,0,1,50.0,Gas,0.0,298.0,298.0,Fail,5208.333333333334,625.0,104166.66666666667
Argon,1,90,35.0,0.16,120.0,80.0,41.06954954954955,0,1,50.0,Gas,0.0,298.0,298.0,Fail,1822.9166666666667,218.75,36458.333333333336
Argon,1,90,50.0,0.16,120.0,80.0,41.252702702702706,0,1,50.0,Gas,0.0,298.0,298.0,Fail,2604.166666666667,312.5,52083.333333333336
Argon,1,90,50.0,0.08,120.0,80.0,41.435855855855856,0,1,30.0,Gas,0.0,298.0,298.0,Fail,5208.333333333334,625.0,173611.1111111111
Argon,1,90,50.0,0.08,35.0,80.0,41.619009009009005,0,1,30.0,Gas,0.0,298.0,298.0,Fail,17857.142857142855,625.0,595238.0952380951
Argon,1,90,49.0,0.091,47.0,80.0,41.80216216216216,0,1,30.0,Gas,0.0,298.0,298.0,Fail,11456.628477905073,538.4615384615385,381887.6159301691
Argon,1,90,48.5,0.109,62.0,80.0,41.98531531531532,0,1,30.0,Gas,0.0,298.0,298.0,Fail,7176.679490973661,444.95412844036696,239222.64969912203
Argon,1,90,48.0,0.089,113.0,80.0,42.16846846846847,0,1,30.0,Gas,0.0,298.0,298.0,Fail,4772.795068111763,539.3258426966293,159093.16893705877
Argon,1,90,49.0,0.085,106.0,80.0,42.35162162162162,0,1,30.0,Gas,0.0,298.0,298.0,Fail,5438.401775804661,576.470588235294,181280.0591934887
Argon,1,90,50.0,0.07,120.0,80.0,42.534774774774775,0,1,30.0,Gas,0.0,298.0,298.0,Fail,5952.380952380951,714.2857142857142,198412.6984126984
Argon,1,90,42.0,0.114,109.0,80.0,42.71792792792793,0,1,30.0,Gas,0.0,298.0,298.0,Fail,3380.009657170449,368.42105263157896,112666.9885723483
Argon,1,90,46.0,0.095,85.0,80.0,42.90108108108108,0,1,30.0,Gas,0.0,298.0,298.0,Fail,5696.594427244583,484.2105263157895,189886.48090815276
Argon,1,90,43.0,0.082,75.0,80.0,43.08423423423423,0,1,30.0,Gas,0.0,298.0,298.0,Fail,6991.869918699187,524.390243902439,233062.33062330625
Argon,1,90,44.0,0.092,91.0,80.0,43.26738738738739,0,1,30.0,Gas,0.0,298.0,298.0,Fail,5255.613951266126,478.2608695652174,175187.13170887085
Argon,1,90,41.5,0.073,37.0,80.0,43.450540540540544,0,1,30.0,Gas,0.0,298.0,298.0,Fail,15364.679748241393,568.4931506849315,512155.99160804646
Argon,1,90,49.0,0.101,46.0,80.0,43.633693693693694,0,1,30.0,Gas,0.0,298.0,298.0,Fail,10546.706844597504,485.1485148514851,351556.8948199168
Argon,1,90,44.5,0.12,96.0,80.0,43.81684684684684,0,1,30.0,Gas,0.0,298.0,298.0,Fail,3862.8472222222226,370.83333333333337,128761.5740740741
Argon,1,90,50.0,0.4,70.0,70.0,44.0,0,1,30.0,Gas,0.0,298.0,298.0,Success,1785.7142857142858,125.0,59523.80952380953
Argon,1,90,48.0,0.3,65.0,70.0,44.0,0,1,30.0,Gas,0.0,298.0,298.0,Success,2461.5384615384614,160.0,82051.28205128205
Argon,1,90,42.0,0.1,75.0,70.0,44.0,0,1,30.0,Gas,0.0,298.0,298.0,Success,5600.0,420.0,186666.6666666667
Argon,1,90,49.0,0.4,70.0,80.0,44.0,0,1,30.0,Gas,0.0,298.0,298.0,Fail,1750.0,122.5,58333.333333333336
Argon,1,90,50.0,0.08,70.0,70.0,44.0,0,1,30.0,Gas,0.0,298.0,298.0,Success,8928.571428571428,625.0,297619.0476190476
Argon,1,90,41.5,0.117,100.0,70.0,44.0,0,1,30.0,Gas,0.0,298.0,298.0,Fail,3547.0085470085464,354.7008547008547,118233.61823361822
Argon,1,90,45.5,0.213,100.0,70.0,44.0,0,1,30.0,Gas,0.0,298.0,298.0,Fail,2136.150234741784,213.6150234741784,71205.00782472614
Argon,1,90,34.5,0.309,100.0,70.0,44.0,0,1,30.0,Gas,0.0,298.0,298.0,Fail,1116.504854368932,111.6504854368932,37216.8284789644
Argon,1,90,33.0,0.224,100.0,70.0,44.0,0,1,30.0,Gas,0.0,298.0,298.0,Fail,1473.2142857142856,147.32142857142856,49107.142857142855
Argon,1,90,39.0,0.363,100.0,70.0,44.0,0,1,30.0,Gas,0.0,298.0,298.0,Fail,1074.3801652892562,107.43801652892563,35812.672176308544
Argon,1,90,39.5,0.085,100.0,70.0,44.0,0,1,30.0,Gas,0.0,298.0,298.0,Fail,4647.058823529412,464.70588235294116,154901.96078431373
Argon,1,90,41.0,0.395,100.0,70.0,44.0,0,1,30.0,Gas,0.0,298.0,298.0,Fail,1037.9746835443038,103.79746835443038,34599.156118143466
Argon,1,90,37.0,0.181,100.0,70.0,44.0,0,1,30.0,Gas,0.0,298.0,298.0,Fail,2044.1988950276245,204.41988950276243,68139.9631675875
Argon,1,90,47.0,0.352,100.0,70.0,44.0,0,1,30.0,Gas,0.0,298.0,298.0,Fail,1335.227272727273,133.52272727272728,44507.575757575774
Argon,1,90,31.0,0.128,100.0,70.0,44.0,0,1,30.0,Gas,0.0,298.0,298.0,Fail,2421.875,242.1875,80729.16666666667
Argon,1,90,43.5,0.235,100.0,70.0,44.0,0,1,30.0,Gas,0.0,298.0,298.0,Fail,1851.063829787234,185.10638297872342,61702.12765957447
Argon,1,90,40.5,0.373,100.0,70.0,44.0,0,1,30.0,Gas,0.0,298.0,298.0,Fail,1085.7908847184988,108.57908847184987,36193.029490616624
Argon,1,90,43.0,0.203,100.0,70.0,44.0,0,1,30.0,Gas,0.0,298.0,298.0,Fail,2118.2266009852215,211.82266009852216,70607.55336617406
Argon,1,90,33.5,0.192,100.0,70.0,44.0,0,1,30.0,Gas,0.0,298.0,298.0,Fail,1744.7916666666667,174.47916666666666,58159.72222222222
Argon,1,90,36.5,0.139,100.0,70.0,44.0,0,1,30.0,Gas,0.0,298.0,298.0,Fail,2625.8992805755393,262.58992805755395,87529.97601918464
Argon,1,90,46.5,0.096,100.0,70.0,44.0,0,1,30.0,Gas,0.0,298.0,298.0,Fail,4843.75,484.375,161458.33333333334
Argon,1,90,49.5,0.288,100.0,70.0,44.0,0,1,30.0,Gas,0.0,298.0,298.0,Fail,1718.75,171.875,57291.66666666668
Argon,1,90,38.5,0.16,100.0,70.0,44.0,0,1,30.0,Gas,0.0,298.0,298.0,Fail,2406.25,240.625,80208.33333333334
Argon,1,90,45.0,0.171,100.0,70.0,44.0,0,1,30.0,Gas,0.0,298.0,298.0,Fail,2631.578947368421,263.1578947368421,87719.29824561403
Argon,1,90,47.5,0.245,100.0,70.0,44.0,0,1,30.0,Gas,0.0,298.0,298.0,Fail,1938.7755102040815,193.87755102040816,64625.85034013606
Argon,1,90,49.0,0.107,100.0,70.0,44.0,0,1,30.0,Gas,0.0,298.0,298.0,Fail,4579.439252336449,457.94392523364485,152647.97507788162
Argon,1,90,32.5,0.267,100.0,70.0,44.0,0,1,30.0,Gas,0.0,298.0,298.0,Fail,1217.2284644194754,121.72284644194755,40574.282147315855
Argon,1,90,31.5,0.149,100.0,70.0,44.0,0,1,30.0,Gas,0.0,298.0,298.0,Fail,2114.0939597315437,211.40939597315437,70469.79865771813
Argon,1,90,48.5,0.32,100.0,70.0,44.0,0,1,30.0,Gas,0.0,298.0,298.0,Fail,1515.625,151.5625,50520.833333333336
Argon,1,90,225.0,1.2,100.0,80.0,45.02,0,1,30.0,Gas,0.0,298.0,298.0,Success,1875.0,187.5,62500.0
Argon,1,90,225.0,1.2,100.0,80.0,46.04,0,1,30.0,Gas,0.0,298.0,298.0,Fail,1875.0,187.5,62500.0
Argon,1,90,225.0,1.2,100.0,80.0,47.06,0,1,30.0,Gas,0.0,298.0,298.0,Success,1875.0,187.5,62500.0
Argon,1,90,225.0,1.2,100.0,80.0,48.08,0,1,30.0,Gas,0.0,298.0,298.0,Success,1875.0,187.5,62500.0
Argon,1,90,40.0,0.08,100.0,80.0,49.1,0,1,43.0,Gas,1.0,298.0,298.0,Fail,5000.0,500.0,116279.06976744188
Argon,1,90,80.0,0.08,100.0,80.0,49.1,0,1,43.0,Gas,1.0,298.0,298.0,Fail,10000.0,1000.0,232558.13953488375
Argon,1,90,120.0,0.08,100.0,80.0,49.1,0,1,43.0,Gas,1.0,298.0,298.0,Fail,15000.0,1500.0,348837.2093023256
Argon,1,90,160.0,0.08,100.0,80.0,49.1,0,1,43.0,Gas,1.0,298.0,298.0,Fail,20000.0,2000.0,465116.2790697675
Argon,1,90,200.0,0.08,100.0,80.0,49.1,0,1,43.0,Gas,1.0,298.0,298.0,Fail,25000.0,2500.0,581395.3488372094
Argon,1,90,240.0,0.08,100.0,80.0,49.1,0,1,43.0,Gas,1.0,298.0,298.0,Fail,30000.0,3000.0,697674.4186046512
Argon,1,90,40.0,0.33,100.0,80.0,49.1,0,1,43.0,Gas,1.0,298.0,298.0,Fail,1212.121212121212,121.2121212121212,28188.865398167727
Argon,1,90,80.0,0.33,100.0,80.0,49.1,0,1,43.0,Gas,1.0,298.0,298.0,Fail,2424.242424242424,242.4242424242424,56377.730796335454
Argon,1,90,120.0,0.33,100.0,80.0,49.1,0,1,43.0,Gas,1.0,298.0,298.0,Fail,3636.363636363636,363.6363636363636,84566.59619450317
Argon,1,90,160.0,0.33,100.0,80.0,49.1,0,1,43.0,Gas,1.0,298.0,298.0,Fail,4848.484848484848,484.8484848484848,112755.46159267091
Argon,1,90,200.0,0.33,100.0,80.0,49.1,0,1,43.0,Gas,1.0,298.0,298.0,Fail,6060.60606060606,606.060606060606,140944.32699083863
Argon,1,90,240.0,0.33,100.0,80.0,49.1,0,1,43.0,Gas,1.0,298.0,298.0,Fail,7272.727272727272,727.2727272727273,169133.19238900635
Argon,1,90,40.0,0.58,100.0,80.0,49.1,0,1,43.0,Gas,1.0,298.0,298.0,Fail,689.6551724137931,68.96551724137932,16038.492381716123
Argon,1,90,80.0,0.58,100.0,80.0,49.1,0,1,43.0,Gas,1.0,298.0,298.0,Fail,1379.3103448275863,137.93103448275863,32076.984763432247
Argon,1,90,120.0,0.58,100.0,80.0,49.1,0,1,43.0,Gas,1.0,298.0,298.0,Fail,2068.9655172413795,206.89655172413794,48115.47714514837
Argon,1,90,160.0,0.58,100.0,80.0,49.1,0,1,43.0,Gas,1.0,298.0,298.0,Fail,2758.6206896551726,275.86206896551727,64153.969526864494
Argon,1,90,200.0,0.58,100.0,80.0,49.1,0,1,43.0,Gas,1.0,298.0,298.0,Fail,3448.2758620689656,344.82758620689657,80192.46190858062
Argon,1,90,240.0,0.58,100.0,80.0,49.1,0,1,43.0,Gas,1.0,298.0,298.0,Fail,4137.931034482759,413.7931034482759,96230.95429029674
Argon,1,90,40.0,0.83,100.0,80.0,49.1,0,1,43.0,Gas,1.0,298.0,298.0,Fail,481.92771084337346,48.19277108433735,11207.621182404037
Argon,1,90,80.0,0.83,100.0,80.0,49.1,0,1,43.0,Gas,1.0,298.0,298.0,Fail,963.8554216867469,96.3855421686747,22415.242364808073
Argon,1,90,120.0,0.83,100.0,80.0,49.1,0,1,43.0,Gas,1.0,298.0,298.0,Fail,1445.7831325301204,144.57831325301206,33622.86354721211
Argon,1,90,160.0,0.83,100.0,80.0,49.1,0,1,43.0,Gas,1.0,298.0,298.0,Fail,1927.7108433734938,192.7710843373494,44830.484729616146
Argon,1,90,200.0,0.83,100.0,80.0,49.1,0,1,43.0,Gas,1.0,298.0,298.0,Fail,2409.6385542168673,240.96385542168676,56038.105912020175
Argon,1,90,240.0,0.83,100.0,80.0,49.1,0,1,43.0,Gas,1.0,298.0,298.0,Fail,2891.5662650602408,289.1566265060241,67245.72709442422
Argon,1,90,40.0,1.08,100.0,80.0,49.1,0,1,43.0,Gas,1.0,298.0,298.0,Fail,370.3703703703704,37.03703703703704,8613.264427217917
Argon,1,90,80.0,1.08,100.0,80.0,49.1,0,1,43.0,Gas,1.0,298.0,298.0,Fail,740.7407407407408,74.07407407407408,17226.528854435834
Argon,1,90,120.0,1.08,100.0,80.0,49.1,0,1,43.0,Gas,1.0,298.0,298.0,Fail,1111.111111111111,111.1111111111111,25839.793281653747
Argon,1,90,160.0,1.08,100.0,80.0,49.1,0,1,43.0,Gas,1.0,298.0,298.0,Fail,1481.4814814814815,148.14814814814815,34453.05770887167
Argon,1,90,200.0,1.08,100.0,80.0,49.1,0,1,43.0,Gas,1.0,298.0,298.0,Fail,1851.851851851852,185.18518518518516,43066.322136089584
Argon,1,90,240.0,1.08,100.0,80.0,49.1,0,1,43.0,Gas,1.0,298.0,298.0,Fail,2222.222222222222,222.2222222222222,51679.58656330749
Argon,1,90,40.0,1.33,100.0,80.0,49.1,0,1,43.0,Gas,1.0,298.0,298.0,Fail,300.7518796992481,30.075187969924812,6994.229760447631
Argon,1,90,80.0,1.33,100.0,80.0,49.1,0,1,43.0,Gas,1.0,298.0,298.0,Fail,601.5037593984962,60.150375939849624,13988.459520895261
Argon,1,90,120.0,1.33,100.0,80.0,49.1,0,1,43.0,Gas,1.0,298.0,298.0,Fail,902.2556390977443,90.22556390977444,20982.689281342893
Argon,1,90,160.0,1.33,100.0,80.0,49.1,0,1,43.0,Gas,1.0,298.0,298.0,Fail,1203.0075187969924,120.30075187969925,27976.919041790523
Argon,1,90,200.0,1.33,100.0,80.0,49.1,0,1,43.0,Gas,1.0,298.0,298.0,Fail,1503.7593984962405,150.37593984962405,34971.14880223815
Argon,1,90,240.0,1.33,100.0,80.0,49.1,0,1,43.0,Gas,1.0,298.0,298.0,Fail,1804.5112781954886,180.45112781954887,41965.378562685786
Argon,1,90,40.0,1.58,100.0,80.0,49.1,0,1,43.0,Gas,1.0,298.0,298.0,Fail,253.1645569620253,25.31645569620253,5887.54783632617
Argon,1,90,80.0,1.58,100.0,80.0,49.1,0,1,43.0,Gas,1.0,298.0,298.0,Fail,506.3291139240506,50.63291139240506,11775.09567265234
Argon,1,90,120.0,1.58,100.0,80.0,49.1,0,1,43.0,Gas,1.0,298.0,298.0,Fail,759.493670886076,75.94936708860759,17662.64350897851
Argon,1,90,160.0,1.58,100.0,80.0,49.1,0,1,43.0,Gas,1.0,298.0,298.0,Fail,1012.6582278481012,101.26582278481013,23550.19134530468
Argon,1,90,200.0,1.58,100.0,80.0,49.1,0,1,43.0,Gas,1.0,298.0,298.0,Fail,1265.8227848101267,126.58227848101265,29437.73918163085
Argon,1,90,240.0,1.58,100.0,80.0,49.1,0,1,43.0,Gas,1.0,298.0,298.0,Fail,1518.987341772152,151.89873417721518,35325.28701795702
Argon,1,90,40.0,1.83,100.0,80.0,49.1,0,1,43.0,Gas,1.0,298.0,298.0,Fail,218.5792349726776,21.85792349726776,5083.2380226204095
Argon,1,90,80.0,1.83,100.0,80.0,49.1,0,1,43.0,Gas,1.0,298.0,298.0,Fail,437.1584699453552,43.71584699453552,10166.476045240819
Argon,1,90,120.0,1.83,100.0,80.0,49.1,0,1,43.0,Gas,1.0,298.0,298.0,Fail,655.7377049180328,65.57377049180327,15249.714067861229
Argon,1,90,160.0,1.83,100.0,80.0,49.1,0,1,43.0,Gas,1.0,298.0,298.0,Fail,874.3169398907104,87.43169398907104,20332.952090481638
Argon,1,90,200.0,1.83,100.0,80.0,49.1,0,1,43.0,Gas,1.0,298.0,298.0,Fail,1092.896174863388,109.2896174863388,25416.19011310205
Argon,1,90,240.0,1.83,100.0,80.0,49.1,0,1,43.0,Gas,1.0,298.0,298.0,Fail,1311.4754098360656,131.14754098360655,30499.428135722457
Argon,1,90,40.0,2.08,100.0,80.0,49.1,0,1,43.0,Gas,1.0,298.0,298.0,Fail,192.3076923076923,19.23076923076923,4472.27191413238
Argon,1,90,80.0,2.08,100.0,80.0,49.1,0,1,43.0,Gas,1.0,298.0,298.0,Fail,384.6153846153846,38.46153846153846,8944.54382826476
Argon,1,90,120.0,2.08,100.0,80.0,49.1,0,1,43.0,Gas,1.0,298.0,298.0,Fail,576.9230769230769,57.69230769230769,13416.815742397139
Argon,1,90,160.0,2.08,100.0,80.0,49.1,0,1,43.0,Gas,1.0,298.0,298.0,Fail,769.2307692307692,76.92307692307692,17889.08765652952
Argon,1,90,200.0,2.08,100.0,80.0,49.1,0,1,43.0,Gas,1.0,298.0,298.0,Fail,961.5384615384614,96.15384615384615,22361.359570661898
Argon,1,90,240.0,2.08,100.0,80.0,49.1,0,1,43.0,Gas,1.0,298.0,298.0,Fail,1153.8461538461538,115.38461538461539,26833.631484794278
Argon,1,90,40.0,2.33,100.0,80.0,49.1,0,1,43.0,Gas,1.0,298.0,298.0,Fail,171.67381974248926,17.167381974248926,3992.4144126160295
Argon,1,90,80.0,2.33,100.0,80.0,49.1,0,1,43.0,Gas,1.0,298.0,298.0,Fail,343.3476394849785,34.33476394849785,7984.828825232059
Argon,1,90,120.0,2.33,100.0,80.0,49.1,0,1,43.0,Gas,1.0,298.0,298.0,Fail,515.0214592274677,51.50214592274678,11977.243237848088
Argon,1,90,160.0,2.33,100.0,80.0,49.1,0,1,43.0,Gas,1.0,298.0,298.0,Fail,686.695278969957,68.6695278969957,15969.657650464118
Argon,1,90,200.0,2.33,100.0,80.0,49.1,0,1,43.0,Gas,1.0,298.0,298.0,Fail,858.3690987124463,85.83690987124463,19962.072063080148
Argon,1,90,240.0,2.33,100.0,80.0,49.1,0,1,43.0,Gas,1.0,298.0,298.0,Fail,1030.0429184549355,103.00429184549355,23954.486475696176
Argon,1,90,60.0,0.205,100.0,80.0,49.1,0,1,43.0,Gas,1.0,298.0,298.0,Fail,2926.8292682926826,292.6829268292683,68065.79693703914
Argon,1,90,100.0,0.205,100.0,80.0,49.1,0,1,43.0,Gas,1.0,298.0,298.0,Fail,4878.048780487805,487.8048780487805,113442.99489506523
Argon,1,90,140.0,0.205,100.0,80.0,49.1,0,1,43.0,Gas,1.0,298.0,298.0,Fail,6829.268292682927,682.9268292682927,158820.1928530913
Argon,1,90,60.0,0.455,100.0,80.0,49.1,0,1,43.0,Gas,1.0,298.0,298.0,Fail,1318.6813186813188,131.86813186813185,30667.00741119346
Argon,1,90,100.0,0.455,100.0,80.0,49.1,0,1,43.0,Gas,1.0,298.0,298.0,Fail,2197.802197802198,219.78021978021977,51111.67901865576
Argon,1,90,140.0,0.455,100.0,80.0,49.1,0,1,43.0,Gas,1.0,298.0,298.0,Fail,3076.923076923077,307.6923076923077,71556.35062611807
Argon,1,90,40.0,0.08,100.0,80.0,48.8,0,1,41.3,Gas,0.0,298.0,298.0,Fail,5000.0,500.0,121065.37530266345
Argon,1,90,80.0,0.08,100.0,80.0,48.8,0,1,41.3,Gas,0.0,298.0,298.0,Fail,10000.0,1000.0,242130.7506053269
Argon,1,90,120.0,0.08,100.0,80.0,48.8,0,1,41.3,Gas,0.0,298.0,298.0,Fail,15000.0,1500.0,363196.1259079904
Argon,1,90,160.0,0.08,100.0,80.0,48.8,0,1,41.3,Gas,0.0,298.0,298.0,Fail,20000.0,2000.0,484261.5012106538
Argon,1,90,200.0,0.08,100.0,80.0,48.8,0,1,41.3,Gas,0.0,298.0,298.0,Fail,25000.0,2500.0,605326.8765133172
Argon,1,90,240.0,0.08,100.0,80.0,48.8,0,1,41.3,Gas,0.0,298.0,298.0,Fail,30000.0,3000.0,726392.2518159808
Argon,1,90,40.0,0.33,100.0,80.0,48.8,0,1,41.3,Gas,0.0,298.0,298.0,Fail,1212.121212121212,121.2121212121212,29349.181891554777
Argon,1,90,80.0,0.33,100.0,80.0,48.8,0,1,41.3,Gas,0.0,298.0,298.0,Fail,2424.242424242424,242.4242424242424,58698.363783109555
Argon,1,90,120.0,0.33,100.0,80.0,48.8,0,1,41.3,Gas,0.0,298.0,298.0,Fail,3636.363636363636,363.6363636363636,88047.54567466433
Argon,1,90,160.0,0.33,100.0,80.0,48.8,0,1,41.3,Gas,0.0,298.0,298.0,Fail,4848.484848484848,484.8484848484848,117396.72756621911
Argon,1,90,200.0,0.33,100.0,80.0,48.8,0,1,41.3,Gas,0.0,298.0,298.0,Fail,6060.60606060606,606.060606060606,146745.9094577739
Argon,1,90,240.0,0.33,100.0,80.0,48.8,0,1,41.3,Gas,0.0,298.0,298.0,Fail,7272.727272727272,727.2727272727273,176095.09134932866
Argon,1,90,40.0,0.58,100.0,80.0,48.8,0,1,41.3,Gas,0.0,298.0,298.0,Fail,689.6551724137931,68.96551724137932,16698.67245553979
Argon,1,90,80.0,0.58,100.0,80.0,48.8,0,1,41.3,Gas,0.0,298.0,298.0,Fail,1379.3103448275863,137.93103448275863,33397.34491107958
Argon,1,90,120.0,0.58,100.0,80.0,48.8,0,1,41.3,Gas,0.0,298.0,298.0,Fail,2068.9655172413795,206.89655172413794,50096.017366619366
Argon,1,90,160.0,0.58,100.0,80.0,48.8,0,1,41.3,Gas,0.0,298.0,298.0,Fail,2758.6206896551726,275.86206896551727,66794.68982215915
Argon,1,90,200.0,0.58,100.0,80.0,48.8,0,1,41.3,Gas,0.0,298.0,298.0,Fail,3448.2758620689656,344.82758620689657,83493.36227769895
Argon,1,90,240.0,0.58,100.0,80.0,48.8,0,1,41.3,Gas,0.0,298.0,298.0,Fail,4137.931034482759,413.7931034482759,100192.03473323873
Argon,1,90,40.0,0.83,100.0,80.0,48.8,0,1,41.3,Gas,0.0,298.0,298.0,Fail,481.92771084337346,48.19277108433735,11668.951836401298
Argon,1,90,80.0,0.83,100.0,80.0,48.8,0,1,41.3,Gas,0.0,298.0,298.0,Fail,963.8554216867469,96.3855421686747,23337.903672802597
Argon,1,90,120.0,0.83,100.0,80.0,48.8,0,1,41.3,Gas,0.0,298.0,298.0,Fail,1445.7831325301204,144.57831325301206,35006.855509203895
Argon,1,90,160.0,0.83,100.0,80.0,48.8,0,1,41.3,Gas,0.0,298.0,298.0,Fail,1927.7108433734938,192.7710843373494,46675.80734560519
Argon,1,90,200.0,0.83,100.0,80.0,48.8,0,1,41.3,Gas,0.0,298.0,298.0,Fail,2409.6385542168673,240.96385542168676,58344.759182006484
Argon,1,90,240.0,0.83,100.0,80.0,48.8,0,1,41.3,Gas,0.0,298.0,298.0,Fail,2891.5662650602408,289.1566265060241,70013.71101840779
Argon,1,90,40.0,1.08,100.0,80.0,48.8,0,1,41.3,Gas,0.0,298.0,298.0,Fail,370.3703703703704,37.03703703703704,8967.80557797507
Argon,1,90,80.0,1.08,100.0,80.0,48.8,0,1,41.3,Gas,0.0,298.0,298.0,Fail,740.7407407407408,74.07407407407408,17935.61115595014
Argon,1,90,120.0,1.08,100.0,80.0,48.8,0,1,41.3,Gas,0.0,298.0,298.0,Fail,1111.111111111111,111.1111111111111,26903.41673392521
Argon,1,90,160.0,1.08,100.0,80.0,48.8,0,1,41.3,Gas,0.0,298.0,298.0,Fail,1481.4814814814815,148.14814814814815,35871.22231190028
Argon,1,90,200.0,1.08,100.0,80.0,48.8,0,1,41.3,Gas,0.0,298.0,298.0,Fail,1851.851851851852,185.18518518518516,44839.02788987535
Argon,1,90,240.0,1.08,100.0,80.0,48.8,0,1,41.3,Gas,0.0,298.0,298.0,Fail,2222.222222222222,222.2222222222222,53806.83346785042
Argon,1,90,40.0,1.33,100.0,80.0,48.8,0,1,41.3,Gas,0.0,298.0,298.0,Fail,300.7518796992481,30.075187969924812,7282.127837754193
Argon,1,90,80.0,1.33,100.0,80.0,48.8,0,1,41.3,Gas,0.0,298.0,298.0,Fail,601.5037593984962,60.150375939849624,14564.255675508386
Argon,1,90,120.0,1.33,100.0,80.0,48.8,0,1,41.3,Gas,0.0,298.0,298.0,Fail,902.2556390977443,90.22556390977444,21846.38351326258
Argon,1,90,160.0,1.33,100.0,80.0,48.8,0,1,41.3,Gas,0.0,298.0,298.0,Fail,1203.0075187969924,120.30075187969925,29128.511351016772
Argon,1,90,200.0,1.33,100.0,80.0,48.8,0,1,41.3,Gas,0.0,298.0,298.0,Fail,1503.7593984962405,150.37593984962405,36410.63918877096
Argon,1,90,240.0,1.33,100.0,80.0,48.8,0,1,41.3,Gas,0.0,298.0,298.0,Fail,1804.5112781954886,180.45112781954887,43692.76702652516
Argon,1,90,40.0,1.58,100.0,80.0,48.8,0,1,41.3,Gas,0.0,298.0,298.0,Fail,253.1645569620253,25.31645569620253,6129.892420388023
Argon,1,90,80.0,1.58,100.0,80.0,48.8,0,1,41.3,Gas,0.0,298.0,298.0,Fail,506.3291139240506,50.63291139240506,12259.784840776047
Argon,1,90,120.0,1.58,100.0,80.0,48.8,0,1,41.3,Gas,0.0,298.0,298.0,Fail,759.493670886076,75.94936708860759,18389.67726116407
Argon,1,90,160.0,1.58,100.0,80.0,48.8,0,1,41.3,Gas,0.0,298.0,298.0,Fail,1012.6582278481012,101.26582278481013,24519.569681552093
Argon,1,90,200.0,1.58,100.0,80.0,48.8,0,1,41.3,Gas,0.0,298.0,298.0,Fail,1265.8227848101267,126.58227848101265,30649.462101940117
Argon,1,90,240.0,1.58,100.0,80.0,48.8,0,1,41.3,Gas,0.0,298.0,298.0,Fail,1518.987341772152,151.89873417721518,36779.35452232814
Argon,1,90,40.0,1.83,100.0,80.0,48.8,0,1,41.3,Gas,0.0,298.0,298.0,Fail,218.5792349726776,21.85792349726776,5292.475423067254
Argon,1,90,80.0,1.83,100.0,80.0,48.8,0,1,41.3,Gas,0.0,298.0,298.0,Fail,437.1584699453552,43.71584699453552,10584.950846134509
Argon,1,90,120.0,1.83,100.0,80.0,48.8,0,1,41.3,Gas,0.0,298.0,298.0,Fail,655.7377049180328,65.57377049180327,15877.426269201764
Argon,1,90,160.0,1.83,100.0,80.0,48.8,0,1,41.3,Gas,0.0,298.0,298.0,Fail,874.3169398907104,87.43169398907104,21169.901692269017
Argon,1,90,200.0,1.83,100.0,80.0,48.8,0,1,41.3,Gas,0.0,298.0,298.0,Fail,1092.896174863388,109.2896174863388,26462.377115336272
Argon,1,90,240.0,1.83,100.0,80.0,48.8,0,1,41.3,Gas,0.0,298.0,298.0,Fail,1311.4754098360656,131.14754098360655,31754.852538403527
Argon,1,90,40.0,2.08,100.0,80.0,48.8,0,1,41.3,Gas,0.0,298.0,298.0,Fail,192.3076923076923,19.23076923076923,4656.360588563978
Argon,1,90,80.0,2.08,100.0,80.0,48.8,0,1,41.3,Gas,0.0,298.0,298.0,Fail,384.6153846153846,38.46153846153846,9312.721177127956
Argon,1,90,120.0,2.08,100.0,80.0,48.8,0,1,41.3,Gas,0.0,298.0,298.0,Fail,576.9230769230769,57.69230769230769,13969.081765691935
Argon,1,90,160.0,2.08,100.0,80.0,48.8,0,1,41.3,Gas,0.0,298.0,298.0,Fail,769.2307692307692,76.92307692307692,18625.442354255913
Argon,1,90,200.0,2.08,100.0,80.0,48.8,0,1,41.3,Gas,0.0,298.0,298.0,Fail,961.5384615384614,96.15384615384615,23281.802942819893
Argon,1,90,240.0,2.08,100.0,80.0,48.8,0,1,41.3,Gas,0.0,298.0,298.0,Fail,1153.8461538461538,115.38461538461539,27938.16353138387
Argon,1,90,40.0,2.33,100.0,80.0,48.8,0,1,41.3,Gas,0.0,298.0,298.0,Fail,171.67381974248926,17.167381974248926,4156.7510833532515
Argon,1,90,80.0,2.33,100.0,80.0,48.8,0,1,41.3,Gas,0.0,298.0,298.0,Fail,343.3476394849785,34.33476394849785,8313.502166706503
Argon,1,90,120.0,2.33,100.0,80.0,48.8,0,1,41.3,Gas,0.0,298.0,298.0,Fail,515.0214592274677,51.50214592274678,12470.253250059755
Argon,1,90,160.0,2.33,100.0,80.0,48.8,0,1,41.3,Gas,0.0,298.0,298.0,Fail,686.695278969957,68.6695278969957,16627.004333413006
Argon,1,90,200.0,2.33,100.0,80.0,48.8,0,1,41.3,Gas,0.0,298.0,298.0,Fail,858.3690987124463,85.83690987124463,20783.75541676626
Argon,1,90,240.0,2.33,100.0,80.0,48.8,0,1,41.3,Gas,0.0,298.0,298.0,Fail,1030.0429184549355,103.00429184549355,24940.50650011951
Argon,1,90,60.0,0.205,100.0,80.0,48.8,0,1,41.3,Gas,0.0,298.0,298.0,Fail,2926.8292682926826,292.6829268292683,70867.5367625347
Argon,1,90,100.0,0.205,100.0,80.0,48.8,0,1,41.3,Gas,0.0,298.0,298.0,Fail,4878.048780487805,487.8048780487805,118112.56127089118
Argon,1,90,140.0,0.205,100.0,80.0,48.8,0,1,41.3,Gas,0.0,298.0,298.0,Fail,6829.268292682927,682.9268292682927,165357.58577924763
Argon,1,90,60.0,0.455,100.0,80.0,48.8,0,1,41.3,Gas,0.0,298.0,298.0,Fail,1318.6813186813188,131.86813186813185,31929.329750153
Argon,1,90,100.0,0.455,100.0,80.0,48.8,0,1,41.3,Gas,0.0,298.0,298.0,Fail,2197.802197802198,219.78021978021977,53215.549583588334
Argon,1,90,140.0,0.455,100.0,80.0,48.8,0,1,41.3,Gas,0.0,298.0,298.0,Fail,3076.923076923077,307.6923076923077,74501.76941702366
Argon,1,90,140.0,0.9,50.0,70.0,48.641666666666666,0,0.9,30.0,Gas,0.0,298.0,298.0,Success,3111.1111111111113,155.55555555555554,103703.70370370371
Argon,1,90,180.0,0.9,50.0,70.0,48.483333333333334,0,0.9,30.0,Gas,0.0,298.0,298.0,Fail,4000.0,200.0,133333.33333333334
Argon,1,90,220.0,0.9,50.0,70.0,48.324999999999996,0,0.9,30.0,Gas,0.0,298.0,298.0,Fail,4888.888888888889,244.44444444444443,162962.96296296298
Argon,1,90,260.0,0.9,50.0,70.0,48.166666666666664,0,0.9,30.0,Gas,0.0,298.0,298.0,Fail,5777.777777777778,288.88888888888886,192592.5925925926
Argon,1,90,300.0,0.9,50.0,70.0,48.00833333333333,0,0.9,30.0,Gas,0.0,298.0,298.0,Fail,6666.666666666667,333.3333333333333,222222.22222222225
Argon,1,90,180.0,0.7,50.0,70.0,47.849999999999994,0,0.9,30.0,Gas,0.0,298.0,298.0,Success,5142.857142857142,257.14285714285717,171428.57142857145
Argon,1,90,180.0,0.9,50.0,70.0,47.69166666666666,0,0.9,30.0,Gas,0.0,298.0,298.0,Fail,4000.0,200.0,133333.33333333334
Argon,1,90,180.0,1.1,50.0,70.0,47.53333333333333,0,0.9,30.0,Gas,0.0,298.0,298.0,Success,3272.7272727272725,163.63636363636363,109090.90909090907
Argon,1,90,180.0,0.9,40.0,70.0,47.375,0,0.9,30.0,Gas,0.0,298.0,298.0,Success,4999.999999999999,200.0,166666.66666666666
Argon,1,90,180.0,0.9,50.0,70.0,47.21666666666667,0,0.9,30.0,Gas,0.0,298.0,298.0,Success,4000.0,200.0,133333.33333333334
Argon,1,90,180.0,0.9,60.0,70.0,47.05833333333333,0,0.9,30.0,Gas,0.0,298.0,298.0,Success,3333.3333333333335,200.0,111111.11111111112
Argon,1,90,160.0,1.1,60.0,70.0,46.9,0,0.9,30.0,Gas,0.0,298.0,298.0,Success,2424.242424242424,145.45454545454544,80808.0808080808
Argon,1,90,160.0,1.1,50.0,70.0,46.74166666666667,0,0.9,30.0,Gas,0.0,298.0,298.0,Success,2909.0909090909086,145.45454545454544,96969.69696969696
Argon,1,90,160.0,1.1,40.0,70.0,46.58333333333333,0,0.9,30.0,Gas,0.0,298.0,298.0,Success,3636.3636363636365,145.45454545454544,121212.12121212122
Argon,1,90,160.0,0.7,60.0,70.0,46.425,0,0.9,30.0,Gas,0.0,298.0,298.0,Success,3809.523809523809,228.57142857142858,126984.126984127
Argon,1,90,160.0,0.7,50.0,70.0,46.266666666666666,0,0.9,30.0,Gas,0.0,298.0,298.0,Success,4571.428571428571,228.57142857142858,152380.9523809524
Argon,1,90,160.0,0.7,40.0,70.0,46.108333333333334,0,0.9,30.0,Gas,0.0,298.0,298.0,Success,5714.285714285714,228.57142857142858,190476.1904761905
Argon,1,90,200.0,1.1,60.0,70.0,45.95,0,0.9,30.0,Gas,0.0,298.0,298.0,Success,3030.30303030303,181.8181818181818,101010.10101010102
Argon,1,90,200.0,1.1,50.0,70.0,45.791666666666664,0,0.9,30.0,Gas,0.0,298.0,298.0,Success,3636.363636363636,181.8181818181818,121212.1212121212
Argon,1,90,200.0,1.1,40.0,70.0,45.63333333333333,0,0.9,30.0,Gas,0.0,298.0,298.0,Success,4545.454545454546,181.8181818181818,151515.15151515152
Argon,1,90,200.0,0.7,60.0,70.0,45.475,0,0.9,30.0,Gas,0.0,298.0,298.0,Success,4761.9047619047615,285.7142857142857,158730.15873015876
Argon,1,90,200.0,0.7,50.0,70.0,45.31666666666666,0,0.9,30.0,Gas,0.0,298.0,298.0,Success,5714.285714285714,285.7142857142857,190476.19047619047
Argon,1,90,200.0,0.7,40.0,70.0,45.15833333333333,0,0.9,30.0,Gas,0.0,298.0,298.0,Success,7142.857142857143,285.7142857142857,238095.2380952381
Gas,1,90,200.0,0.75,800.0,70.0,45.0,0,0.9,50.0,Gas,0.0,298.0,298.0,Fail,333.33333333333337,266.6666666666667,6666.666666666667
Gas,1,90,200.0,5.0,800.0,70.0,45.0,0,0.9,50.0,Gas,0.0,298.0,298.0,Fail,50.0,40.0,1000.0000000000001
Gas,1,90,200.0,0.25,800.0,70.0,45.0,0,0.9,50.0,Gas,0.0,298.0,298.0,Fail,1000.0,800.0,20000.0
Argon,1,90,10.0,0.01,100.0,80.0,45.18248175182482,0,1,100.0,Gas,0.0,373.0,298.0,Fail,10000.0,1000.0,100000.00000000001
Argon,1,90,10.0,0.015,100.0,80.0,45.36496350364963,0,1,100.0,Gas,0.0,373.0,298.0,Fail,6666.666666666667,666.6666666666667,66666.66666666667
Argon,1,90,10.0,0.025,100.0,80.0,45.54744525547445,0,1,100.0,Gas,0.0,373.0,298.0,Fail,4000.0,400.0,40000.0
Argon,1,90,10.0,0.035,100.0,80.0,45.72992700729927,0,1,100.0,Gas,0.0,373.0,298.0,Fail,2857.142857142857,285.71428571428567,28571.42857142857
Argon,1,90,10.0,0.045,100.0,80.0,45.91240875912409,0,1,100.0,Gas,0.0,373.0,298.0,Fail,2222.222222222222,222.22222222222223,22222.222222222223
Argon,1,90,10.0,0.055,100.0,80.0,46.09489051094891,0,1,100.0,Gas,0.0,373.0,298.0,Fail,1818.1818181818182,181.8181818181818,18181.818181818184
Argon,1,90,10.0,0.065,100.0,80.0,46.277372262773724,0,1,100.0,Gas,0.0,373.0,298.0,Fail,1538.4615384615383,153.84615384615384,15384.615384615385
Argon,1,90,10.0,0.075,100.0,80.0,46.45985401459854,0,1,100.0,Gas,0.0,373.0,298.0,Fail,1333.3333333333335,133.33333333333334,13333.333333333334
Argon,1,90,10.0,0.1,100.0,80.0,46.64233576642336,0,1,100.0,Gas,0.0,373.0,298.0,Fail,1000.0,100.0,10000.0
Argon,1,90,10.0,0.13,100.0,80.0,46.824817518248175,0,1,100.0,Gas,0.0,373.0,298.0,Fail,769.2307692307692,76.92307692307692,7692.307692307692
Argon,1,90,10.0,0.16,100.0,80.0,47.00729927007299,0,1,100.0,Gas,0.0,373.0,298.0,Fail,625.0,62.5,6250.000000000001
Argon,1,90,10.0,0.2,100.0,80.0,47.18978102189781,0,1,100.0,Gas,0.0,373.0,298.0,Fail,500.0,50.0,5000.0
Argon,1,90,10.0,0.3,100.0,80.0,47.372262773722625,0,1,100.0,Gas,0.0,373.0,298.0,Fail,333.33333333333337,33.333333333333336,3333.3333333333335
Argon,1,90,10.0,0.4,100.0,80.0,47.55474452554745,0,1,100.0,Gas,0.0,373.0,298.0,Fail,250.0,25.0,2500.0
Argon,1,90,10.0,0.5,100.0,80.0,47.737226277372265,0,1,100.0,Gas,0.0,373.0,298.0,Fail,200.0,20.0,2000.0
Argon,1,90,15.0,0.01,100.0,80.0,47.91970802919708,0,1,100.0,Gas,0.0,373.0,298.0,Fail,15000.0,1500.0,150000.0
Argon,1,90,15.0,0.015,100.0,80.0,48.1021897810219,0,1,100.0,Gas,0.0,373.0,298.0,Fail,10000.0,1000.0,100000.00000000001
Argon,1,90,15.0,0.025,100.0,80.0,48.284671532846716,0,1,100.0,Gas,0.0,373.0,298.0,Fail,6000.0,600.0,60000.0
Argon,1,90,15.0,0.035,100.0,80.0,48.46715328467153,0,1,100.0,Gas,0.0,373.0,298.0,Fail,4285.714285714285,428.57142857142856,42857.14285714285
Argon,1,90,15.0,0.045,100.0,80.0,48.64963503649635,0,1,100.0,Gas,0.0,373.0,298.0,Fail,3333.333333333333,333.33333333333337,33333.333333333336
Argon,1,90,15.0,0.055,100.0,80.0,48.832116788321166,0,1,100.0,Gas,0.0,373.0,298.0,Fail,2727.2727272727275,272.72727272727275,27272.727272727276
Argon,1,90,15.0,0.065,100.0,80.0,49.01459854014598,0,1,100.0,Gas,0.0,373.0,298.0,Fail,2307.6923076923076,230.76923076923077,23076.923076923078
Argon,1,90,15.0,0.075,100.0,80.0,49.197080291970806,0,1,100.0,Gas,0.0,373.0,298.0,Fail,2000.0,200.0,20000.0
Argon,1,90,15.0,0.1,100.0,80.0,49.37956204379562,0,1,100.0,Gas,0.0,373.0,298.0,Fail,1500.0,150.0,15000.0
Argon,1,90,15.0,0.13,100.0,80.0,49.56204379562044,0,1,100.0,Gas,0.0,373.0,298.0,Fail,1153.8461538461538,115.38461538461539,11538.461538461539
Argon,1,90,15.0,0.16,100.0,80.0,49.74452554744526,0,1,100.0,Gas,0.0,373.0,298.0,Fail,937.5,93.75,9375.0
Argon,1,90,15.0,0.2,100.0,80.0,49.92700729927007,0,1,100.0,Gas,0.0,373.0,298.0,Fail,750.0,75.0,7500.0
Argon,1,90,15.0,0.3,100.0,80.0,50.10948905109489,0,1,100.0,Gas,0.0,373.0,298.0,Fail,500.0,50.0,5000.0
Argon,1,90,15.0,0.4,100.0,80.0,50.29197080291971,0,1,100.0,Gas,0.0,373.0,298.0,Fail,375.0,37.5,3750.0
Argon,1,90,15.0,0.5,100.0,80.0,50.47445255474452,0,1,100.0,Gas,0.0,373.0,298.0,Fail,300.0,30.0,3000.0
Argon,1,90,20.0,0.01,100.0,80.0,50.65693430656934,0,1,100.0,Gas,0.0,373.0,298.0,Fail,20000.0,2000.0,200000.00000000003
Argon,1,90,20.0,0.025,100.0,80.0,50.839416058394164,0,1,100.0,Gas,0.0,373.0,298.0,Fail,8000.0,800.0,80000.0
Argon,1,90,20.0,0.045,100.0,80.0,51.02189781021898,0,1,100.0,Gas,0.0,373.0,298.0,Fail,4444.444444444444,444.44444444444446,44444.444444444445
Argon,1,90,20.0,0.065,100.0,80.0,51.2043795620438,0,1,100.0,Gas,0.0,373.0,298.0,Fail,3076.9230769230767,307.6923076923077,30769.23076923077
Argon,1,90,20.0,0.075,100.0,80.0,51.386861313868614,0,1,100.0,Gas,0.0,373.0,298.0,Fail,2666.666666666667,266.6666666666667,26666.666666666668
Argon,1,90,20.0,0.1,100.0,80.0,51.56934306569343,0,1,100.0,Gas,0.0,373.0,298.0,Fail,2000.0,200.0,20000.0
Argon,1,90,20.0,0.13,100.0,80.0,51.75182481751825,0,1,100.0,Gas,0.0,373.0,298.0,Fail,1538.4615384615383,153.84615384615384,15384.615384615385
Argon,1,90,20.0,0.16,100.0,80.0,51.934306569343065,0,1,100.0,Gas,0.0,373.0,298.0,Fail,1250.0,125.0,12500.000000000002
Argon,1,90,20.0,0.2,100.0,80.0,52.11678832116788,0,1,100.0,Gas,0.0,373.0,298.0,Fail,1000.0,100.0,10000.0
Argon,1,90,20.0,0.3,100.0,80.0,52.2992700729927,0,1,100.0,Gas,0.0,373.0,298.0,Fail,666.6666666666667,66.66666666666667,6666.666666666667
Argon,1,90,20.0,0.4,100.0,80.0,52.48175182481752,0,1,100.0,Gas,0.0,373.0,298.0,Fail,500.0,50.0,5000.0
Argon,1,90,20.0,0.5,100.0,80.0,52.66423357664234,0,1,100.0,Gas,0.0,373.0,298.0,Fail,400.0,40.0,4000.0
Argon,1,90,25.0,0.01,100.0,80.0,52.846715328467155,0,1,100.0,Gas,0.0,373.0,298.0,Fail,25000.0,2500.0,250000.00000000003
Argon,1,90,25.0,0.015,100.0,80.0,53.02919708029197,0,1,100.0,Gas,0.0,373.0,298.0,Fail,16666.666666666668,1666.6666666666667,166666.6666666667
Argon,1,90,25.0,0.025,100.0,80.0,53.21167883211679,0,1,100.0,Gas,0.0,373.0,298.0,Fail,10000.0,1000.0,100000.0
Argon,1,90,25.0,0.035,100.0,80.0,53.394160583941606,0,1,100.0,Gas,0.0,373.0,298.0,Fail,7142.857142857142,714.2857142857142,71428.57142857142
Argon,1,90,25.0,0.045,100.0,80.0,53.57664233576642,0,1,100.0,Gas,0.0,373.0,298.0,Fail,5555.555555555555,555.5555555555555,55555.555555555555
Argon,1,90,25.0,0.055,100.0,80.0,53.75912408759124,0,1,100.0,Gas,0.0,373.0,298.0,Fail,4545.454545454546,454.54545454545456,45454.54545454546
Argon,1,90,25.0,0.065,100.0,80.0,53.941605839416056,0,1,100.0,Gas,0.0,373.0,298.0,Fail,3846.1538461538457,384.6153846153846,38461.53846153846
Argon,1,90,25.0,0.075,100.0,80.0,54.12408759124088,0,1,100.0,Gas,0.0,373.0,298.0,Fail,3333.3333333333335,333.33333333333337,33333.333333333336
Argon,1,90,25.0,0.1,100.0,80.0,54.30656934306569,0,1,100.0,Gas,0.0,373.0,298.0,Fail,2500.0,250.0,25000.0
Argon,1,90,25.0,0.13,100.0,80.0,54.48905109489051,0,1,100.0,Gas,0.0,373.0,298.0,Fail,1923.0769230769229,192.3076923076923,19230.76923076923
Argon,1,90,25.0,0.16,100.0,80.0,54.67153284671533,0,1,100.0,Gas,0.0,373.0,298.0,Fail,1562.5,156.25,15625.000000000002
Argon,1,90,25.0,0.2,100.0,80.0,54.85401459854015,0,1,100.0,Gas,0.0,373.0,298.0,Fail,1250.0,125.0,12500.0
Argon,1,90,25.0,0.3,100.0,80.0,55.03649635036496,0,1,100.0,Gas,0.0,373.0,298.0,Fail,833.3333333333334,83.33333333333334,8333.333333333334
Argon,1,90,25.0,0.4,100.0,80.0,55.21897810218978,0,1,100.0,Gas,0.0,373.0,298.0,Fail,625.0,62.5,6250.0
Argon,1,90,25.0,0.5,100.0,80.0,55.4014598540146,0,1,100.0,Gas,0.0,373.0,298.0,Fail,500.0,50.0,5000.0
Argon,1,90,30.0,0.01,100.0,80.0,55.583941605839414,0,1,100.0,Gas,0.0,373.0,298.0,Fail,30000.0,3000.0,300000.0
Argon,1,90,30.0,0.025,100.0,80.0,55.76642335766424,0,1,100.0,Gas,0.0,373.0,298.0,Fail,12000.0,1200.0,120000.0
Argon,1,90,30.0,0.045,100.0,80.0,55.94890510948905,0,1,100.0,Gas,0.0,373.0,298.0,Fail,6666.666666666666,666.6666666666667,66666.66666666667
Argon,1,90,30.0,0.065,100.0,80.0,56.13138686131387,0,1,100.0,Gas,0.0,373.0,298.0,Fail,4615.384615384615,461.53846153846155,46153.846153846156
Argon,1,90,30.0,0.075,100.0,80.0,56.31386861313869,0,1,100.0,Gas,0.0,373.0,298.0,Fail,4000.0,400.0,40000.0
Argon,1,90,30.0,0.1,100.0,80.0,56.496350364963504,0,1,100.0,Gas,0.0,373.0,298.0,Fail,3000.0,300.0,30000.0
Argon,1,90,30.0,0.13,100.0,80.0,56.67883211678832,0,1,100.0,Gas,0.0,373.0,298.0,Fail,2307.6923076923076,230.76923076923077,23076.923076923078
Argon,1,90,30.0,0.16,100.0,80.0,56.86131386861314,0,1,100.0,Gas,0.0,373.0,298.0,Fail,1875.0,187.5,18750.0
Argon,1,90,30.0,0.2,100.0,80.0,57.043795620437955,0,1,100.0,Gas,0.0,373.0,298.0,Fail,1500.0,150.0,15000.0
Argon,1,90,30.0,0.3,100.0,80.0,57.22627737226277,0,1,100.0,Gas,0.0,373.0,298.0,Fail,1000.0,100.0,10000.0
Argon,1,90,30.0,0.4,100.0,80.0,57.408759124087595,0,1,100.0,Gas,0.0,373.0,298.0,Fail,750.0,75.0,7500.0
Argon,1,90,30.0,0.5,100.0,80.0,57.591240875912405,0,1,100.0,Gas,0.0,373.0,298.0,Fail,600.0,60.0,6000.0
Argon,1,90,35.0,0.01,100.0,80.0,57.77372262773723,0,1,100.0,Gas,0.0,373.0,298.0,Fail,35000.0,3500.0,350000.00000000006
Argon,1,90,35.0,0.015,100.0,80.0,57.956204379562045,0,1,100.0,Gas,0.0,373.0,298.0,Fail,23333.333333333332,2333.3333333333335,233333.33333333334
Argon,1,90,35.0,0.025,100.0,80.0,58.13868613138686,0,1,100.0,Gas,0.0,373.0,298.0,Fail,14000.0,1400.0,140000.0
Argon,1,90,35.0,0.035,100.0,80.0,58.32116788321168,0,1,100.0,Gas,0.0,373.0,298.0,Fail,9999.999999999998,999.9999999999999,99999.99999999999
Argon,1,90,35.0,0.045,100.0,80.0,58.503649635036496,0,1,100.0,Gas,0.0,373.0,298.0,Fail,7777.7777777777765,777.7777777777778,77777.77777777778
Argon,1,90,35.0,0.055,100.0,80.0,58.68613138686131,0,1,100.0,Gas,0.0,373.0,298.0,Fail,6363.636363636364,636.3636363636364,63636.36363636365
Argon,1,90,35.0,0.065,100.0,80.0,58.86861313868613,0,1,100.0,Gas,0.0,373.0,298.0,Fail,5384.615384615384,538.4615384615385,53846.15384615385
Argon,1,90,35.0,0.075,100.0,80.0,59.05109489051095,0,1,100.0,Gas,0.0,373.0,298.0,Fail,4666.666666666667,466.6666666666667,46666.666666666664
Argon,1,90,35.0,0.1,100.0,80.0,59.23357664233576,0,1,100.0,Gas,0.0,373.0,298.0,Fail,3500.0,350.0,35000.0
Argon,1,90,35.0,0.13,100.0,80.0,59.416058394160586,0,1,100.0,Gas,0.0,373.0,298.0,Fail,2692.307692307692,269.2307692307692,26923.076923076926
Argon,1,90,35.0,0.16,100.0,80.0,59.5985401459854,0,1,100.0,Gas,0.0,373.0,298.0,Fail,2187.5,218.75,21875.000000000004
Argon,1,90,35.0,0.2,100.0,80.0,59.78102189781022,0,1,100.0,Gas,0.0,373.0,298.0,Fail,1750.0,175.0,17500.0
Argon,1,90,35.0,0.3,100.0,80.0,59.96350364963504,0,1,100.0,Gas,0.0,373.0,298.0,Fail,1166.6666666666667,116.66666666666667,11666.666666666666
Argon,1,90,35.0,0.4,100.0,80.0,60.14598540145985,0,1,100.0,Gas,0.0,373.0,298.0,Fail,875.0,87.5,8750.0
Argon,1,90,35.0,0.5,100.0,80.0,60.32846715328467,0,1,100.0,Gas,0.0,373.0,298.0,Fail,700.0,70.0,7000.0
Argon,1,90,40.0,0.01,100.0,80.0,60.51094890510949,0,1,100.0,Gas,0.0,373.0,298.0,Fail,40000.0,4000.0,400000.00000000006
Argon,1,90,40.0,0.025,100.0,80.0,60.69343065693431,0,1,100.0,Gas,0.0,373.0,298.0,Fail,16000.0,1600.0,160000.0
Argon,1,90,40.0,0.045,100.0,80.0,60.87591240875912,0,1,100.0,Gas,0.0,373.0,298.0,Fail,8888.888888888889,888.8888888888889,88888.88888888889
Argon,1,90,40.0,0.065,100.0,80.0,61.058394160583944,0,1,100.0,Gas,0.0,373.0,298.0,Fail,6153.846153846153,615.3846153846154,61538.46153846154
Argon,1,90,40.0,0.075,100.0,80.0,61.240875912408754,0,1,100.0,Gas,0.0,373.0,298.0,Fail,5333.333333333334,533.3333333333334,53333.333333333336
Argon,1,90,40.0,0.1,100.0,80.0,61.42335766423358,0,1,100.0,Gas,0.0,373.0,298.0,Fail,4000.0,400.0,40000.0
Argon,1,90,40.0,0.13,100.0,80.0,61.605839416058394,0,1,100.0,Gas,0.0,373.0,298.0,Fail,3076.9230769230767,307.6923076923077,30769.23076923077
Argon,1,90,40.0,0.16,100.0,80.0,61.78832116788321,0,1,100.0,Gas,0.0,373.0,298.0,Fail,2500.0,250.0,25000.000000000004
Argon,1,90,40.0,0.2,100.0,80.0,61.97080291970803,0,1,100.0,Gas,0.0,373.0,298.0,Fail,2000.0,200.0,20000.0
Argon,1,90,40.0,0.3,100.0,80.0,62.153284671532845,0,1,100.0,Gas,0.0,373.0,298.0,Fail,1333.3333333333335,133.33333333333334,13333.333333333334
Argon,1,90,40.0,0.4,100.0,80.0,62.33576642335767,0,1,100.0,Gas,0.0,373.0,298.0,Fail,1000.0,100.0,10000.0
Argon,1,90,40.0,0.5,100.0,80.0,62.51824817518248,0,1,100.0,Gas,0.0,373.0,298.0,Fail,800.0,80.0,8000.0
Argon,1,90,45.0,0.01,100.0,80.0,62.7007299270073,0,1,100.0,Gas,0.0,373.0,298.0,Fail,45000.0,4500.0,450000.00000000006
Argon,1,90,45.0,0.015,100.0,80.0,62.88321167883211,0,1,100.0,Gas,0.0,373.0,298.0,Fail,30000.0,3000.0,300000.0
Argon,1,90,45.0,0.025,100.0,80.0,63.065693430656935,0,1,100.0,Gas,0.0,373.0,298.0,Fail,18000.0,1800.0,180000.0
Argon,1,90,45.0,0.035,100.0,80.0,63.24817518248175,0,1,100.0,Gas,0.0,373.0,298.0,Fail,12857.142857142855,1285.7142857142856,128571.42857142855
Argon,1,90,45.0,0.045,100.0,80.0,63.43065693430657,0,1,100.0,Gas,0.0,373.0,298.0,Fail,9999.999999999998,1000.0,100000.0
Argon,1,90,45.0,0.055,100.0,80.0,63.613138686131386,0,1,100.0,Gas,0.0,373.0,298.0,Fail,8181.818181818182,818.1818181818181,81818.18181818182
Argon,1,90,45.0,0.065,100.0,80.0,63.7956204379562,0,1,100.0,Gas,0.0,373.0,298.0,Fail,6923.076923076923,692.3076923076923,69230.76923076923
Argon,1,90,45.0,0.075,100.0,80.0,63.978102189781026,0,1,100.0,Gas,0.0,373.0,298.0,Fail,6000.0,600.0,60000.0
Argon,1,90,45.0,0.1,100.0,80.0,64.16058394160584,0,1,100.0,Gas,0.0,373.0,298.0,Fail,4500.0,450.0,45000.0
Argon,1,90,45.0,0.13,100.0,80.0,64.34306569343066,0,1,100.0,Gas,0.0,373.0,298.0,Fail,3461.5384615384614,346.15384615384613,34615.38461538462
Argon,1,90,45.0,0.16,100.0,80.0,64.52554744525547,0,1,100.0,Gas,0.0,373.0,298.0,Fail,2812.5,281.25,28125.000000000004
Argon,1,90,45.0,0.2,100.0,80.0,64.7080291970803,0,1,100.0,Gas,0.0,373.0,298.0,Fail,2250.0,225.0,22500.0
Argon,1,90,45.0,0.3,100.0,80.0,64.8905109489051,0,1,100.0,Gas,0.0,373.0,298.0,Fail,1500.0,150.0,15000.0
Argon,1,90,45.0,0.4,100.0,80.0,65.07299270072993,0,1,100.0,Gas,0.0,373.0,298.0,Fail,1125.0,112.5,11250.0
Argon,1,90,45.0,0.5,100.0,80.0,65.25547445255475,0,1,100.0,Gas,0.0,373.0,298.0,Fail,900.0,90.0,9000.0
Argon,1,90,50.0,0.01,100.0,80.0,65.43795620437956,0,1,100.0,Gas,0.0,373.0,298.0,Fail,50000.0,5000.0,500000.00000000006
Argon,1,90,50.0,0.015,100.0,80.0,65.62043795620438,0,1,100.0,Gas,0.0,373.0,298.0,Fail,33333.333333333336,3333.3333333333335,333333.3333333334
Argon,1,90,50.0,0.025,100.0,80.0,65.8029197080292,0,1,100.0,Gas,0.0,373.0,298.0,Fail,20000.0,2000.0,200000.0
Argon,1,90,50.0,0.035,100.0,80.0,65.98540145985402,0,1,100.0,Gas,0.0,373.0,298.0,Fail,14285.714285714284,1428.5714285714284,142857.14285714284
Argon,1,90,50.0,0.045,100.0,80.0,66.16788321167883,0,1,100.0,Gas,0.0,373.0,298.0,Fail,11111.11111111111,1111.111111111111,111111.11111111111
Argon,1,90,50.0,0.055,100.0,80.0,66.35036496350365,0,1,100.0,Gas,0.0,373.0,298.0,Fail,9090.909090909092,909.0909090909091,90909.09090909093
Argon,1,90,50.0,0.065,100.0,80.0,66.53284671532847,0,1,100.0,Gas,0.0,373.0,298.0,Fail,7692.3076923076915,769.2307692307692,76923.07692307692
Argon,1,90,50.0,0.075,100.0,80.0,66.71532846715328,0,1,100.0,Gas,0.0,373.0,298.0,Fail,6666.666666666667,666.6666666666667,66666.66666666667
Argon,1,90,50.0,0.1,100.0,80.0,66.8978102189781,0,1,100.0,Gas,0.0,373.0,298.0,Fail,5000.0,500.0,50000.0
Argon,1,90,50.0,0.13,100.0,80.0,67.08029197080292,0,1,100.0,Gas,0.0,373.0,298.0,Fail,3846.1538461538457,384.6153846153846,38461.53846153846
Argon,1,90,50.0,0.16,100.0,80.0,67.26277372262774,0,1,100.0,Gas,0.0,373.0,298.0,Fail,3125.0,312.5,31250.000000000004
Argon,1,90,50.0,0.2,100.0,80.0,67.44525547445255,0,1,100.0,Gas,0.0,373.0,298.0,Fail,2500.0,250.0,25000.0
Argon,1,90,50.0,0.3,100.0,80.0,67.62773722627738,0,1,100.0,Gas,0.0,373.0,298.0,Fail,1666.6666666666667,166.66666666666669,16666.666666666668
Argon,1,90,50.0,0.4,100.0,80.0,67.81021897810218,0,1,100.0,Gas,0.0,373.0,298.0,Fail,1250.0,125.0,12500.0
Argon,1,90,50.0,0.5,100.0,80.0,67.99270072992701,0,1,100.0,Gas,0.0,373.0,298.0,Fail,1000.0,100.0,10000.0
Argon,1,90,50.0,0.025,80.0,80.0,68.17518248175182,0,1,100.0,Gas,0.0,373.0,298.0,Fail,25000.0,2000.0,250000.00000000003
Argon,1,90,50.0,0.065,80.0,80.0,68.35766423357664,0,1,100.0,Gas,0.0,373.0,298.0,Fail,9615.384615384613,769.2307692307692,96153.84615384616
Argon,1,90,50.0,0.1,80.0,80.0,68.54014598540147,0,1,100.0,Gas,0.0,373.0,298.0,Fail,6250.0,500.0,62500.00000000001
Argon,1,90,50.0,0.13,80.0,80.0,68.72262773722628,0,1,100.0,Gas,0.0,373.0,298.0,Fail,4807.692307692307,384.6153846153846,48076.92307692308
Argon,1,90,50.0,0.065,80.0,80.0,68.9051094890511,0,1,50.0,Gas,0.0,373.0,298.0,Fail,9615.384615384613,769.2307692307692,192307.6923076923
Argon,1,90,50.0,0.065,80.0,80.0,69.08759124087591,0,1,75.0,Gas,0.0,373.0,298.0,Fail,9615.384615384613,769.2307692307692,128205.1282051282
Argon,1,90,50.0,0.065,80.0,80.0,69.27007299270073,0,1,100.0,Gas,0.0,373.0,298.0,Fail,9615.384615384613,769.2307692307692,96153.84615384616
Argon,1,90,50.0,0.065,40.0,80.0,69.45255474452554,0,1,100.0,Gas,0.0,373.0,298.0,Fail,19230.769230769227,769.2307692307692,192307.6923076923
Argon,1,90,50.0,0.065,60.0,80.0,69.63503649635037,0,1,100.0,Gas,0.0,373.0,298.0,Fail,12820.51282051282,769.2307692307692,128205.12820512819
Argon,1,90,50.0,0.065,80.0,80.0,69.81751824817519,0,1,100.0,Gas,0.0,373.0,298.0,Fail,9615.384615384613,769.2307692307692,96153.84615384616
Argon,1,90,150.0,0.25,80.0,70.0,70.0,0,0.7,40.0,Gas,0.0,298.0,298.0,Success,7500.0,600.0,187500.00000000003
Argon,1,90,150.0,0.3,80.0,70.0,70.0,0,0.7,40.0,Gas,0.0,298.0,298.0,Success,6250.0,500.0,156250.0
Argon,1,90,150.0,0.35,80.0,70.0,70.0,0,0.7,40.0,Gas,0.0,298.0,298.0,Success,5357.142857142857,428.5714285714286,133928.57142857145
Argon,1,90,150.0,0.4,80.0,70.0,70.0,0,0.7,40.0,Gas,0.0,298.0,298.0,Fail,4687.5,375.0,117187.50000000001
Argon,1,90,150.0,0.45,80.0,70.0,70.0,0,0.7,40.0,Gas,0.0,298.0,298.0,Fail,4166.666666666666,333.3333333333333,104166.66666666667
Argon,1,90,150.0,0.5,80.0,70.0,70.0,0,0.7,40.0,Gas,0.0,298.0,298.0,Fail,3750.0,300.0,93750.00000000001
Argon,1,90,150.0,0.55,80.0,70.0,70.0,0,0.7,40.0,Gas,0.0,298.0,298.0,Fail,3409.0909090909095,272.7272727272727,85227.27272727274
Argon,1,90,150.0,0.6,80.0,70.0,70.0,0,0.7,40.0,Gas,0.0,298.0,298.0,Fail,3125.0,250.0,78125.0
Argon,1,90,150.0,0.65,80.0,70.0,70.0,0,0.7,40.0,Gas,0.0,298.0,298.0,Fail,2884.6153846153843,230.76923076923077,72115.38461538462
Argon,1,90,150.0,0.7,80.0,70.0,70.0,0,0.7,40.0,Gas,0.0,298.0,298.0,Fail,2678.5714285714284,214.2857142857143,66964.28571428572
Argon,1,90,150.0,0.75,80.0,70.0,70.0,0,0.7,40.0,Gas,0.0,298.0,298.0,Fail,2500.0,200.0,62500.00000000001
Argon,1,90,150.0,0.8,80.0,70.0,70.0,0,0.7,40.0,Gas,0.0,298.0,298.0,Fail,2343.75,187.5,58593.75000000001
Argon,1,90,150.0,0.85,80.0,70.0,70.0,0,0.7,40.0,Gas,0.0,298.0,298.0,Fail,2205.882352941176,176.47058823529412,55147.05882352942
Argon,1,90,150.0,0.9,80.0,70.0,70.0,0,0.7,40.0,Gas,0.0,298.0,298.0,Fail,2083.333333333333,166.66666666666666,52083.333333333336
Argon,1,90,150.0,0.95,80.0,70.0,70.0,0,0.7,40.0,Gas,0.0,298.0,298.0,Fail,1973.6842105263158,157.89473684210526,49342.1052631579
Argon,1,90,75.0,1.0,100.0,70.0,46.01,0,1,50.0,Gas,0.0,298.0,298.0,Fail,750.0,75.0,15000.0
Argon,1,90,75.0,0.9,100.0,70.0,46.01,0,1,50.0,Gas,0.0,298.0,298.0,Fail,833.3333333333334,83.33333333333333,16666.666666666668
Argon,1,90,75.0,0.8,100.0,70.0,46.01,0,1,50.0,Gas,0.0,298.0,298.0,Fail,937.5,93.75,18750.0
Argon,1,90,75.0,0.7,100.0,70.0,46.01,0,1,50.0,Gas,0.0,298.0,298.0,Fail,1071.4285714285713,107.14285714285715,21428.57142857143
Argon,1,90,75.0,0.6,100.0,70.0,46.01,0,1,50.0,Gas,0.0,298.0,298.0,Fail,1250.0,125.0,25000.0
Argon,1,90,75.0,0.5,100.0,70.0,46.01,0,1,50.0,Gas,0.0,298.0,298.0,Fail,1500.0,150.0,30000.0
Argon,1,90,75.0,0.4,100.0,70.0,46.01,0,1,50.0,Gas,0.0,298.0,298.0,Fail,1875.0,187.5,37500.0
Argon,1,90,75.0,0.3,100.0,70.0,46.01,0,1,50.0,Gas,0.0,298.0,298.0,Fail,2500.0,250.0,50000.0
Argon,1,90,75.0,0.2,100.0,70.0,46.01,0,1,50.0,Gas,0.0,298.0,298.0,Fail,3750.0,375.0,75000.0
Argon,1,90,75.0,0.1,100.0,70.0,46.01,0,1,50.0,Gas,0.0,298.0,298.0,Fail,7500.0,750.0,150000.0
Argon,1,90,100.0,1.0,100.0,70.0,46.01,0,1,50.0,Gas,0.0,298.0,298.0,Fail,1000.0,100.0,20000.0
Argon,1,90,100.0,0.9,100.0,70.0,46.01,0,1,50.0,Gas,0.0,298.0,298.0,Fail,1111.111111111111,111.11111111111111,22222.222222222223
Argon,1,90,100.0,0.8,100.0,70.0,46.01,0,1,50.0,Gas,0.0,298.0,298.0,Fail,1250.0,125.0,25000.0
Argon,1,90,100.0,0.7,100.0,70.0,46.01,0,1,50.0,Gas,0.0,298.0,298.0,Fail,1428.5714285714284,142.85714285714286,28571.428571428576
Argon,1,90,100.0,0.6,100.0,70.0,46.01,0,1,50.0,Gas,0.0,298.0,298.0,Fail,1666.6666666666667,166.66666666666669,33333.333333333336
Argon,1,90,100.0,0.5,100.0,70.0,46.01,0,1,50.0,Gas,0.0,298.0,298.0,Fail,2000.0,200.0,40000.0
Argon,1,90,100.0,0.4,100.0,70.0,46.01,0,1,50.0,Gas,0.0,298.0,298.0,Fail,2500.0,250.0,50000.0
Argon,1,90,100.0,0.3,100.0,70.0,46.01,0,1,50.0,Gas,0.0,298.0,298.0,Fail,3333.3333333333335,333.33333333333337,66666.66666666667
Argon,1,90,100.0,0.2,100.0,70.0,46.01,0,1,50.0,Gas,0.0,298.0,298.0,Fail,5000.0,500.0,100000.0
Argon,1,90,100.0,0.1,100.0,70.0,46.01,0,1,50.0,Gas,0.0,298.0,298.0,Fail,10000.0,1000.0,200000.0
Argon,1,90,125.0,1.0,100.0,70.0,46.01,0,1,50.0,Gas,0.0,298.0,298.0,Fail,1250.0,125.0,25000.0
Argon,1,90,125.0,0.9,100.0,70.0,46.01,0,1,50.0,Gas,0.0,298.0,298.0,Fail,1388.888888888889,138.88888888888889,27777.77777777778
Argon,1,90,125.0,0.8,100.0,70.0,46.01,0,1,50.0,Gas,0.0,298.0,298.0,Fail,1562.5,156.25,31250.0
Argon,1,90,125.0,0.7,100.0,70.0,46.01,0,1,50.0,Gas,0.0,298.0,298.0,Fail,1785.7142857142856,178.57142857142858,35714.28571428572
Argon,1,90,125.0,0.6,100.0,70.0,46.01,0,1,50.0,Gas,0.0,298.0,298.0,Fail,2083.3333333333335,208.33333333333334,41666.666666666664
Argon,1,90,125.0,0.5,100.0,70.0,46.01,0,1,50.0,Gas,0.0,298.0,298.0,Fail,2500.0,250.0,50000.0
Argon,1,90,125.0,0.4,100.0,70.0,46.01,0,1,50.0,Gas,0.0,298.0,298.0,Fail,3125.0,312.5,62500.0
Argon,1,90,125.0,0.3,100.0,70.0,46.01,0,1,50.0,Gas,0.0,298.0,298.0,Fail,4166.666666666667,416.6666666666667,83333.33333333333
Argon,1,90,125.0,0.2,100.0,70.0,46.01,0,1,50.0,Gas,0.0,298.0,298.0,Fail,6250.0,625.0,125000.0
Argon,1,90,125.0,0.1,100.0,70.0,46.01,0,1,50.0,Gas,0.0,298.0,298.0,Fail,12500.0,1250.0,250000.0
Argon,1,90,150.0,1.0,100.0,70.0,46.01,0,1,50.0,Gas,0.0,298.0,298.0,Fail,1500.0,150.0,30000.0
Argon,1,90,150.0,0.9,100.0,70.0,46.01,0,1,50.0,Gas,0.0,298.0,298.0,Fail,1666.6666666666667,166.66666666666666,33333.333333333336
Argon,1,90,150.0,0.8,100.0,70.0,46.01,0,1,50.0,Gas,0.0,298.0,298.0,Fail,1875.0,187.5,37500.0
Argon,1,90,150.0,0.7,100.0,70.0,46.01,0,1,50.0,Gas,0.0,298.0,298.0,Fail,2142.8571428571427,214.2857142857143,42857.14285714286
Argon,1,90,150.0,0.6,100.0,70.0,46.01,0,1,50.0,Gas,0.0,298.0,298.0,Fail,2500.0,250.0,50000.0
Argon,1,90,150.0,0.5,100.0,70.0,46.01,0,1,50.0,Gas,0.0,298.0,298.0,Fail,3000.0,300.0,60000.0
Argon,1,90,150.0,0.4,100.0,70.0,46.01,0,1,50.0,Gas,0.0,298.0,298.0,Fail,3750.0,375.0,75000.0
Argon,1,90,150.0,0.3,100.0,70.0,46.01,0,1,50.0,Gas,0.0,298.0,298.0,Fail,5000.0,500.0,100000.0
Argon,1,90,150.0,0.2,100.0,70.0,46.01,0,1,50.0,Gas,0.0,298.0,298.0,Fail,7500.0,750.0,150000.0
Argon,1,90,150.0,0.1,100.0,70.0,46.01,0,1,50.0,Gas,0.0,298.0,298.0,Fail,15000.0,1500.0,300000.0
Argon,1,90,175.0,1.0,100.0,70.0,46.01,0,1,50.0,Gas,0.0,298.0,298.0,Fail,1750.0,175.0,35000.0
Argon,1,90,175.0,0.9,100.0,70.0,46.01,0,1,50.0,Gas,0.0,298.0,298.0,Fail,1944.4444444444446,194.44444444444443,38888.88888888889
Argon,1,90,175.0,0.8,100.0,70.0,46.01,0,1,50.0,Gas,0.0,298.0,298.0,Fail,2187.5,218.75,43750.0
Argon,1,90,175.0,0.7,100.0,70.0,46.01,0,1,50.0,Gas,0.0,298.0,298.0,Fail,2499.9999999999995,250.00000000000003,50000.00000000001
Argon,1,90,175.0,0.6,100.0,70.0,46.01,0,1,50.0,Gas,0.0,298.0,298.0,Fail,2916.666666666667,291.6666666666667,58333.33333333333
Argon,1,90,175.0,0.5,100.0,70.0,46.01,0,1,50.0,Gas,0.0,298.0,298.0,Fail,3500.0,350.0,70000.0
Argon,1,90,175.0,0.4,100.0,70.0,46.01,0,1,50.0,Gas,0.0,298.0,298.0,Fail,4375.0,437.5,87500.0
Argon,1,90,175.0,0.3,100.0,70.0,46.01,0,1,50.0,Gas,0.0,298.0,298.0,Fail,5833.333333333334,583.3333333333334,116666.66666666666
Argon,1,90,175.0,0.2,100.0,70.0,46.01,0,1,50.0,Gas,0.0,298.0,298.0,Fail,8750.0,875.0,175000.0
Argon,1,90,175.0,0.1,100.0,70.0,46.01,0,1,50.0,Gas,0.0,298.0,298.0,Fail,17500.0,1750.0,350000.0
Argon,1,90,200.0,1.0,100.0,70.0,46.01,0,1,50.0,Gas,0.0,298.0,298.0,Fail,2000.0,200.0,40000.0
Argon,1,90,200.0,0.9,100.0,70.0,46.01,0,1,50.0,Gas,0.0,298.0,298.0,Fail,2222.222222222222,222.22222222222223,44444.444444444445
Argon,1,90,200.0,0.8,100.0,70.0,46.01,0,1,50.0,Gas,0.0,298.0,298.0,Fail,2500.0,250.0,50000.0
Argon,1,90,200.0,0.7,100.0,70.0,46.01,0,1,50.0,Gas,0.0,298.0,298.0,Fail,2857.142857142857,285.7142857142857,57142.85714285715
Argon,1,90,200.0,0.6,100.0,70.0,46.01,0,1,50.0,Gas,0.0,298.0,298.0,Fail,3333.3333333333335,333.33333333333337,66666.66666666667
Argon,1,90,200.0,0.5,100.0,70.0,46.01,0,1,50.0,Gas,0.0,298.0,298.0,Fail,4000.0,400.0,80000.0
Argon,1,90,200.0,0.4,100.0,70.0,46.01,0,1,50.0,Gas,0.0,298.0,298.0,Fail,5000.0,500.0,100000.0
Argon,1,90,200.0,0.3,100.0,70.0,46.01,0,1,50.0,Gas,0.0,298.0,298.0,Fail,6666.666666666667,666.6666666666667,133333.33333333334
Argon,1,90,200.0,0.2,100.0,70.0,46.01,0,1,50.0,Gas,0.0,298.0,298.0,Fail,10000.0,1000.0,200000.0
Argon,1,90,200.0,0.1,100.0,70.0,46.01,0,1,50.0,Gas,0.0,298.0,298.0,Fail,20000.0,2000.0,400000.0
Argon,1,90,100.0,0.8,100.0,80.0,50.0,0,1,30.0,Gas,0.0,298.0,298.0,Fail,1250.0,125.0,41666.66666666667
Argon,1,90,100.0,1.6,100.0,80.0,50.0,0,1,30.0,Gas,0.0,298.0,298.0,Fail,625.0,62.5,20833.333333333336
Argon,1,90,100.0,2.4,100.0,80.0,50.0,0,1,30.0,Gas,0.0,298.0,298.0,Fail,416.6666666666667,41.66666666666667,13888.888888888889
Argon,1,90,100.0,3.2,100.0,80.0,50.0,0,1,30.0,Gas,0.0,298.0,298.0,Fail,312.5,31.25,10416.666666666668
Argon,1,90,100.0,4.0,100.0,80.0,50.0,0,1,30.0,Gas,0.0,298.0,298.0,Fail,250.0,25.0,8333.333333333334
Argon,1,90,150.0,0.8,100.0,80.0,50.0,0,1,30.0,Gas,0.0,298.0,298.0,Fail,1875.0,187.5,62500.00000000001
Argon,1,90,150.0,1.6,100.0,80.0,50.0,0,1,30.0,Gas,0.0,298.0,298.0,Fail,937.5,93.75,31250.000000000004
Argon,1,90,150.0,2.4,100.0,80.0,50.0,0,1,30.0,Gas,0.0,298.0,298.0,Fail,625.0,62.5,20833.333333333332
Argon,1,90,150.0,3.2,100.0,80.0,50.0,0,1,30.0,Gas,0.0,298.0,298.0,Fail,468.75,46.875,15625.000000000002
Argon,1,90,150.0,4.0,100.0,80.0,50.0,0,1,30.0,Gas,0.0,298.0,298.0,Fail,375.0,37.5,12500.0
Argon,1,90,200.0,0.8,100.0,80.0,50.0,0,1,30.0,Gas,0.0,298.0,298.0,Fail,2500.0,250.0,83333.33333333334
Argon,1,90,200.0,1.6,100.0,80.0,50.0,0,1,30.0,Gas,0.0,298.0,298.0,Fail,1250.0,125.0,41666.66666666667
Argon,1,90,200.0,2.4,100.0,80.0,50.0,0,1,30.0,Gas,0.0,298.0,298.0,Fail,833.3333333333334,83.33333333333334,27777.777777777777
Argon,1,90,200.0,3.2,100.0,80.0,50.0,0,1,30.0,Gas,0.0,298.0,298.0,Fail,625.0,62.5,20833.333333333336
Argon,1,90,200.0,4.0,100.0,80.0,50.0,0,1,30.0,Gas,0.0,298.0,298.0,Fail,500.0,50.0,16666.666666666668
Argon,1,90,250.0,0.8,100.0,80.0,50.0,0,1,30.0,Gas,0.0,298.0,298.0,Fail,3125.0,312.5,104166.66666666667
Argon,1,90,250.0,1.6,100.0,80.0,50.0,0,1,30.0,Gas,0.0,298.0,298.0,Fail,1562.5,156.25,52083.333333333336
Argon,1,90,250.0,2.4,100.0,80.0,50.0,0,1,30.0,Gas,0.0,298.0,298.0,Fail,1041.6666666666667,104.16666666666667,34722.222222222226
Argon,1,90,250.0,3.2,100.0,80.0,50.0,0,1,30.0,Gas,0.0,298.0,298.0,Fail,781.25,78.125,26041.666666666668
Argon,1,90,250.0,4.0,100.0,80.0,50.0,0,1,30.0,Gas,0.0,298.0,298.0,Fail,625.0,62.5,20833.333333333332
Argon,1,90,300.0,0.8,100.0,80.0,50.0,0,1,30.0,Gas,0.0,298.0,298.0,Fail,3750.0,375.0,125000.00000000001
Argon,1,90,300.0,1.6,100.0,80.0,50.0,0,1,30.0,Gas,0.0,298.0,298.0,Fail,1875.0,187.5,62500.00000000001
Argon,1,90,300.0,2.4,100.0,80.0,50.0,0,1,30.0,Gas,0.0,298.0,298.0,Fail,1250.0,125.0,41666.666666666664
Argon,1,90,300.0,3.2,100.0,80.0,50.0,0,1,30.0,Gas,0.0,298.0,298.0,Fail,937.5,93.75,31250.000000000004
Argon,1,90,300.0,4.0,100.0,80.0,50.0,0,1,30.0,Gas,0.0,298.0,298.0,Fail,750.0,75.0,25000.0
Argon,1,90,100.0,0.2,500.0,100.0,49.99452054794521,0,1,70.0,Gas,0.0,298.0,353.0,Success,1000.0,500.0,14285.714285714288
Argon,1,90,100.0,0.4,500.0,100.0,49.989041095890414,0,1,70.0,Gas,0.0,298.0,353.0,Success,500.0,250.0,7142.857142857144
Argon,1,90,100.0,0.6,500.0,100.0,49.983561643835614,0,1,70.0,Gas,0.0,298.0,353.0,Fail,333.33333333333337,166.66666666666669,4761.904761904762
Argon,1,90,100.0,0.8,500.0,100.0,49.97808219178082,0,1,70.0,Gas,0.0,298.0,353.0,Fail,250.0,125.0,3571.428571428572
Argon,1,90,100.0,1.0,500.0,100.0,49.97260273972603,0,1,70.0,Gas,0.0,298.0,353.0,Fail,200.0,100.0,2857.1428571428573
Argon,1,90,150.0,0.2,500.0,100.0,49.967123287671235,0,1,70.0,Gas,0.0,298.0,353.0,Fail,1500.0,750.0,21428.57142857143
Argon,1,90,150.0,0.4,500.0,100.0,49.961643835616435,0,1,70.0,Gas,0.0,298.0,353.0,Success,750.0,375.0,10714.285714285716
Argon,1,90,150.0,0.6,500.0,100.0,49.95616438356164,0,1,70.0,Gas,0.0,298.0,353.0,Success,500.0,250.0,7142.857142857144
Argon,1,90,150.0,0.8,500.0,100.0,49.95068493150685,0,1,70.0,Gas,0.0,298.0,353.0,Success,375.0,187.5,5357.142857142858
Argon,1,90,150.0,1.0,500.0,100.0,49.945205479452056,0,1,70.0,Gas,0.0,298.0,353.0,Fail,300.0,150.0,4285.714285714286
Argon,1,90,150.0,1.2,500.0,100.0,49.93972602739726,0,1,70.0,Gas,0.0,298.0,353.0,Fail,250.0,125.0,3571.428571428572
Argon,1,90,200.0,0.2,500.0,100.0,49.93424657534246,0,1,70.0,Gas,0.0,298.0,353.0,Fail,2000.0,1000.0,28571.428571428576
Argon,1,90,200.0,0.4,500.0,100.0,49.92876712328767,0,1,70.0,Gas,0.0,298.0,353.0,Fail,1000.0,500.0,14285.714285714288
Argon,1,90,200.0,0.6,500.0,100.0,49.92328767123288,0,1,70.0,Gas,0.0,298.0,353.0,Success,666.6666666666667,333.33333333333337,9523.809523809525
Argon,1,90,200.0,0.8,500.0,100.0,49.917808219178085,0,1,70.0,Gas,0.0,298.0,353.0,Success,500.0,250.0,7142.857142857144
Argon,1,90,200.0,1.0,500.0,100.0,49.912328767123284,0,1,70.0,Gas,0.0,298.0,353.0,Success,400.0,200.0,5714.285714285715
Argon,1,90,200.0,1.2,500.0,100.0,49.90684931506849,0,1,70.0,Gas,0.0,298.0,353.0,Fail,333.33333333333337,166.66666666666669,4761.904761904762
Argon,1,90,250.0,0.2,500.0,100.0,49.9013698630137,0,1,70.0,Gas,0.0,298.0,353.0,Fail,2500.0,1250.0,35714.28571428572
Argon,1,90,250.0,0.4,500.0,100.0,49.895890410958906,0,1,70.0,Gas,0.0,298.0,353.0,Fail,1250.0,625.0,17857.14285714286
Argon,1,90,250.0,0.6,500.0,100.0,49.89041095890411,0,1,70.0,Gas,0.0,298.0,353.0,Success,833.3333333333334,416.6666666666667,11904.761904761906
Argon,1,90,250.0,0.8,500.0,100.0,49.88493150684931,0,1,70.0,Gas,0.0,298.0,353.0,Success,625.0,312.5,8928.57142857143
Argon,1,90,250.0,1.0,500.0,100.0,49.87945205479452,0,1,70.0,Gas,0.0,298.0,353.0,Success,500.0,250.0,7142.857142857144
Argon,1,90,250.0,1.2,500.0,100.0,49.87397260273973,0,1,70.0,Gas,0.0,298.0,353.0,Fail,416.6666666666667,208.33333333333334,5952.380952380953
Argon,1,90,250.0,1.4,500.0,100.0,49.868493150684934,0,1,70.0,Gas,0.0,298.0,353.0,Fail,357.1428571428571,178.57142857142858,5102.040816326531
Argon,1,90,300.0,0.4,500.0,100.0,49.863013698630134,0,1,70.0,Gas,0.0,298.0,353.0,Fail,1500.0,750.0,21428.57142857143
Argon,1,90,300.0,0.6,500.0,100.0,49.85753424657534,0,1,70.0,Gas,0.0,298.0,353.0,Success,1000.0,500.0,14285.714285714288
Argon,1,90,300.0,0.8,500.0,100.0,49.85205479452055,0,1,70.0,Gas,0.0,298.0,353.0,Fail,750.0,375.0,10714.285714285716
Argon,1,90,300.0,1.0,500.0,100.0,49.846575342465755,0,1,70.0,Gas,0.0,298.0,353.0,Fail,600.0,300.0,8571.428571428572
Argon,1,90,300.0,1.2,500.0,100.0,49.84109589041096,0,1,70.0,Gas,0.0,298.0,353.0,Fail,500.0,250.0,7142.857142857144
Argon,1,90,300.0,1.4,500.0,100.0,49.83561643835616,0,1,70.0,Gas,0.0,298.0,353.0,Fail,428.57142857142856,214.2857142857143,6122.448979591837
Argon,1,90,370.0,0.4,500.0,100.0,49.83013698630137,0,1,70.0,Gas,0.0,298.0,353.0,Fail,1850.0,925.0,26428.57142857143
Argon,1,90,370.0,0.8,500.0,100.0,49.824657534246576,0,1,70.0,Gas,0.0,298.0,353.0,Fail,925.0,462.5,13214.285714285716
Argon,1,90,370.0,1.0,500.0,100.0,49.81917808219178,0,1,70.0,Gas,0.0,298.0,353.0,Success,740.0,370.0,10571.428571428572
Argon,1,90,370.0,1.2,500.0,100.0,49.81369863013698,0,1,70.0,Gas,0.0,298.0,353.0,Fail,616.6666666666667,308.33333333333337,8809.523809523811
Argon,1,90,370.0,1.4,500.0,100.0,49.80821917808219,0,1,70.0,Gas,0.0,298.0,353.0,Fail,528.5714285714286,264.2857142857143,7551.020408163266
Argon,1,90,71.0,0.05,100.0,80.0,49.8027397260274,0,1,49.0,Gas,0.0,298.0,298.0,Fail,14200.0,1420.0,289795.9183673469
Argon,1,90,71.0,0.3,100.0,80.0,49.797260273972604,0,1,49.0,Gas,0.0,298.0,298.0,Fail,2366.666666666667,236.66666666666669,48299.31972789116
Argon,1,90,71.0,0.55,100.0,80.0,49.791780821917804,0,1,49.0,Gas,0.0,298.0,298.0,Fail,1290.9090909090908,129.0909090909091,26345.08348794063
Argon,1,90,71.0,0.8,100.0,80.0,49.78630136986301,0,1,49.0,Gas,0.0,298.0,298.0,Fail,887.5,88.75,18112.244897959183
Argon,1,90,71.0,1.05,100.0,80.0,49.78082191780822,0,1,49.0,Gas,0.0,298.0,298.0,Fail,676.1904761904763,67.61904761904762,13799.805636540332
Argon,1,90,71.0,1.3,100.0,80.0,49.775342465753425,0,1,49.0,Gas,0.0,298.0,298.0,Fail,546.1538461538462,54.61538461538461,11145.996860282576
Argon,1,90,118.0,0.05,100.0,80.0,49.76986301369863,0,1,49.0,Gas,0.0,298.0,298.0,Fail,23600.0,2360.0,481632.6530612245
Argon,1,90,118.0,0.3,100.0,80.0,49.76438356164383,0,1,49.0,Gas,0.0,298.0,298.0,Fail,3933.3333333333335,393.33333333333337,80272.10884353741
Argon,1,90,118.0,0.55,100.0,80.0,49.75890410958904,0,1,49.0,Gas,0.0,298.0,298.0,Fail,2145.454545454545,214.54545454545453,43784.786641929495
Argon,1,90,118.0,0.8,100.0,80.0,49.75342465753425,0,1,49.0,Gas,0.0,298.0,298.0,Fail,1475.0,147.5,30102.04081632653
Argon,1,90,118.0,1.05,100.0,80.0,49.74794520547945,0,1,49.0,Gas,0.0,298.0,298.0,Fail,1123.8095238095239,112.38095238095238,22934.888241010693
Argon,1,90,118.0,1.3,100.0,80.0,49.74246575342465,0,1,49.0,Gas,0.0,298.0,298.0,Fail,907.6923076923076,90.76923076923076,18524.332810047097
Argon,1,90,165.0,0.05,100.0,80.0,49.73698630136986,0,1,49.0,Gas,0.0,298.0,298.0,Fail,33000.0,3300.0,673469.387755102
Argon,1,90,165.0,0.3,100.0,80.0,49.73150684931507,0,1,49.0,Gas,0.0,298.0,298.0,Fail,5500.0,550.0,112244.89795918368
Argon,1,90,165.0,0.55,100.0,80.0,49.726027397260275,0,1,49.0,Gas,0.0,298.0,298.0,Fail,2999.9999999999995,300.0,61224.48979591836
Argon,1,90,165.0,0.8,100.0,80.0,49.72054794520548,0,1,49.0,Gas,0.0,298.0,298.0,Fail,2062.5,206.25,42091.836734693876
Argon,1,90,165.0,1.05,100.0,80.0,49.71506849315068,0,1,49.0,Gas,0.0,298.0,298.0,Fail,1571.4285714285716,157.14285714285714,32069.970845481053
Argon,1,90,165.0,1.3,100.0,80.0,49.70958904109589,0,1,49.0,Gas,0.0,298.0,298.0,Fail,1269.2307692307693,126.92307692307692,25902.66875981162
Argon,1,90,212.0,0.05,100.0,80.0,49.704109589041096,0,1,49.0,Gas,0.0,298.0,298.0,Fail,42400.0,4240.0,865306.1224489796
Argon,1,90,212.0,0.3,100.0,80.0,49.6986301369863,0,1,49.0,Gas,0.0,298.0,298.0,Fail,7066.666666666667,706.6666666666667,144217.68707482994
Argon,1,90,212.0,0.55,100.0,80.0,49.6931506849315,0,1,49.0,Gas,0.0,298.0,298.0,Fail,3854.545454545454,385.45454545454544,78664.19294990723
Argon,1,90,212.0,0.8,100.0,80.0,49.68767123287671,0,1,49.0,Gas,0.0,298.0,298.0,Fail,2650.0,265.0,54081.63265306123
Argon,1,90,212.0,1.05,100.0,80.0,49.68219178082192,0,1,49.0,Gas,0.0,298.0,298.0,Fail,2019.047619047619,201.9047619047619,41205.05344995141
Argon,1,90,212.0,1.3,100.0,80.0,49.676712328767124,0,1,49.0,Gas,0.0,298.0,298.0,Fail,1630.7692307692307,163.07692307692307,33281.00470957614
Argon,1,90,259.0,0.05,100.0,80.0,49.67123287671233,0,1,49.0,Gas,0.0,298.0,298.0,Fail,51800.0,5180.0,1057142.8571428573
Argon,1,90,259.0,0.3,100.0,80.0,49.66575342465753,0,1,49.0,Gas,0.0,298.0,298.0,Fail,8633.333333333334,863.3333333333334,176190.47619047618
Argon,1,90,259.0,0.55,100.0,80.0,49.66027397260274,0,1,49.0,Gas,0.0,298.0,298.0,Fail,4709.090909090908,470.9090909090909,96103.8961038961
Argon,1,90,259.0,0.8,100.0,80.0,49.654794520547945,0,1,49.0,Gas,0.0,298.0,298.0,Fail,3237.5,323.75,66071.42857142858
Argon,1,90,259.0,1.05,100.0,80.0,49.64931506849315,0,1,49.0,Gas,0.0,298.0,298.0,Fail,2466.666666666667,246.66666666666666,50340.136054421775
Argon,1,90,259.0,1.3,100.0,80.0,49.64383561643835,0,1,49.0,Gas,0.0,298.0,298.0,Fail,1992.3076923076922,199.23076923076923,40659.34065934066
Argon,1,90,94.0,1.54,100.0,80.0,49.63835616438356,0,1,49.0,Gas,0.0,298.0,298.0,Fail,610.3896103896104,61.03896103896104,12456.930824277764
Argon,1,90,94.0,1.78,100.0,80.0,49.632876712328766,0,1,49.0,Gas,0.0,298.0,298.0,Fail,528.0898876404494,52.80898876404494,10777.344645723459
Argon,1,90,94.0,2.02,100.0,80.0,49.62739726027397,0,1,49.0,Gas,0.0,298.0,298.0,Fail,465.3465346534653,46.53465346534654,9496.868054152355
Argon,1,90,94.0,2.26,100.0,80.0,49.62191780821918,0,1,49.0,Gas,0.0,298.0,298.0,Fail,415.92920353982305,41.59292035398231,8488.351092649451
Argon,1,90,142.0,1.54,100.0,80.0,49.61643835616438,0,1,49.0,Gas,0.0,298.0,298.0,Fail,922.077922077922,92.20779220779221,18817.91677710045
Argon,1,90,142.0,1.78,100.0,80.0,49.61095890410959,0,1,49.0,Gas,0.0,298.0,298.0,Fail,797.7528089887641,79.7752808988764,16280.669571199269
Argon,1,90,142.0,2.02,100.0,80.0,49.605479452054794,0,1,49.0,Gas,0.0,298.0,298.0,Fail,702.9702970297029,70.29702970297029,14346.33259244292
Argon,1,90,142.0,2.26,100.0,80.0,49.6,0,1,49.0,Gas,0.0,298.0,298.0,Fail,628.3185840707965,62.83185840707965,12822.828246342788
Argon,1,90,188.0,1.54,100.0,80.0,49.5945205479452,0,1,49.0,Gas,0.0,298.0,298.0,Fail,1220.7792207792209,122.07792207792208,24913.86164855553
Argon,1,90,188.0,1.78,100.0,80.0,49.58904109589041,0,1,49.0,Gas,0.0,298.0,298.0,Fail,1056.1797752808989,105.61797752808988,21554.689291446917
Argon,1,90,188.0,2.02,100.0,80.0,49.583561643835615,0,1,49.0,Gas,0.0,298.0,298.0,Fail,930.6930693069306,93.06930693069307,18993.73610830471
Argon,1,90,188.0,2.26,100.0,80.0,49.57808219178082,0,1,49.0,Gas,0.0,298.0,298.0,Fail,831.8584070796461,83.18584070796462,16976.702185298902
Argon,1,90,236.0,1.54,100.0,80.0,49.57260273972603,0,1,49.0,Gas,0.0,298.0,298.0,Fail,1532.4675324675325,153.24675324675323,31274.847601378213
Argon,1,90,236.0,1.78,100.0,80.0,49.56712328767123,0,1,49.0,Gas,0.0,298.0,298.0,Fail,1325.8426966292136,132.58426966292134,27058.01421692273
Argon,1,90,236.0,2.02,100.0,80.0,49.56164383561644,0,1,49.0,Gas,0.0,298.0,298.0,Fail,1168.3168316831682,116.83168316831683,23843.200646595276
Argon,1,90,236.0,2.26,100.0,80.0,49.556164383561644,0,1,49.0,Gas,0.0,298.0,298.0,Fail,1044.2477876106195,104.42477876106196,21311.17933899224
Argon,1,90,71.0,0.05,100.0,80.0,49.55068493150685,0,1,49.0,Gas,0.0,298.0,298.0,Fail,14200.0,1420.0,289795.9183673469
Argon,1,90,71.0,0.3,100.0,80.0,49.54520547945205,0,1,49.0,Gas,0.0,298.0,298.0,Fail,2366.666666666667,236.66666666666669,48299.31972789116
Argon,1,90,71.0,0.55,100.0,80.0,49.53972602739726,0,1,49.0,Gas,0.0,298.0,298.0,Fail,1290.9090909090908,129.0909090909091,26345.08348794063
Argon,1,90,71.0,0.8,100.0,80.0,49.534246575342465,0,1,49.0,Gas,0.0,298.0,298.0,Fail,887.5,88.75,18112.244897959183
Argon,1,90,71.0,1.05,100.0,80.0,49.52876712328767,0,1,49.0,Gas,0.0,298.0,298.0,Fail,676.1904761904763,67.61904761904762,13799.805636540332
Argon,1,90,71.0,1.3,100.0,80.0,49.52328767123288,0,1,49.0,Gas,0.0,298.0,298.0,Fail,546.1538461538462,54.61538461538461,11145.996860282576
Argon,1,90,118.0,0.05,100.0,80.0,49.51780821917808,0,1,49.0,Gas,0.0,298.0,298.0,Fail,23600.0,2360.0,481632.6530612245
Argon,1,90,118.0,0.3,100.0,80.0,49.512328767123286,0,1,49.0,Gas,0.0,298.0,298.0,Fail,3933.3333333333335,393.33333333333337,80272.10884353741
Argon,1,90,118.0,0.55,100.0,80.0,49.50684931506849,0,1,49.0,Gas,0.0,298.0,298.0,Fail,2145.454545454545,214.54545454545453,43784.786641929495
Argon,1,90,118.0,0.8,100.0,80.0,49.5013698630137,0,1,49.0,Gas,0.0,298.0,298.0,Fail,1475.0,147.5,30102.04081632653
Argon,1,90,118.0,1.05,100.0,80.0,49.4958904109589,0,1,49.0,Gas,0.0,298.0,298.0,Fail,1123.8095238095239,112.38095238095238,22934.888241010693
Argon,1,90,118.0,1.3,100.0,80.0,49.49041095890411,0,1,49.0,Gas,0.0,298.0,298.0,Fail,907.6923076923076,90.76923076923076,18524.332810047097
Argon,1,90,165.0,0.05,100.0,80.0,49.484931506849314,0,1,49.0,Gas,0.0,298.0,298.0,Fail,33000.0,3300.0,673469.387755102
Argon,1,90,165.0,0.3,100.0,80.0,49.47945205479452,0,1,49.0,Gas,0.0,298.0,298.0,Fail,5500.0,550.0,112244.89795918368
Argon,1,90,165.0,0.55,100.0,80.0,49.47397260273973,0,1,49.0,Gas,0.0,298.0,298.0,Fail,2999.9999999999995,300.0,61224.48979591836
Argon,1,90,165.0,0.8,100.0,80.0,49.46849315068493,0,1,49.0,Gas,0.0,298.0,298.0,Fail,2062.5,206.25,42091.836734693876
Argon,1,90,165.0,1.05,100.0,80.0,49.463013698630135,0,1,49.0,Gas,0.0,298.0,298.0,Fail,1571.4285714285716,157.14285714285714,32069.970845481053
Argon,1,90,165.0,1.3,100.0,80.0,49.45753424657534,0,1,49.0,Gas,0.0,298.0,298.0,Fail,1269.2307692307693,126.92307692307692,25902.66875981162
Argon,1,90,212.0,0.05,100.0,80.0,49.45205479452055,0,1,49.0,Gas,0.0,298.0,298.0,Fail,42400.0,4240.0,865306.1224489796
Argon,1,90,212.0,0.3,100.0,80.0,49.44657534246575,0,1,49.0,Gas,0.0,298.0,298.0,Fail,7066.666666666667,706.6666666666667,144217.68707482994
Argon,1,90,212.0,0.55,100.0,80.0,49.441095890410956,0,1,49.0,Gas,0.0,298.0,298.0,Fail,3854.545454545454,385.45454545454544,78664.19294990723
Argon,1,90,212.0,0.8,100.0,80.0,49.43561643835616,0,1,49.0,Gas,0.0,298.0,298.0,Fail,2650.0,265.0,54081.63265306123
Argon,1,90,212.0,1.05,100.0,80.0,49.43013698630137,0,1,49.0,Gas,0.0,298.0,298.0,Fail,2019.047619047619,201.9047619047619,41205.05344995141
Argon,1,90,212.0,1.3,100.0,80.0,49.42465753424658,0,1,49.0,Gas,0.0,298.0,298.0,Fail,1630.7692307692307,163.07692307692307,33281.00470957614
Argon,1,90,259.0,0.05,100.0,80.0,49.41917808219178,0,1,49.0,Gas,0.0,298.0,298.0,Fail,51800.0,5180.0,1057142.8571428573
Argon,1,90,259.0,0.3,100.0,80.0,49.413698630136984,0,1,49.0,Gas,0.0,298.0,298.0,Fail,8633.333333333334,863.3333333333334,176190.47619047618
Argon,1,90,259.0,0.55,100.0,80.0,49.40821917808219,0,1,49.0,Gas,0.0,298.0,298.0,Fail,4709.090909090908,470.9090909090909,96103.8961038961
Argon,1,90,259.0,0.8,100.0,80.0,49.4027397260274,0,1,49.0,Gas,0.0,298.0,298.0,Fail,3237.5,323.75,66071.42857142858
Argon,1,90,259.0,1.05,100.0,80.0,49.3972602739726,0,1,49.0,Gas,0.0,298.0,298.0,Fail,2466.666666666667,246.66666666666666,50340.136054421775
Argon,1,90,259.0,1.3,100.0,80.0,49.391780821917806,0,1,49.0,Gas,0.0,298.0,298.0,Fail,1992.3076923076922,199.23076923076923,40659.34065934066
Argon,1,90,94.0,1.54,100.0,80.0,49.38630136986301,0,1,49.0,Gas,0.0,298.0,298.0,Fail,610.3896103896104,61.03896103896104,12456.930824277764
Argon,1,90,94.0,1.78,100.0,80.0,49.38082191780822,0,1,49.0,Gas,0.0,298.0,298.0,Fail,528.0898876404494,52.80898876404494,10777.344645723459
Argon,1,90,94.0,2.02,100.0,80.0,49.37534246575342,0,1,49.0,Gas,0.0,298.0,298.0,Fail,465.3465346534653,46.53465346534654,9496.868054152355
Argon,1,90,94.0,2.26,100.0,80.0,49.36986301369863,0,1,49.0,Gas,0.0,298.0,298.0,Fail,415.92920353982305,41.59292035398231,8488.351092649451
Argon,1,90,142.0,1.54,100.0,80.0,49.364383561643834,0,1,49.0,Gas,0.0,298.0,298.0,Fail,922.077922077922,92.20779220779221,18817.91677710045
Argon,1,90,142.0,1.78,100.0,80.0,49.35890410958904,0,1,49.0,Gas,0.0,298.0,298.0,Fail,797.7528089887641,79.7752808988764,16280.669571199269
Argon,1,90,142.0,2.02,100.0,80.0,49.35342465753425,0,1,49.0,Gas,0.0,298.0,298.0,Fail,702.9702970297029,70.29702970297029,14346.33259244292
Argon,1,90,142.0,2.26,100.0,80.0,49.34794520547945,0,1,49.0,Gas,0.0,298.0,298.0,Fail,628.3185840707965,62.83185840707965,12822.828246342788
Argon,1,90,188.0,1.54,100.0,80.0,49.342465753424655,0,1,49.0,Gas,0.0,298.0,298.0,Fail,1220.7792207792209,122.07792207792208,24913.86164855553
Argon,1,90,188.0,1.78,100.0,80.0,49.33698630136986,0,1,49.0,Gas,0.0,298.0,298.0,Fail,1056.1797752808989,105.61797752808988,21554.689291446917
Argon,1,90,188.0,2.02,100.0,80.0,49.33150684931507,0,1,49.0,Gas,0.0,298.0,298.0,Fail,930.6930693069306,93.06930693069307,18993.73610830471
Argon,1,90,188.0,2.26,100.0,80.0,49.32602739726027,0,1,49.0,Gas,0.0,298.0,298.0,Fail,831.8584070796461,83.18584070796462,16976.702185298902
Argon,1,90,236.0,1.54,100.0,80.0,49.320547945205476,0,1,49.0,Gas,0.0,298.0,298.0,Fail,1532.4675324675325,153.24675324675323,31274.847601378213
Argon,1,90,236.0,1.78,100.0,80.0,49.31506849315068,0,1,49.0,Gas,0.0,298.0,298.0,Fail,1325.8426966292136,132.58426966292134,27058.01421692273
Argon,1,90,236.0,2.02,100.0,80.0,49.30958904109589,0,1,49.0,Gas,0.0,298.0,298.0,Fail,1168.3168316831682,116.83168316831683,23843.200646595276
Argon,1,90,236.0,2.26,100.0,80.0,49.3041095890411,0,1,49.0,Gas,0.0,298.0,298.0,Fail,1044.2477876106195,104.42477876106196,21311.17933899224
Argon,1,90,71.0,0.05,100.0,80.0,49.2986301369863,0,1,49.0,Gas,0.0,298.0,298.0,Fail,14200.0,1420.0,289795.9183673469
Argon,1,90,71.0,0.3,100.0,80.0,49.293150684931504,0,1,49.0,Gas,0.0,298.0,298.0,Fail,2366.666666666667,236.66666666666669,48299.31972789116
Argon,1,90,71.0,0.55,100.0,80.0,49.28767123287671,0,1,49.0,Gas,0.0,298.0,298.0,Fail,1290.9090909090908,129.0909090909091,26345.08348794063
Argon,1,90,71.0,0.8,100.0,80.0,49.28219178082192,0,1,49.0,Gas,0.0,298.0,298.0,Fail,887.5,88.75,18112.244897959183
Argon,1,90,71.0,1.05,100.0,80.0,49.27671232876712,0,1,49.0,Gas,0.0,298.0,298.0,Fail,676.1904761904763,67.61904761904762,13799.805636540332
Argon,1,90,71.0,1.3,100.0,80.0,49.271232876712325,0,1,49.0,Gas,0.0,298.0,298.0,Fail,546.1538461538462,54.61538461538461,11145.996860282576
Argon,1,90,118.0,0.05,100.0,80.0,49.26575342465753,0,1,49.0,Gas,0.0,298.0,298.0,Fail,23600.0,2360.0,481632.6530612245
Argon,1,90,118.0,0.3,100.0,80.0,49.26027397260274,0,1,49.0,Gas,0.0,298.0,298.0,Fail,3933.3333333333335,393.33333333333337,80272.10884353741
Argon,1,90,118.0,0.55,100.0,80.0,49.25479452054795,0,1,49.0,Gas,0.0,298.0,298.0,Fail,2145.454545454545,214.54545454545453,43784.786641929495
Argon,1,90,118.0,0.8,100.0,80.0,49.249315068493146,0,1,49.0,Gas,0.0,298.0,298.0,Fail,1475.0,147.5,30102.04081632653
Argon,1,90,118.0,1.05,100.0,80.0,49.24383561643835,0,1,49.0,Gas,0.0,298.0,298.0,Fail,1123.8095238095239,112.38095238095238,22934.888241010693
Argon,1,90,118.0,1.3,100.0,80.0,49.23835616438356,0,1,49.0,Gas,0.0,298.0,298.0,Fail,907.6923076923076,90.76923076923076,18524.332810047097
Argon,1,90,165.0,0.05,100.0,80.0,49.23287671232877,0,1,49.0,Gas,0.0,298.0,298.0,Fail,33000.0,3300.0,673469.387755102
Argon,1,90,165.0,0.3,100.0,80.0,49.22739726027397,0,1,49.0,Gas,0.0,298.0,298.0,Fail,5500.0,550.0,112244.89795918368
Argon,1,90,165.0,0.55,100.0,80.0,49.221917808219175,0,1,49.0,Gas,0.0,298.0,298.0,Fail,2999.9999999999995,300.0,61224.48979591836
Argon,1,90,165.0,0.8,100.0,80.0,49.21643835616438,0,1,49.0,Gas,0.0,298.0,298.0,Fail,2062.5,206.25,42091.836734693876
Argon,1,90,165.0,1.05,100.0,80.0,49.21095890410959,0,1,49.0,Gas,0.0,298.0,298.0,Fail,1571.4285714285716,157.14285714285714,32069.970845481053
Argon,1,90,165.0,1.3,100.0,80.0,49.205479452054796,0,1,49.0,Gas,0.0,298.0,298.0,Fail,1269.2307692307693,126.92307692307692,25902.66875981162
Argon,1,90,212.0,0.05,100.0,80.0,49.199999999999996,0,1,49.0,Gas,0.0,298.0,298.0,Fail,42400.0,4240.0,865306.1224489796
Argon,1,90,212.0,0.3,100.0,80.0,49.1945205479452,0,1,49.0,Gas,0.0,298.0,298.0,Fail,7066.666666666667,706.6666666666667,144217.68707482994
Argon,1,90,212.0,0.55,100.0,80.0,49.18904109589041,0,1,49.0,Gas,0.0,298.0,298.0,Fail,3854.545454545454,385.45454545454544,78664.19294990723
Argon,1,90,212.0,0.8,100.0,80.0,49.18356164383562,0,1,49.0,Gas,0.0,298.0,298.0,Fail,2650.0,265.0,54081.63265306123
Argon,1,90,212.0,1.05,100.0,80.0,49.17808219178082,0,1,49.0,Gas,0.0,298.0,298.0,Fail,2019.047619047619,201.9047619047619,41205.05344995141
Argon,1,90,212.0,1.3,100.0,80.0,49.172602739726024,0,1,49.0,Gas,0.0,298.0,298.0,Fail,1630.7692307692307,163.07692307692307,33281.00470957614
Argon,1,90,259.0,0.05,100.0,80.0,49.16712328767123,0,1,49.0,Gas,0.0,298.0,298.0,Fail,51800.0,5180.0,1057142.8571428573
Argon,1,90,259.0,0.3,100.0,80.0,49.16164383561644,0,1,49.0,Gas,0.0,298.0,298.0,Fail,8633.333333333334,863.3333333333334,176190.47619047618
Argon,1,90,259.0,0.55,100.0,80.0,49.156164383561645,0,1,49.0,Gas,0.0,298.0,298.0,Fail,4709.090909090908,470.9090909090909,96103.8961038961
Argon,1,90,259.0,0.8,100.0,80.0,49.150684931506845,0,1,49.0,Gas,0.0,298.0,298.0,Fail,3237.5,323.75,66071.42857142858
Argon,1,90,259.0,1.05,100.0,80.0,49.14520547945205,0,1,49.0,Gas,0.0,298.0,298.0,Fail,2466.666666666667,246.66666666666666,50340.136054421775
Argon,1,90,259.0,1.3,100.0,80.0,49.13972602739726,0,1,49.0,Gas,0.0,298.0,298.0,Fail,1992.3076923076922,199.23076923076923,40659.34065934066
Argon,1,90,94.0,1.54,100.0,80.0,49.134246575342466,0,1,49.0,Gas,0.0,298.0,298.0,Fail,610.3896103896104,61.03896103896104,12456.930824277764
Argon,1,90,94.0,1.78,100.0,80.0,49.128767123287666,0,1,49.0,Gas,0.0,298.0,298.0,Fail,528.0898876404494,52.80898876404494,10777.344645723459
Argon,1,90,94.0,2.02,100.0,80.0,49.12328767123287,0,1,49.0,Gas,0.0,298.0,298.0,Fail,465.3465346534653,46.53465346534654,9496.868054152355
Argon,1,90,94.0,2.26,100.0,80.0,49.11780821917808,0,1,49.0,Gas,0.0,298.0,298.0,Fail,415.92920353982305,41.59292035398231,8488.351092649451
Argon,1,90,142.0,1.54,100.0,80.0,49.11232876712329,0,1,49.0,Gas,0.0,298.0,298.0,Fail,922.077922077922,92.20779220779221,18817.91677710045
Argon,1,90,142.0,1.78,100.0,80.0,49.106849315068494,0,1,49.0,Gas,0.0,298.0,298.0,Fail,797.7528089887641,79.7752808988764,16280.669571199269
Argon,1,90,142.0,2.02,100.0,80.0,49.101369863013694,0,1,49.0,Gas,0.0,298.0,298.0,Fail,702.9702970297029,70.29702970297029,14346.33259244292
Argon,1,90,142.0,2.26,100.0,80.0,49.0958904109589,0,1,49.0,Gas,0.0,298.0,298.0,Fail,628.3185840707965,62.83185840707965,12822.828246342788
Argon,1,90,188.0,1.54,100.0,80.0,49.09041095890411,0,1,49.0,Gas,0.0,298.0,298.0,Fail,1220.7792207792209,122.07792207792208,24913.86164855553
Argon,1,90,188.0,1.78,100.0,80.0,49.084931506849315,0,1,49.0,Gas,0.0,298.0,298.0,Fail,1056.1797752808989,105.61797752808988,21554.689291446917
Argon,1,90,188.0,2.02,100.0,80.0,49.079452054794515,0,1,49.0,Gas,0.0,298.0,298.0,Fail,930.6930693069306,93.06930693069307,18993.73610830471
Argon,1,90,188.0,2.26,100.0,80.0,49.07397260273972,0,1,49.0,Gas,0.0,298.0,298.0,Fail,831.8584070796461,83.18584070796462,16976.702185298902
Argon,1,90,236.0,1.54,100.0,80.0,49.06849315068493,0,1,49.0,Gas,0.0,298.0,298.0,Fail,1532.4675324675325,153.24675324675323,31274.847601378213
Argon,1,90,236.0,1.78,100.0,80.0,49.06301369863014,0,1,49.0,Gas,0.0,298.0,298.0,Fail,1325.8426966292136,132.58426966292134,27058.01421692273
Argon,1,90,236.0,2.02,100.0,80.0,49.057534246575344,0,1,49.0,Gas,0.0,298.0,298.0,Fail,1168.3168316831682,116.83168316831683,23843.200646595276
Argon,1,90,236.0,2.26,100.0,80.0,49.052054794520544,0,1,49.0,Gas,0.0,298.0,298.0,Fail,1044.2477876106195,104.42477876106196,21311.17933899224
Argon,1,90,71.0,0.05,100.0,80.0,49.04657534246575,0,1,49.0,Gas,0.0,298.0,298.0,Fail,14200.0,1420.0,289795.9183673469
Argon,1,90,71.0,0.3,100.0,80.0,49.04109589041096,0,1,49.0,Gas,0.0,298.0,298.0,Fail,2366.666666666667,236.66666666666669,48299.31972789116
Argon,1,90,71.0,0.55,100.0,80.0,49.035616438356165,0,1,49.0,Gas,0.0,298.0,298.0,Fail,1290.9090909090908,129.0909090909091,26345.08348794063
Argon,1,90,71.0,0.8,100.0,80.0,49.030136986301365,0,1,49.0,Gas,0.0,298.0,298.0,Fail,887.5,88.75,18112.244897959183
Argon,1,90,71.0,1.05,100.0,80.0,49.02465753424657,0,1,49.0,Gas,0.0,298.0,298.0,Fail,676.1904761904763,67.61904761904762,13799.805636540332
Argon,1,90,71.0,1.3,100.0,80.0,49.01917808219178,0,1,49.0,Gas,0.0,298.0,298.0,Fail,546.1538461538462,54.61538461538461,11145.996860282576
Argon,1,90,118.0,0.05,100.0,80.0,49.013698630136986,0,1,49.0,Gas,0.0,298.0,298.0,Fail,23600.0,2360.0,481632.6530612245
Argon,1,90,118.0,0.3,100.0,80.0,49.008219178082186,0,1,49.0,Gas,0.0,298.0,298.0,Fail,3933.3333333333335,393.33333333333337,80272.10884353741
Argon,1,90,118.0,0.55,100.0,80.0,49.00273972602739,0,1,49.0,Gas,0.0,298.0,298.0,Fail,2145.454545454545,214.54545454545453,43784.786641929495
Argon,1,90,118.0,0.8,100.0,80.0,48.9972602739726,0,1,49.0,Gas,0.0,298.0,298.0,Fail,1475.0,147.5,30102.04081632653
Argon,1,90,118.0,1.05,100.0,80.0,48.99178082191781,0,1,49.0,Gas,0.0,298.0,298.0,Fail,1123.8095238095239,112.38095238095238,22934.888241010693
Argon,1,90,118.0,1.3,100.0,80.0,48.986301369863014,0,1,49.0,Gas,0.0,298.0,298.0,Fail,907.6923076923076,90.76923076923076,18524.332810047097
Argon,1,90,165.0,0.05,100.0,80.0,48.980821917808214,0,1,49.0,Gas,0.0,298.0,298.0,Fail,33000.0,3300.0,673469.387755102
Argon,1,90,165.0,0.3,100.0,80.0,48.97534246575342,0,1,49.0,Gas,0.0,298.0,298.0,Fail,5500.0,550.0,112244.89795918368
Argon,1,90,165.0,0.55,100.0,80.0,48.96986301369863,0,1,49.0,Gas,0.0,298.0,298.0,Fail,2999.9999999999995,300.0,61224.48979591836
Argon,1,90,165.0,0.8,100.0,80.0,48.964383561643835,0,1,49.0,Gas,0.0,298.0,298.0,Fail,2062.5,206.25,42091.836734693876
Argon,1,90,165.0,1.05,100.0,80.0,48.95890410958904,0,1,49.0,Gas,0.0,298.0,298.0,Fail,1571.4285714285716,157.14285714285714,32069.970845481053
Argon,1,90,165.0,1.3,100.0,80.0,48.95342465753424,0,1,49.0,Gas,0.0,298.0,298.0,Fail,1269.2307692307693,126.92307692307692,25902.66875981162
Argon,1,90,212.0,0.05,100.0,80.0,48.94794520547945,0,1,49.0,Gas,0.0,298.0,298.0,Fail,42400.0,4240.0,865306.1224489796
Argon,1,90,212.0,0.3,100.0,80.0,48.942465753424656,0,1,49.0,Gas,0.0,298.0,298.0,Fail,7066.666666666667,706.6666666666667,144217.68707482994
Argon,1,90,212.0,0.55,100.0,80.0,48.93698630136986,0,1,49.0,Gas,0.0,298.0,298.0,Fail,3854.545454545454,385.45454545454544,78664.19294990723
Argon,1,90,212.0,0.8,100.0,80.0,48.93150684931506,0,1,49.0,Gas,0.0,298.0,298.0,Fail,2650.0,265.0,54081.63265306123
Argon,1,90,212.0,1.05,100.0,80.0,48.92602739726027,0,1,49.0,Gas,0.0,298.0,298.0,Fail,2019.047619047619,201.9047619047619,41205.05344995141
Argon,1,90,212.0,1.3,100.0,80.0,48.92054794520548,0,1,49.0,Gas,0.0,298.0,298.0,Fail,1630.7692307692307,163.07692307692307,33281.00470957614
Argon,1,90,259.0,0.05,100.0,80.0,48.915068493150685,0,1,49.0,Gas,0.0,298.0,298.0,Fail,51800.0,5180.0,1057142.8571428573
Argon,1,90,259.0,0.3,100.0,80.0,48.909589041095884,0,1,49.0,Gas,0.0,298.0,298.0,Fail,8633.333333333334,863.3333333333334,176190.47619047618
Argon,1,90,259.0,0.55,100.0,80.0,48.90410958904109,0,1,49.0,Gas,0.0,298.0,298.0,Fail,4709.090909090908,470.9090909090909,96103.8961038961
Argon,1,90,259.0,0.8,100.0,80.0,48.8986301369863,0,1,49.0,Gas,0.0,298.0,298.0,Fail,3237.5,323.75,66071.42857142858
Argon,1,90,259.0,1.05,100.0,80.0,48.893150684931506,0,1,49.0,Gas,0.0,298.0,298.0,Fail,2466.666666666667,246.66666666666666,50340.136054421775
Argon,1,90,259.0,1.3,100.0,80.0,48.88767123287671,0,1,49.0,Gas,0.0,298.0,298.0,Fail,1992.3076923076922,199.23076923076923,40659.34065934066
Argon,1,90,94.0,1.54,100.0,80.0,48.88219178082191,0,1,49.0,Gas,0.0,298.0,298.0,Fail,610.3896103896104,61.03896103896104,12456.930824277764
Argon,1,90,94.0,1.78,100.0,80.0,48.87671232876712,0,1,49.0,Gas,0.0,298.0,298.0,Fail,528.0898876404494,52.80898876404494,10777.344645723459
Argon,1,90,94.0,2.02,100.0,80.0,48.87123287671233,0,1,49.0,Gas,0.0,298.0,298.0,Fail,465.3465346534653,46.53465346534654,9496.868054152355
Argon,1,90,94.0,2.26,100.0,80.0,48.865753424657534,0,1,49.0,Gas,0.0,298.0,298.0,Fail,415.92920353982305,41.59292035398231,8488.351092649451
Argon,1,90,142.0,1.54,100.0,80.0,48.860273972602734,0,1,49.0,Gas,0.0,298.0,298.0,Fail,922.077922077922,92.20779220779221,18817.91677710045
Argon,1,90,142.0,1.78,100.0,80.0,48.85479452054794,0,1,49.0,Gas,0.0,298.0,298.0,Fail,797.7528089887641,79.7752808988764,16280.669571199269
Argon,1,90,142.0,2.02,100.0,80.0,48.84931506849315,0,1,49.0,Gas,0.0,298.0,298.0,Fail,702.9702970297029,70.29702970297029,14346.33259244292
Argon,1,90,142.0,2.26,100.0,80.0,48.843835616438355,0,1,49.0,Gas,0.0,298.0,298.0,Fail,628.3185840707965,62.83185840707965,12822.828246342788
Argon,1,90,188.0,1.54,100.0,80.0,48.83835616438356,0,1,49.0,Gas,0.0,298.0,298.0,Fail,1220.7792207792209,122.07792207792208,24913.86164855553
Argon,1,90,188.0,1.78,100.0,80.0,48.83287671232876,0,1,49.0,Gas,0.0,298.0,298.0,Fail,1056.1797752808989,105.61797752808988,21554.689291446917
Argon,1,90,188.0,2.02,100.0,80.0,48.82739726027397,0,1,49.0,Gas,0.0,298.0,298.0,Fail,930.6930693069306,93.06930693069307,18993.73610830471
Argon,1,90,188.0,2.26,100.0,80.0,48.821917808219176,0,1,49.0,Gas,0.0,298.0,298.0,Fail,831.8584070796461,83.18584070796462,16976.702185298902
Argon,1,90,236.0,1.54,100.0,80.0,48.81643835616438,0,1,49.0,Gas,0.0,298.0,298.0,Fail,1532.4675324675325,153.24675324675323,31274.847601378213
Argon,1,90,236.0,1.78,100.0,80.0,48.81095890410958,0,1,49.0,Gas,0.0,298.0,298.0,Fail,1325.8426966292136,132.58426966292134,27058.01421692273
Argon,1,90,236.0,2.02,100.0,80.0,48.80547945205479,0,1,49.0,Gas,0.0,298.0,298.0,Fail,1168.3168316831682,116.83168316831683,23843.200646595276
Argon,1,90,236.0,2.26,100.0,80.0,48.8,0,1,41.3,Gas,1.0,298.0,298.0,Fail,1044.2477876106195,104.42477876106196,25284.450063211134
Argon,1,90,80.0,0.08,175.0,80.0,48.8,0,0.9,41.3,Gas,1.0,298.0,298.0,Fail,5714.285714285714,1000.0,138360.42891732964
Argon,1,90,80.0,0.33,80.0,80.0,48.8,0,0.9,41.3,Gas,1.0,298.0,298.0,Fail,3030.30303030303,242.4242424242424,73372.95472888694
Argon,1,90,120.0,0.58,95.0,80.0,48.8,0,0.9,41.3,Gas,1.0,298.0,298.0,Fail,2177.8584392014523,206.89655172413794,52732.64985959933
Argon,1,90,160.0,0.58,125.0,80.0,48.8,0,0.9,41.3,Gas,1.0,298.0,298.0,Fail,2206.896551724138,275.86206896551727,53435.751857727315
Argon,1,90,160.0,0.83,105.0,80.0,48.8,0,0.9,41.3,Gas,1.0,298.0,298.0,Fail,1835.9150889271373,192.7710843373494,44453.14985295732
Argon,1,90,200.0,0.83,110.0,80.0,48.8,0,0.9,41.3,Gas,1.0,298.0,298.0,Fail,2190.580503833516,240.96385542168676,53040.690165460444
Argon,1,90,200.0,1.08,95.0,80.0,48.8,0,0.9,41.3,Gas,1.0,298.0,298.0,Fail,1949.3177387914227,185.18518518518516,47198.97672618458
Argon,1,90,240.0,1.08,115.0,80.0,48.8,0,0.9,41.3,Gas,1.0,298.0,298.0,Fail,1932.367149758454,222.2222222222222,46788.55084160906
Argon,1,90,100.0,0.205,135.0,80.0,48.8,0,0.9,41.3,Gas,1.0,298.0,298.0,Fail,3613.369467028004,487.8048780487805,87490.78612658607
Argon,1,90,140.0,0.455,125.0,80.0,47.82222222222222,0,0.8,30.0,Gas,0.0,298.0,298.0,Fail,2461.5384615384614,307.6923076923077,82051.28205128206
Argon,1,90,49.0,0.35,50.0,80.0,46.84444444444444,0,1,30.0,Gas,0.0,298.0,298.0,Fail,2799.9999999999995,140.0,93333.33333333334
Argon,1,90,49.0,0.35,50.0,80.0,45.86666666666667,0,1,30.0,Gas,0.0,298.0,298.0,Fail,2799.9999999999995,140.0,93333.33333333334
Argon,1,90,49.0,0.35,50.0,80.0,44.888888888888886,0,1,30.0,Gas,0.0,298.0,298.0,Fail,2799.9999999999995,140.0,93333.33333333334
Argon,1,90,49.0,0.35,50.0,80.0,43.91111111111111,0,1,30.0,Gas,0.0,298.0,298.0,Fail,2799.9999999999995,140.0,93333.33333333334
Argon,1,90,49.0,0.35,50.0,80.0,42.93333333333333,0,1,30.0,Gas,0.0,298.0,298.0,Fail,2799.9999999999995,140.0,93333.33333333334
Argon,1,90,48.0,0.3,50.0,80.0,41.955555555555556,0,1,30.0,Gas,0.0,298.0,298.0,Fail,3200.0,160.0,106666.66666666667
Argon,1,90,48.0,0.3,50.0,80.0,40.977777777777774,0,1,30.0,Gas,0.0,298.0,298.0,Fail,3200.0,160.0,106666.66666666667
Argon,1,90,200.0,0.9,105.0,75.0,40.0,0,1,30.0,Gas,0.0,298.0,298.0,Success,2116.4021164021165,222.22222222222223,70546.73721340389
Argon,1,90,170.0,0.5,45.0,80.0,53.0,0,1,50.0,Gas,0.0,298.0,298.0,Fail,7555.555555555556,340.0,151111.11111111112
Argon,1,90,170.0,1.0,45.0,80.0,53.0,0,1,50.0,Gas,0.0,298.0,298.0,Fail,3777.777777777778,170.0,75555.55555555556
Argon,1,90,170.0,1.5,45.0,80.0,53.0,0,1,50.0,Gas,0.0,298.0,298.0,Fail,2518.5185185185182,113.33333333333333,50370.37037037037
Argon,1,90,200.0,0.5,45.0,80.0,53.0,0,1,50.0,Gas,0.0,298.0,298.0,Fail,8888.888888888889,400.0,177777.77777777778
Argon,1,90,200.0,1.0,45.0,80.0,53.0,0,1,50.0,Gas,0.0,298.0,298.0,Fail,4444.444444444444,200.0,88888.88888888889
Argon,1,90,200.0,1.5,45.0,80.0,53.0,0,1,50.0,Gas,0.0,298.0,298.0,Fail,2962.9629629629626,133.33333333333334,59259.25925925926
Argon,1,90,230.0,0.5,45.0,80.0,53.0,0,1,50.0,Gas,0.0,298.0,298.0,Fail,10222.222222222223,460.0,204444.44444444447
Argon,1,90,230.0,1.0,45.0,80.0,53.0,0,1,50.0,Gas,0.0,298.0,298.0,Fail,5111.111111111111,230.0,102222.22222222223
Argon,1,90,230.0,1.5,45.0,80.0,53.0,0,1,50.0,Gas,0.0,298.0,298.0,Fail,3407.4074074074074,153.33333333333334,68148.14814814815
Argon,1,90,200.0,1.05,90.0,70.0,53.0,0,1,40.0,Argon,0.0,298.0,298.0,Fail,2116.4021164021165,190.47619047619048,52910.05291005291
Argon,1,90,400.0,1.05,90.0,70.0,53.0,0,1,40.0,Argon,0.0,298.0,298.0,Fail,4232.804232804233,380.95238095238096,105820.10582010582
Argon,1,90,200.0,0.1,110.0,100.0,35.7,0,0.8,20.0,Gas,0.0,298.0,298.0,Fail,18181.818181818184,2000.0,909090.9090909092
Argon,1,90,200.0,0.15,110.0,100.0,35.7,0,0.8,20.0,Gas,0.0,298.0,298.0,Fail,12121.21212121212,1333.3333333333335,606060.6060606061
Argon,1,90,200.0,0.25,110.0,100.0,35.7,0,0.8,20.0,Gas,0.0,298.0,298.0,Fail,7272.727272727273,800.0,363636.3636363637
Argon,1,90,200.0,0.35,110.0,100.0,35.7,0,0.8,20.0,Gas,0.0,298.0,298.0,Fail,5194.805194805195,571.4285714285714,259740.25974025976
Argon,1,90,200.0,0.45,110.0,100.0,35.7,0,0.8,20.0,Gas,0.0,298.0,298.0,Fail,4040.40404040404,444.44444444444446,202020.20202020204
Argon,1,90,200.0,0.55,110.0,100.0,35.7,0,0.8,20.0,Gas,0.0,298.0,298.0,Fail,3305.7851239669417,363.6363636363636,165289.25619834708
Argon,1,90,200.0,0.65,110.0,100.0,35.7,0,0.8,20.0,Gas,0.0,298.0,298.0,Fail,2797.202797202797,307.6923076923077,139860.13986013987
Argon,1,90,200.0,0.75,110.0,100.0,35.7,0,0.8,20.0,Gas,0.0,298.0,298.0,Fail,2424.242424242424,266.6666666666667,121212.12121212122
Argon,1,90,200.0,0.85,110.0,100.0,35.7,0,0.8,20.0,Gas,0.0,298.0,298.0,Fail,2139.03743315508,235.29411764705884,106951.87165775402
Argon,1,90,200.0,0.9,110.0,100.0,35.7,0,0.8,20.0,Gas,0.0,298.0,298.0,Fail,2020.20202020202,222.22222222222223,101010.10101010102
Argon,1,90,200.0,1.0,110.0,100.0,35.7,0,0.8,20.0,Gas,0.0,298.0,298.0,Fail,1818.1818181818182,200.0,90909.09090909093
Argon,1,90,200.0,1.1,110.0,100.0,35.7,0,0.8,20.0,Gas,0.0,298.0,298.0,Fail,1652.8925619834708,181.8181818181818,82644.62809917354
Argon,1,90,200.0,1.2,110.0,100.0,35.7,0,0.8,20.0,Gas,0.0,298.0,298.0,Fail,1515.151515151515,166.66666666666669,75757.57575757576
Argon,1,90,15.0,0.05,100.0,80.0,40.0,0,1,50.0,Gas,0.0,298.0,298.0,Fail,3000.0,300.0,60000.0
Argon,1,90,30.0,0.1,100.0,80.0,40.0,0,1,50.0,Gas,0.0,298.0,298.0,Fail,3000.0,300.0,60000.0
Argon,1,90,60.0,0.2,100.0,80.0,40.0,0,1,50.0,Gas,0.0,298.0,298.0,Fail,3000.0,300.0,60000.0
Argon,1,90,150.0,0.2,100.0,80.0,40.0,0,1,50.0,Gas,0.0,298.0,298.0,Fail,7500.0,750.0,150000.0
Argon,1,90,150.0,0.6,100.0,80.0,40.0,0,1,50.0,Gas,0.0,298.0,298.0,Fail,2500.0,250.0,50000.0
Argon,1,90,150.0,1.0,100.0,80.0,40.0,0,1,50.0,Gas,0.0,298.0,298.0,Fail,1500.0,150.0,30000.0
Argon,1,90,150.0,1.3,100.0,80.0,40.0,0,1,50.0,Gas,0.0,298.0,298.0,Fail,1153.8461538461538,115.38461538461539,23076.923076923078
Argon,1,90,250.0,0.6,90.0,80.0,46.7,0,0.9,40.0,Argon,0.0,298.0,473.0,Success,4629.62962962963,416.6666666666667,115740.74074074074
Argon,1,90,280.0,0.6,90.0,80.0,46.7,0,0.9,40.0,Argon,0.0,298.0,473.0,Fail,5185.185185185185,466.6666666666667,129629.62962962964
Argon,1,90,310.0,0.6,90.0,80.0,46.7,0,0.9,40.0,Argon,0.0,298.0,473.0,Fail,5740.740740740741,516.6666666666667,143518.5185185185
Argon,1,90,340.0,0.6,90.0,80.0,46.7,0,0.9,40.0,Argon,0.0,298.0,473.0,Fail,6296.2962962962965,566.6666666666667,157407.40740740742
Argon,1,90,250.0,0.7,90.0,80.0,46.7,0,0.9,40.0,Argon,0.0,298.0,473.0,Success,3968.253968253968,357.14285714285717,99206.34920634923
Argon,1,90,280.0,0.7,90.0,80.0,46.7,0,0.9,40.0,Argon,0.0,298.0,473.0,Success,4444.444444444444,400.0,111111.11111111114
Argon,1,90,310.0,0.7,90.0,80.0,46.7,0,0.9,40.0,Argon,0.0,298.0,473.0,Success,4920.6349206349205,442.8571428571429,123015.87301587305
Argon,1,90,340.0,0.7,90.0,80.0,46.7,0,0.9,40.0,Argon,0.0,298.0,473.0,Fail,5396.825396825397,485.7142857142857,134920.63492063497
Argon,1,90,250.0,0.8,90.0,80.0,46.7,0,0.9,40.0,Argon,0.0,298.0,473.0,Success,3472.2222222222217,312.5,86805.55555555556
Argon,1,90,280.0,0.8,90.0,80.0,46.7,0,0.9,40.0,Argon,0.0,298.0,473.0,Success,3888.8888888888882,350.0,97222.22222222223
Argon,1,90,310.0,0.8,90.0,80.0,46.7,0,0.9,40.0,Argon,0.0,298.0,473.0,Success,4305.555555555555,387.5,107638.8888888889
Argon,1,90,340.0,0.8,90.0,80.0,46.7,0,0.9,40.0,Argon,0.0,298.0,473.0,Success,4722.222222222222,425.0,118055.55555555556
Argon,1,90,250.0,0.9,90.0,80.0,46.7,0,0.9,40.0,Argon,0.0,298.0,473.0,Success,3086.41975308642,277.77777777777777,77160.49382716049
Argon,1,90,280.0,0.9,90.0,80.0,46.7,0,0.9,40.0,Argon,0.0,298.0,473.0,Success,3456.79012345679,311.1111111111111,86419.75308641976
Argon,1,90,310.0,0.9,90.0,80.0,46.7,0,0.9,40.0,Argon,0.0,298.0,473.0,Success,3827.1604938271603,344.44444444444446,95679.01234567902
Argon,1,90,340.0,0.9,90.0,80.0,46.7,0,0.9,40.0,Argon,0.0,298.0,473.0,Success,4197.530864197531,377.77777777777777,104938.27160493827
Argon,1,90,175.0,0.2,100.0,80.0,53.0,0,1,50.0,Gas,0.0,298.0,373.0,Fail,8750.0,875.0,175000.0
Argon,1,90,175.0,0.25,120.0,80.0,53.0,0,1,50.0,Gas,0.0,298.0,373.0,Fail,5833.333333333334,700.0,116666.66666666666
Argon,1,90,175.0,0.3,120.0,80.0,53.0,0,1,50.0,Gas,0.0,298.0,373.0,Fail,4861.11111111111,583.3333333333334,97222.22222222222
Argon,1,90,175.0,0.1,80.0,80.0,53.0,0,1,50.0,Gas,0.0,298.0,373.0,Fail,21875.0,1750.0,437500.00000000006
Argon,1,90,175.0,0.1,90.0,80.0,53.0,0,1,50.0,Gas,0.0,298.0,373.0,Fail,19444.44444444444,1750.0,388888.8888888889
Argon,1,90,175.0,0.1,100.0,80.0,53.0,0,1,50.0,Gas,0.0,298.0,373.0,Fail,17500.0,1750.0,350000.0
Argon,1,90,175.0,0.1,110.0,80.0,53.0,0,1,50.0,Gas,0.0,298.0,373.0,Fail,15909.09090909091,1750.0,318181.81818181823
Argon,1,90,175.0,0.1,120.0,80.0,53.0,0,1,50.0,Gas,0.0,298.0,373.0,Fail,14583.333333333332,1750.0,291666.6666666667
Argon,1,90,175.0,0.1,130.0,80.0,53.0,0,1,50.0,Gas,0.0,298.0,373.0,Fail,13461.538461538461,1750.0,269230.76923076925
Argon,1,90,175.0,0.2,80.0,80.0,53.0,0,1,50.0,Gas,0.0,298.0,373.0,Fail,10937.5,875.0,218750.00000000003
Argon,1,90,175.0,0.2,90.0,80.0,53.0,0,1,50.0,Gas,0.0,298.0,373.0,Fail,9722.22222222222,875.0,194444.44444444444
Argon,1,90,175.0,0.2,110.0,80.0,53.0,0,1,50.0,Gas,0.0,298.0,373.0,Fail,7954.545454545455,875.0,159090.90909090912
Argon,1,90,175.0,0.2,120.0,80.0,53.0,0,1,50.0,Gas,0.0,298.0,373.0,Fail,7291.666666666666,875.0,145833.33333333334
Argon,1,90,175.0,0.2,130.0,80.0,53.0,0,1,50.0,Gas,0.0,298.0,373.0,Fail,6730.7692307692305,875.0,134615.38461538462
Argon,1,90,175.0,0.3,80.0,80.0,53.0,0,1,50.0,Gas,0.0,298.0,373.0,Fail,7291.666666666666,583.3333333333334,145833.33333333334
Argon,1,90,175.0,0.3,90.0,80.0,53.0,0,1,50.0,Gas,0.0,298.0,373.0,Fail,6481.481481481482,583.3333333333334,129629.62962962965
Argon,1,90,175.0,0.3,100.0,80.0,53.0,0,1,50.0,Gas,0.0,298.0,373.0,Fail,5833.333333333334,583.3333333333334,116666.66666666666
Argon,1,90,175.0,0.3,110.0,80.0,53.0,0,1,50.0,Gas,0.0,298.0,373.0,Fail,5303.030303030303,583.3333333333334,106060.60606060606
Argon,1,90,175.0,0.3,130.0,80.0,53.0,0,1,50.0,Gas,0.0,298.0,373.0,Fail,4487.179487179487,583.3333333333334,89743.58974358975
Argon,1,90,200.0,0.05,100.0,80.0,23.7,0,1,30.0,Gas,0.0,298.0,473.0,Fail,40000.0,4000.0,1333333.3333333335
Argon,1,90,200.0,0.1,100.0,80.0,23.7,0,1,30.0,Gas,0.0,298.0,473.0,Fail,20000.0,2000.0,666666.6666666667
Argon,1,90,200.0,0.2,100.0,80.0,23.7,0,1,30.0,Gas,0.0,298.0,473.0,Fail,10000.0,1000.0,333333.3333333334
Argon,1,90,200.0,0.3,100.0,80.0,23.7,0,1,30.0,Gas,0.0,298.0,473.0,Fail,6666.666666666667,666.6666666666667,222222.22222222222
Argon,1,90,200.0,0.4,100.0,80.0,23.7,0,1,30.0,Gas,0.0,298.0,473.0,Fail,5000.0,500.0,166666.6666666667
Argon,1,90,200.0,0.1,120.0,80.0,23.7,0,1,30.0,Gas,0.0,298.0,473.0,Fail,16666.666666666668,2000.0,555555.5555555556
Argon,1,90,200.0,0.2,120.0,80.0,23.7,0,1,30.0,Gas,0.0,298.0,473.0,Fail,8333.333333333334,1000.0,277777.7777777778
Argon,1,90,200.0,0.3,120.0,80.0,23.7,0,1,30.0,Gas,0.0,298.0,473.0,Fail,5555.555555555555,666.6666666666667,185185.1851851852
Argon,1,90,200.0,0.4,120.0,80.0,23.7,0,1,30.0,Gas,0.0,298.0,473.0,Fail,4166.666666666667,500.0,138888.8888888889
Argon,1,90,200.0,0.5,120.0,80.0,23.7,0,1,30.0,Gas,0.0,298.0,473.0,Fail,3333.3333333333335,400.0,111111.11111111111
Argon,1,90,300.0,0.05,100.0,80.0,23.7,0,1,30.0,Gas,0.0,298.0,473.0,Fail,60000.0,6000.0,2000000.0000000002
Argon,1,90,300.0,0.1,100.0,80.0,23.7,0,1,30.0,Gas,0.0,298.0,473.0,Fail,30000.0,3000.0,1000000.0000000001
Argon,1,90,300.0,0.2,100.0,80.0,23.7,0,1,30.0,Gas,0.0,298.0,473.0,Fail,15000.0,1500.0,500000.00000000006
Argon,1,90,300.0,0.3,100.0,80.0,23.7,0,1,30.0,Gas,0.0,298.0,473.0,Fail,10000.0,1000.0,333333.3333333333
Argon,1,90,300.0,0.4,100.0,80.0,23.7,0,1,30.0,Gas,0.0,298.0,473.0,Fail,7500.0,750.0,250000.00000000003
Argon,1,90,300.0,0.1,120.0,80.0,23.7,0,1,30.0,Gas,0.0,298.0,473.0,Fail,25000.0,3000.0,833333.3333333334
Argon,1,90,300.0,0.2,120.0,80.0,23.7,0,1,30.0,Gas,0.0,298.0,473.0,Fail,12500.0,1500.0,416666.6666666667
Argon,1,90,300.0,0.3,120.0,80.0,23.7,0,1,30.0,Gas,0.0,298.0,473.0,Fail,8333.333333333332,1000.0,277777.77777777775
Argon,1,90,300.0,0.4,120.0,80.0,23.7,0,1,30.0,Gas,0.0,298.0,473.0,Fail,6250.0,750.0,208333.33333333334
Argon,1,90,300.0,0.5,120.0,80.0,23.7,0,1,30.0,Gas,0.0,298.0,473.0,Fail,5000.0,600.0,166666.66666666666
Argon,1,90,400.0,0.05,100.0,80.0,23.7,0,1,30.0,Gas,0.0,298.0,473.0,Fail,80000.0,8000.0,2666666.666666667
Argon,1,90,400.0,0.1,100.0,80.0,23.7,0,1,30.0,Gas,0.0,298.0,473.0,Fail,40000.0,4000.0,1333333.3333333335
Argon,1,90,400.0,0.2,100.0,80.0,23.7,0,1,30.0,Gas,0.0,298.0,473.0,Fail,20000.0,2000.0,666666.6666666667
Argon,1,90,400.0,0.3,100.0,80.0,23.7,0,1,30.0,Gas,0.0,298.0,473.0,Fail,13333.333333333334,1333.3333333333335,444444.44444444444
Argon,1,90,400.0,0.4,100.0,80.0,23.7,0,1,30.0,Gas,0.0,298.0,473.0,Fail,10000.0,1000.0,333333.3333333334
Argon,1,90,400.0,0.1,120.0,80.0,23.7,0,1,30.0,Gas,0.0,298.0,473.0,Fail,33333.333333333336,4000.0,1111111.1111111112
Argon,1,90,400.0,0.2,120.0,80.0,23.7,0,1,30.0,Gas,0.0,298.0,473.0,Fail,16666.666666666668,2000.0,555555.5555555556
Argon,1,90,400.0,0.3,120.0,80.0,23.7,0,1,30.0,Gas,0.0,298.0,473.0,Fail,11111.11111111111,1333.3333333333335,370370.3703703704
Argon,1,90,400.0,0.4,120.0,80.0,23.7,0,1,30.0,Gas,0.0,298.0,473.0,Fail,8333.333333333334,1000.0,277777.7777777778
Argon,1,90,400.0,0.5,120.0,80.0,23.7,0,1,30.0,Gas,0.0,298.0,473.0,Fail,6666.666666666667,800.0,222222.22222222222
Argon,1,90,370.0,1.0,100.0,100.0,53.0,0,0.7,30.0,Gas,0.0,298.0,298.0,Success,3700.0,370.0,123333.33333333333
Argon,1,90,380.0,0.597,152.0,80.0,52.714285714285715,0,1,45.0,Gas,0.0,298.0,298.0,Fail,4187.604690117253,636.5159128978224,93057.88200260563
Argon,1,90,380.0,0.597,152.0,80.0,52.42857142857143,0,1,50.0,Gas,0.0,298.0,298.0,Fail,4187.604690117253,636.5159128978224,83752.09380234506
Argon,1,90,380.0,0.597,152.0,80.0,52.142857142857146,0,1,55.0,Gas,0.0,298.0,298.0,Fail,4187.604690117253,636.5159128978224,76138.26709304095
Argon,1,90,380.0,0.597,160.0,80.0,51.857142857142854,0,1,45.0,Gas,0.0,289.0,298.0,Fail,3978.2244556113906,636.5159128978224,88404.98790247536
Argon,1,90,380.0,0.597,160.0,80.0,51.57142857142857,0,1,50.0,Gas,0.0,298.0,298.0,Fail,3978.2244556113906,636.5159128978224,79564.4891122278
Argon,1,90,380.0,0.597,160.0,80.0,51.285714285714285,0,1,55.0,Gas,0.0,298.0,298.0,Fail,3978.2244556113906,636.5159128978224,72331.35373838893
Argon,1,90,380.0,0.597,144.0,80.0,51.0,0,1,45.0,Gas,0.0,298.0,298.0,Fail,4420.2493951237675,636.5159128978224,98227.76433608372
Argon,1,90,380.0,0.597,144.0,80.0,50.714285714285715,0,1,50.0,Gas,0.0,298.0,298.0,Fail,4420.2493951237675,636.5159128978224,88404.98790247536
Argon,1,90,380.0,0.597,144.0,80.0,50.42857142857143,0,1,55.0,Gas,0.0,298.0,298.0,Fail,4420.2493951237675,636.5159128978224,80368.17082043213
Argon,1,90,400.0,0.597,152.0,80.0,50.142857142857146,0,1,45.0,Gas,0.0,298.0,298.0,Fail,4408.004936965529,670.0167504187605,97955.66526590066
Argon,1,90,400.0,0.597,152.0,80.0,49.857142857142854,0,1,50.0,Gas,0.0,298.0,298.0,Fail,4408.004936965529,670.0167504187605,88160.09873931059
Argon,1,90,400.0,0.597,152.0,80.0,49.57142857142857,0,1,55.0,Gas,0.0,298.0,298.0,Fail,4408.004936965529,670.0167504187605,80145.54430846417
Argon,1,90,400.0,0.597,160.0,80.0,49.285714285714285,0,1,45.0,Gas,0.0,298.0,298.0,Fail,4187.604690117253,670.0167504187605,93057.88200260563
Argon,1,90,400.0,0.597,160.0,80.0,49.0,0,1,50.0,Gas,0.0,298.0,298.0,Fail,4187.604690117253,670.0167504187605,83752.09380234506
Argon,1,90,400.0,0.597,160.0,80.0,48.714285714285715,0,1,55.0,Gas,0.0,298.0,298.0,Fail,4187.604690117253,670.0167504187605,76138.26709304098
Argon,1,90,400.0,0.597,144.0,80.0,48.42857142857143,0,1,45.0,Gas,0.0,298.0,298.0,Fail,4652.894100130282,670.0167504187605,103397.64666956183
Argon,1,90,400.0,0.597,144.0,80.0,48.142857142857146,0,1,50.0,Gas,0.0,298.0,298.0,Fail,4652.894100130282,670.0167504187605,93057.88200260563
Argon,1,90,400.0,0.597,144.0,80.0,47.85714285714286,0,1,55.0,Gas,0.0,298.0,298.0,Fail,4652.894100130282,670.0167504187605,84598.0745478233
Argon,1,90,390.0,0.597,152.0,80.0,47.57142857142857,0,1,45.0,Gas,0.0,298.0,298.0,Fail,4297.804813541391,653.2663316582915,95506.77363425314
Argon,1,90,390.0,0.597,152.0,80.0,47.285714285714285,0,1,50.0,Gas,0.0,298.0,298.0,Fail,4297.804813541391,653.2663316582915,85956.09627082782
Argon,1,90,390.0,0.597,152.0,80.0,47.0,0,1,55.0,Gas,0.0,298.0,298.0,Fail,4297.804813541391,653.2663316582915,78141.90570075257
Argon,1,90,390.0,0.597,160.0,80.0,46.714285714285715,0,1,45.0,Gas,0.0,298.0,298.0,Fail,4082.914572864322,653.2663316582915,90731.4349525405
Argon,1,90,390.0,0.597,160.0,80.0,46.42857142857143,0,1,50.0,Gas,0.0,298.0,298.0,Fail,4082.914572864322,653.2663316582915,81658.29145728644
Argon,1,90,390.0,0.597,160.0,80.0,46.142857142857146,0,1,55.0,Gas,0.0,298.0,298.0,Fail,4082.914572864322,653.2663316582915,74234.81041571495
Argon,1,90,400.0,0.597,168.0,80.0,45.85714285714286,0,1,45.0,Gas,0.0,298.0,298.0,Fail,3988.1949429688125,670.0167504187605,88626.55428819584
Argon,1,90,400.0,0.597,168.0,80.0,45.57142857142857,0,1,50.0,Gas,0.0,298.0,298.0,Fail,3988.1949429688125,670.0167504187605,79763.89885937626
Argon,1,90,400.0,0.597,168.0,80.0,45.285714285714285,0,1,55.0,Gas,0.0,298.0,298.0,Fail,3988.1949429688125,670.0167504187605,72512.63532670568
Argon,1,90,300.0,1.5,45.0,70.0,45.0,0,0.8,30.0,Gas,0.0,298.0,298.0,Fail,4444.444444444444,200.0,148148.14814814815
Argon,1,90,300.0,1.8,45.0,70.0,45.0,0,0.8,30.0,Gas,0.0,298.0,298.0,Fail,3703.7037037037035,166.66666666666666,123456.7901234568
Argon,1,90,300.0,2.1,45.0,70.0,45.0,0,0.8,30.0,Gas,0.0,298.0,298.0,Fail,3174.6031746031745,142.85714285714286,105820.10582010582
Argon,1,90,255.0,2.5,50.0,80.0,32.0,0,1,30.0,Gas,0.0,298.0,298.0,Fail,2040.0,102.0,68000.0
Argon,1,90,350.0,1.4,140.0,370.0,42.1,0,0.6,100.0,Gas,0.0,298.0,298.0,Fail,1785.7142857142856,250.00000000000003,17857.14285714286
Argon,1,90,350.0,1.6,140.0,370.0,42.1,0,0.6,100.0,Gas,0.0,298.0,298.0,Fail,1562.5,218.75,15625.0
Argon,1,90,350.0,1.8,140.0,370.0,42.1,0,0.6,100.0,Gas,0.0,298.0,298.0,Fail,1388.888888888889,194.44444444444443,13888.888888888889
Argon,1,90,350.0,2.0,140.0,370.0,42.1,0,0.6,100.0,Gas,0.0,298.0,298.0,Fail,1249.9999999999998,175.0,12500.000000000002
Argon,1,90,400.0,1.4,140.0,370.0,42.1,0,0.6,100.0,Gas,0.0,298.0,298.0,Fail,2040.816326530612,285.7142857142857,20408.163265306124
Argon,1,90,400.0,1.6,140.0,370.0,42.1,0,0.6,100.0,Gas,0.0,298.0,298.0,Fail,1785.7142857142858,250.0,17857.14285714286
Argon,1,90,400.0,1.8,140.0,370.0,42.1,0,0.6,100.0,Gas,0.0,298.0,298.0,Fail,1587.3015873015872,222.22222222222223,15873.015873015873
Argon,1,90,400.0,2.0,140.0,370.0,42.1,0,0.6,100.0,Gas,0.0,298.0,298.0,Fail,1428.5714285714284,200.0,14285.714285714288
Argon,1,90,450.0,1.4,140.0,370.0,42.1,0,0.6,100.0,Gas,0.0,298.0,298.0,Fail,2295.918367346939,321.42857142857144,22959.18367346939
Argon,1,90,450.0,1.6,140.0,370.0,42.1,0,0.6,100.0,Gas,0.0,298.0,298.0,Fail,2008.9285714285713,281.25,20089.285714285714
Argon,1,90,450.0,1.8,140.0,370.0,42.1,0,0.6,100.0,Gas,0.0,298.0,298.0,Fail,1785.7142857142858,250.0,17857.14285714286
Argon,1,90,450.0,2.0,140.0,370.0,42.1,0,0.6,100.0,Gas,0.0,298.0,298.0,Fail,1607.1428571428569,225.0,16071.428571428572
Argon,1,90,500.0,1.4,140.0,370.0,42.1,0,0.6,100.0,Gas,0.0,298.0,298.0,Fail,2551.020408163265,357.14285714285717,25510.204081632655
Argon,1,90,500.0,1.6,140.0,370.0,42.1,0,0.6,100.0,Gas,0.0,298.0,298.0,Fail,2232.142857142857,312.5,22321.428571428572
Argon,1,90,500.0,1.8,140.0,370.0,42.1,0,0.6,100.0,Gas,0.0,298.0,298.0,Fail,1984.126984126984,277.77777777777777,19841.26984126984
Argon,1,90,500.0,2.0,140.0,370.0,42.1,0,0.6,100.0,Gas,0.0,298.0,298.0,Fail,1785.7142857142856,250.0,17857.14285714286
Argon,1,90,350.0,1.4,140.0,370.0,42.1,0,0.6,100.0,Gas,0.0,298.0,773.0,Success,1785.7142857142856,250.00000000000003,17857.14285714286
Argon,1,90,350.0,1.6,140.0,370.0,42.1,0,0.6,100.0,Gas,0.0,298.0,773.0,Success,1562.5,218.75,15625.0
Argon,1,90,350.0,1.8,140.0,370.0,42.1,0,0.6,100.0,Gas,0.0,298.0,773.0,Success,1388.888888888889,194.44444444444443,13888.888888888889
Argon,1,90,350.0,2.0,140.0,370.0,42.1,0,0.6,100.0,Gas,0.0,298.0,773.0,Success,1249.9999999999998,175.0,12500.000000000002
Argon,1,90,400.0,1.4,140.0,370.0,42.1,0,0.6,100.0,Gas,0.0,298.0,773.0,Success,2040.816326530612,285.7142857142857,20408.163265306124
Argon,1,90,400.0,1.6,140.0,370.0,42.1,0,0.6,100.0,Gas,0.0,298.0,773.0,Success,1785.7142857142858,250.0,17857.14285714286
Argon,1,90,400.0,1.8,140.0,370.0,42.1,0,0.6,100.0,Gas,0.0,298.0,773.0,Success,1587.3015873015872,222.22222222222223,15873.015873015873
Argon,1,90,400.0,2.0,140.0,370.0,42.1,0,0.6,100.0,Gas,0.0,298.0,773.0,Success,1428.5714285714284,200.0,14285.714285714288
Argon,1,90,450.0,1.4,140.0,370.0,42.1,0,0.6,100.0,Gas,0.0,298.0,773.0,Success,2295.918367346939,321.42857142857144,22959.18367346939
Argon,1,90,450.0,1.6,140.0,370.0,42.1,0,0.6,100.0,Gas,0.0,298.0,773.0,Success,2008.9285714285713,281.25,20089.285714285714
Argon,1,90,450.0,1.8,140.0,370.0,42.1,0,0.6,100.0,Gas,0.0,298.0,773.0,Success,1785.7142857142858,250.0,17857.14285714286
Argon,1,90,450.0,2.0,140.0,370.0,42.1,0,0.6,100.0,Gas,0.0,298.0,773.0,Success,1607.1428571428569,225.0,16071.428571428572
Argon,1,90,500.0,1.4,140.0,370.0,42.1,0,0.6,100.0,Gas,0.0,298.0,773.0,Success,2551.020408163265,357.14285714285717,25510.204081632655
Argon,1,90,500.0,1.6,140.0,370.0,42.1,0,0.6,100.0,Gas,0.0,298.0,773.0,Success,2232.142857142857,312.5,22321.428571428572
Argon,1,90,500.0,1.8,140.0,370.0,42.1,0,0.6,100.0,Gas,0.0,298.0,773.0,Success,1984.126984126984,277.77777777777777,19841.26984126984
Argon,1,90,500.0,2.0,140.0,370.0,42.1,0,0.6,100.0,Gas,0.0,298.0,773.0,Success,1785.7142857142856,250.0,17857.14285714286
Argon,1,90,200.0,1.0,20.0,100.0,42.583333333333336,0,0.8,20.0,Argon,0.0,298.0,298.0,Success,10000.0,200.0,500000.00000000006
Argon,1,90,200.0,1.0,20.0,100.0,43.06666666666667,0,0.8,20.0,Nitrogen,0.0,298.0,298.0,Success,10000.0,200.0,500000.00000000006
Nitrogen,1,90,200.0,1.0,20.0,100.0,43.55,0,0.8,20.0,Argon,0.0,298.0,298.0,Success,10000.0,200.0,500000.00000000006
Nitrogen,1,90,200.0,1.0,20.0,100.0,44.03333333333333,0,0.8,20.0,Nitrogen,0.0,298.0,298.0,Success,10000.0,200.0,500000.00000000006
Argon,1,90,200.0,0.597,100.0,50.0,44.516666666666666,0,1,50.0,Gas,0.0,298.0,298.0,Fail,3350.0837520938026,335.00837520938023,67001.67504187605
Argon,1,90,240.0,1.0,140.0,100.0,45.0,0,1,30.0,Gas,0.0,298.0,298.0,Fail,1714.2857142857142,240.0,57142.857142857145
Argon,1,90,240.0,1.0,140.0,100.0,45.0,0,1,30.0,Gas,0.0,298.0,298.0,Success,1714.2857142857142,240.0,57142.857142857145
Helium_mix,1,90,240.0,1.0,140.0,100.0,45.0,0,1,30.0,Gas,0.0,298.0,298.0,Success,1714.2857142857142,240.0,57142.857142857145
Argon,1,90,240.0,1.2,140.0,100.0,45.0,0,1,30.0,Gas,0.0,298.0,298.0,Fail,1428.5714285714284,200.0,47619.047619047626
Argon,1,90,240.0,1.2,140.0,100.0,45.0,0,1,30.0,Gas,0.0,298.0,298.0,Success,1428.5714285714284,200.0,47619.047619047626
Helium_mix,1,90,240.0,1.2,140.0,100.0,45.0,0,1,30.0,Gas,0.0,298.0,298.0,Success,1428.5714285714284,200.0,47619.047619047626
Argon,1,90,240.0,1.4,140.0,100.0,45.0,0,1,30.0,Gas,0.0,298.0,298.0,Fail,1224.4897959183672,171.42857142857144,40816.32653061225
Argon,1,90,240.0,1.4,140.0,100.0,45.0,0,1,30.0,Gas,0.0,298.0,298.0,Success,1224.4897959183672,171.42857142857144,40816.32653061225
Helium_mix,1,90,240.0,1.4,140.0,100.0,45.0,0,1,30.0,Gas,0.0,298.0,298.0,Success,1224.4897959183672,171.42857142857144,40816.32653061225
Argon,1,90,280.0,1.0,140.0,100.0,45.0,0,1,30.0,Gas,0.0,298.0,298.0,Fail,1999.9999999999998,280.0,66666.66666666667
Argon,1,90,280.0,1.0,140.0,100.0,45.0,0,1,30.0,Gas,0.0,298.0,298.0,Success,1999.9999999999998,280.0,66666.66666666667
Helium_mix,1,90,280.0,1.0,140.0,100.0,45.0,0,1,30.0,Gas,0.0,298.0,298.0,Success,1999.9999999999998,280.0,66666.66666666667
Argon,1,90,280.0,1.2,140.0,100.0,45.0,0,1,30.0,Gas,0.0,298.0,298.0,Fail,1666.6666666666665,233.33333333333334,55555.55555555556
Argon,1,90,280.0,1.2,140.0,100.0,45.0,0,1,30.0,Gas,0.0,298.0,298.0,Success,1666.6666666666665,233.33333333333334,55555.55555555556
Helium_mix,1,90,280.0,1.2,140.0,100.0,45.0,0,1,30.0,Gas,0.0,298.0,298.0,Success,1666.6666666666665,233.33333333333334,55555.55555555556
Argon,1,90,280.0,1.4,140.0,100.0,45.0,0,1,30.0,Gas,0.0,298.0,298.0,Fail,1428.5714285714284,200.0,47619.04761904762
Argon,1,90,280.0,1.4,140.0,100.0,45.0,0,1,30.0,Gas,0.0,298.0,298.0,Success,1428.5714285714284,200.0,47619.04761904762
Helium_mix,1,90,280.0,1.4,140.0,100.0,45.0,0,1,30.0,Gas,0.0,298.0,298.0,Success,1428.5714285714284,200.0,47619.04761904762
Argon,1,90,320.0,1.0,140.0,100.0,45.0,0,1,30.0,Gas,0.0,298.0,298.0,Fail,2285.7142857142853,320.0,76190.4761904762
Argon,1,90,320.0,1.0,140.0,100.0,45.0,0,1,30.0,Gas,0.0,298.0,298.0,Success,2285.7142857142853,320.0,76190.4761904762
Helium_mix,1,90,320.0,1.0,140.0,100.0,45.0,0,1,30.0,Gas,0.0,298.0,298.0,Success,2285.7142857142853,320.0,76190.4761904762
Argon,1,90,320.0,1.2,140.0,100.0,45.0,0,1,30.0,Gas,0.0,298.0,298.0,Fail,1904.7619047619046,266.6666666666667,63492.0634920635
Argon,1,90,320.0,1.2,140.0,100.0,45.0,0,1,30.0,Gas,0.0,298.0,298.0,Success,1904.7619047619046,266.6666666666667,63492.0634920635
Helium_mix,1,90,320.0,1.2,140.0,100.0,45.0,0,1,30.0,Gas,0.0,298.0,298.0,Success,1904.7619047619046,266.6666666666667,63492.0634920635
Argon,1,90,320.0,1.4,140.0,100.0,45.0,0,1,30.0,Gas,0.0,298.0,298.0,Fail,1632.6530612244896,228.57142857142858,54421.768707482996
Argon,1,90,320.0,1.4,140.0,100.0,45.0,0,1,30.0,Gas,0.0,298.0,298.0,Success,1632.6530612244896,228.57142857142858,54421.768707482996
Helium_mix,1,90,320.0,1.4,140.0,100.0,45.0,0,1,30.0,Gas,0.0,298.0,298.0,Success,1632.6530612244896,228.57142857142858,54421.768707482996
Argon,1,90,280.0,1.733,140.0,100.0,45.0,0,1,30.0,Gas,0.0,298.0,298.0,Success,1154.068090017311,161.56953260242352,38468.936333910366
Helium_mix,1,90,280.0,1.733,140.0,100.0,45.0,0,1,30.0,Gas,0.0,298.0,298.0,Success,1154.068090017311,161.56953260242352,38468.936333910366
Argon,1,90,280.0,2.067,140.0,100.0,45.0,0,1,30.0,Gas,0.0,298.0,298.0,Fail,967.5858732462506,135.46202225447507,32252.862441541693
Helium_mix,1,90,280.0,2.067,140.0,100.0,45.0,0,1,30.0,Gas,0.0,298.0,298.0,Fail,967.5858732462506,135.46202225447507,32252.862441541693
Argon,1,90,280.0,2.4,140.0,100.0,45.0,0,1,30.0,Gas,0.0,298.0,298.0,Fail,833.3333333333333,116.66666666666667,27777.77777777778
Helium_mix,1,90,280.0,2.4,140.0,100.0,45.0,0,1,30.0,Gas,0.0,298.0,298.0,Fail,833.3333333333333,116.66666666666667,27777.77777777778
Argon,1,90,310.0,1.4,140.0,100.0,45.0,0,1,30.0,Gas,0.0,298.0,298.0,Success,1581.6326530612243,221.42857142857144,52721.08843537415
Helium_mix,1,90,310.0,1.4,140.0,100.0,45.0,0,1,30.0,Gas,0.0,298.0,298.0,Success,1581.6326530612243,221.42857142857144,52721.08843537415
Argon,1,90,310.0,1.733,140.0,100.0,45.0,0,1,30.0,Gas,0.0,298.0,298.0,Success,1277.7182425191659,178.8805539526832,42590.6080839722
Helium_mix,1,90,310.0,1.733,140.0,100.0,45.0,0,1,30.0,Gas,0.0,298.0,298.0,Success,1277.7182425191659,178.8805539526832,42590.6080839722
Argon,1,90,310.0,2.067,140.0,100.0,45.0,0,1,30.0,Gas,0.0,298.0,298.0,Fail,1071.2557882369201,149.97581035316884,35708.526274564014
Helium_mix,1,90,310.0,2.067,140.0,100.0,45.0,0,1,30.0,Gas,0.0,298.0,298.0,Fail,1071.2557882369201,149.97581035316884,35708.526274564014
Argon,1,90,310.0,2.4,140.0,100.0,45.0,0,1,30.0,Gas,0.0,298.0,298.0,Fail,922.6190476190476,129.16666666666669,30753.968253968258
Helium_mix,1,90,310.0,2.4,140.0,100.0,45.0,0,1,30.0,Gas,0.0,298.0,298.0,Fail,922.6190476190476,129.16666666666669,30753.968253968258
Argon,1,90,340.0,1.4,140.0,100.0,45.0,0,1,30.0,Gas,0.0,298.0,298.0,Success,1734.6938775510203,242.85714285714286,57823.12925170068
Helium_mix,1,90,340.0,1.4,140.0,100.0,45.0,0,1,30.0,Gas,0.0,298.0,298.0,Success,1734.6938775510203,242.85714285714286,57823.12925170068
Argon,1,90,340.0,1.733,140.0,100.0,45.0,0,1,30.0,Gas,0.0,298.0,298.0,Success,1401.3683950210204,196.19157530294285,46712.27983403402
Helium_mix,1,90,340.0,1.733,140.0,100.0,45.0,0,1,30.0,Gas,0.0,298.0,298.0,Success,1401.3683950210204,196.19157530294285,46712.27983403402
Argon,1,90,340.0,2.067,140.0,100.0,45.0,0,1,30.0,Gas,0.0,298.0,298.0,Fail,1174.92570322759,164.48959845186258,39164.19010758634
Helium_mix,1,90,340.0,2.067,140.0,100.0,45.0,0,1,30.0,Gas,0.0,298.0,298.0,Fail,1174.92570322759,164.48959845186258,39164.19010758634
Argon,1,90,340.0,2.4,140.0,100.0,45.0,0,1,30.0,Gas,0.0,298.0,298.0,Fail,1011.9047619047618,141.66666666666669,33730.158730158735
Helium_mix,1,90,340.0,2.4,140.0,100.0,45.0,0,1,30.0,Gas,0.0,298.0,298.0,Fail,1011.9047619047618,141.66666666666669,33730.158730158735
Argon,1,90,370.0,1.4,140.0,100.0,45.0,0,1,30.0,Gas,0.0,298.0,298.0,Success,1887.7551020408162,264.2857142857143,62925.17006802721
Helium_mix,1,90,370.0,1.4,140.0,100.0,45.0,0,1,30.0,Gas,0.0,298.0,298.0,Success,1887.7551020408162,264.2857142857143,62925.17006802721
Argon,1,90,370.0,1.733,140.0,100.0,45.0,0,1,30.0,Gas,0.0,298.0,298.0,Success,1525.0185475228752,213.50259665320252,50833.95158409585
Helium_mix,1,90,370.0,1.733,140.0,100.0,45.0,0,1,30.0,Gas,0.0,298.0,298.0,Success,1525.0185475228752,213.50259665320252,50833.95158409585
Argon,1,90,370.0,2.067,140.0,100.0,45.0,0,1,30.0,Gas,0.0,298.0,298.0,Fail,1278.5956182182597,179.00338655055634,42619.853940608664
Helium_mix,1,90,370.0,2.067,140.0,100.0,45.0,0,1,30.0,Gas,0.0,298.0,298.0,Fail,1278.5956182182597,179.00338655055634,42619.853940608664
Argon,1,90,370.0,2.4,140.0,100.0,45.0,0,1,30.0,Gas,0.0,298.0,298.0,Fail,1101.1904761904761,154.16666666666669,36706.34920634921
Helium_mix,1,90,370.0,2.4,140.0,100.0,45.0,0,1,30.0,Gas,0.0,298.0,298.0,Fail,1101.1904761904761,154.16666666666669,36706.34920634921
Argon,1,90,200.0,0.75,110.0,80.0,45.0,0,1,50.0,Gas,0.0,298.0,298.0,Fail,2424.242424242424,266.6666666666667,48484.84848484848
Argon,1,90,180.0,0.75,110.0,80.0,45.0,0,1,50.0,Gas,0.0,298.0,298.0,Fail,2181.8181818181815,240.0,43636.36363636363
Argon,1,90,200.0,0.8571428571428571,110.0,80.0,45.0,0,1,50.0,Gas,0.0,298.0,298.0,Fail,2121.2121212121215,233.33333333333334,42424.24242424243
Argon,1,90,160.0,0.75,110.0,80.0,45.0,0,1,50.0,Gas,0.0,298.0,298.0,Fail,1939.3939393939393,213.33333333333334,38787.878787878784
Argon,1,90,180.0,0.8571428571428571,110.0,80.0,45.0,0,1,50.0,Gas,0.0,298.0,298.0,Fail,1909.0909090909092,210.0,38181.81818181819
Argon,1,90,200.0,1.0,110.0,80.0,45.0,0,1,50.0,Gas,0.0,298.0,298.0,Fail,1818.1818181818182,200.0,36363.63636363637
Argon,1,90,140.0,0.75,110.0,80.0,45.0,0,1,50.0,Gas,0.0,298.0,298.0,Fail,1696.969696969697,186.66666666666666,33939.393939393936
Argon,1,90,160.0,0.8571428571428571,110.0,80.0,45.0,0,1,50.0,Gas,0.0,298.0,298.0,Fail,1696.969696969697,186.66666666666669,33939.39393939394
Argon,1,90,180.0,1.0,110.0,80.0,45.0,0,1,50.0,Gas,0.0,298.0,298.0,Fail,1636.3636363636363,180.0,32727.272727272728
Argon,1,90,140.0,0.8571428571428571,110.0,80.0,45.0,0,1,50.0,Gas,0.0,298.0,298.0,Fail,1484.848484848485,163.33333333333334,29696.969696969703
Argon,1,90,120.0,0.75,110.0,80.0,45.0,0,1,50.0,Gas,0.0,298.0,298.0,Fail,1454.5454545454545,160.0,29090.90909090909
Argon,1,90,160.0,1.0,110.0,80.0,45.0,0,1,50.0,Gas,0.0,298.0,298.0,Fail,1454.5454545454545,160.0,29090.909090909092
Argon,1,90,120.0,0.8571428571428571,110.0,80.0,45.0,0,1,50.0,Gas,0.0,298.0,298.0,Fail,1272.7272727272727,140.0,25454.54545454546
Argon,1,90,140.0,1.0,110.0,80.0,45.0,0,1,50.0,Gas,0.0,298.0,298.0,Fail,1272.7272727272727,140.0,25454.545454545456
Argon,1,90,120.0,1.0,110.0,80.0,45.0,0,1,50.0,Gas,0.0,298.0,298.0,Fail,1090.909090909091,120.0,21818.18181818182
Argon,1,90,300.0,1.5,55.0,90.0,49.52,0,0.7,40.0,Gas,0.0,298.0,298.0,Success,3636.363636363636,200.0,90909.09090909091
Argon,1,90,300.0,1.5,55.0,90.0,50.71,0,0.5,40.0,Gas,0.0,298.0,298.0,Success,3636.363636363636,200.0,90909.09090909091
Argon,1,90,370.0,1.3,190.0,100.0,54.09,0,0.6,30.0,Gas,0.0,298.0,473.0,Success,1497.9757085020244,284.6153846153846,49932.52361673414
Argon,1,90,370.0,1.3,190.0,100.0,52.58,0,0.5,30.0,Gas,18.0,298.0,473.0,Success,1497.9757085020244,284.6153846153846,49932.52361673414
Argon,1,90,140.0,0.85,90.0,30.0,55.0,0,0.7,20.0,Gas,0.0,298.0,298.0,Fail,1830.0653594771243,164.7058823529412,91503.26797385621
Argon,1,90,140.0,0.85,90.0,30.0,48.0,0,0.7,20.0,Gas,0.0,298.0,298.0,Fail,1830.0653594771243,164.7058823529412,91503.26797385621
Argon,1,90,175.0,0.95,90.0,30.0,55.0,0,0.7,20.0,Gas,0.0,298.0,298.0,Fail,2046.783625730994,184.21052631578948,102339.1812865497
Argon,1,90,175.0,0.95,90.0,30.0,48.0,0,0.7,20.0,Gas,0.0,298.0,298.0,Fail,2046.783625730994,184.21052631578948,102339.1812865497
Argon,1,90,150.0,0.75,90.0,30.0,55.0,0,0.7,20.0,Gas,0.0,298.0,298.0,Fail,2222.222222222222,200.0,111111.11111111112
Argon,1,90,150.0,0.75,90.0,30.0,48.0,0,0.7,20.0,Gas,0.0,298.0,298.0,Fail,2222.222222222222,200.0,111111.11111111112
Argon,1,90,104.0,0.3,130.0,50.0,24.17,0,1,30.0,Gas,0.0,298.0,298.0,Success,2666.6666666666665,346.6666666666667,88888.88888888889
Argon,1,90,104.0,0.35,130.0,50.0,24.17,0,1,30.0,Gas,0.0,298.0,298.0,Success,2285.714285714286,297.14285714285717,76190.4761904762
Argon,1,90,104.0,0.4,130.0,50.0,24.17,0,1,30.0,Gas,0.0,298.0,298.0,Success,1999.9999999999998,260.0,66666.66666666667
Argon,1,90,104.0,0.45,130.0,50.0,24.17,0,1,30.0,Gas,0.0,298.0,298.0,Success,1777.7777777777776,231.11111111111111,59259.25925925926
Argon,1,90,104.0,0.5,130.0,50.0,24.17,0,1,30.0,Gas,0.0,298.0,298.0,Success,1600.0,208.0,53333.333333333336
Argon,1,90,104.0,0.55,130.0,50.0,24.17,0,1,30.0,Gas,0.0,298.0,298.0,Success,1454.5454545454543,189.09090909090907,48484.84848484849
Argon,1,90,104.0,0.6,130.0,50.0,24.17,0,1,30.0,Gas,0.0,298.0,298.0,Success,1333.3333333333333,173.33333333333334,44444.444444444445
Argon,1,90,104.0,0.65,130.0,50.0,24.17,0,1,30.0,Gas,0.0,298.0,298.0,Success,1230.7692307692307,160.0,41025.64102564102
Argon,1,90,104.0,0.7,130.0,50.0,24.17,0,1,30.0,Gas,0.0,298.0,298.0,Success,1142.857142857143,148.57142857142858,38095.2380952381
Argon,1,90,104.0,0.75,130.0,50.0,24.17,0,1,30.0,Gas,0.0,298.0,298.0,Success,1066.6666666666667,138.66666666666666,35555.555555555555
Argon,1,90,104.0,0.175,130.0,50.0,24.17,0,1,45.0,Gas,0.0,298.0,298.0,Success,4571.428571428572,594.2857142857143,101587.3015873016
Argon,1,90,104.0,0.2,130.0,50.0,24.17,0,1,45.0,Gas,0.0,298.0,298.0,Success,3999.9999999999995,520.0,88888.88888888889
Argon,1,90,104.0,0.225,130.0,50.0,24.17,0,1,45.0,Gas,0.0,298.0,298.0,Success,3555.555555555555,462.22222222222223,79012.34567901235
Argon,1,90,104.0,0.25,130.0,50.0,24.17,0,1,45.0,Gas,0.0,298.0,298.0,Success,3200.0,416.0,71111.11111111111
Argon,1,90,104.0,0.275,130.0,50.0,24.17,0,1,45.0,Gas,0.0,298.0,298.0,Success,2909.0909090909086,378.18181818181813,64646.46464646465
Argon,1,90,104.0,0.3,130.0,50.0,24.17,0,1,45.0,Gas,0.0,298.0,298.0,Success,2666.6666666666665,346.6666666666667,59259.25925925926
Argon,1,90,104.0,0.25,130.0,50.0,41.13,0,1,30.0,Gas,0.0,298.0,298.0,Success,3200.0,416.0,106666.66666666667
Argon,1,90,104.0,0.3,130.0,50.0,41.13,0,1,30.0,Gas,0.0,298.0,298.0,Success,2666.6666666666665,346.6666666666667,88888.88888888889
Argon,1,90,104.0,0.35,130.0,50.0,41.13,0,1,30.0,Gas,0.0,298.0,298.0,Success,2285.714285714286,297.14285714285717,76190.4761904762
Argon,1,90,104.0,0.4,130.0,50.0,41.13,0,1,30.0,Gas,0.0,298.0,298.0,Success,1999.9999999999998,260.0,66666.66666666667
Argon,1,90,104.0,0.45,130.0,50.0,41.13,0,1,30.0,Gas,0.0,298.0,298.0,Success,1777.7777777777776,231.11111111111111,59259.25925925926
Argon,1,90,104.0,0.5,130.0,50.0,41.13,0,1,30.0,Gas,0.0,298.0,298.0,Success,1600.0,208.0,53333.333333333336
Argon,1,90,104.0,0.175,130.0,50.0,41.13,0,1,45.0,Gas,0.0,298.0,298.0,Success,4571.428571428572,594.2857142857143,101587.3015873016
Argon,1,90,104.0,0.2,130.0,50.0,41.13,0,1,45.0,Gas,0.0,298.0,298.0,Success,3999.9999999999995,520.0,88888.88888888889
Argon,1,90,104.0,0.225,130.0,50.0,41.13,0,1,45.0,Gas,0.0,298.0,298.0,Success,3555.555555555555,462.22222222222223,79012.34567901235
Argon,1,90,104.0,0.25,130.0,50.0,41.13,0,1,45.0,Gas,0.0,298.0,298.0,Success,3200.0,416.0,71111.11111111111
Argon,1,90,104.0,0.275,130.0,50.0,41.13,0,1,45.0,Gas,0.0,298.0,298.0,Success,2909.0909090909086,378.18181818181813,64646.46464646465
Argon,1,90,104.0,0.25,130.0,50.0,55.54,0,1,30.0,Gas,0.0,298.0,298.0,Fail,3200.0,416.0,106666.66666666667
Argon,1,90,104.0,0.3,130.0,50.0,55.54,0,1,30.0,Gas,0.0,298.0,298.0,Fail,2666.6666666666665,346.6666666666667,88888.88888888889
Argon,1,90,104.0,0.35,130.0,50.0,55.54,0,1,30.0,Gas,0.0,298.0,298.0,Fail,2285.714285714286,297.14285714285717,76190.4761904762
Argon,1,90,104.0,0.4,130.0,50.0,55.54,0,1,30.0,Gas,0.0,298.0,298.0,Fail,1999.9999999999998,260.0,66666.66666666667
Argon,1,90,104.0,0.45,130.0,50.0,55.54,0,1,30.0,Gas,0.0,298.0,298.0,Fail,1777.7777777777776,231.11111111111111,59259.25925925926
Argon,1,90,104.0,0.5,130.0,50.0,55.54,0,1,30.0,Gas,0.0,298.0,298.0,Fail,1600.0,208.0,53333.333333333336
Argon,1,90,104.0,0.175,130.0,50.0,55.54,0,1,45.0,Gas,0.0,298.0,298.0,Fail,4571.428571428572,594.2857142857143,101587.3015873016
Argon,1,90,104.0,0.2,130.0,50.0,55.54,0,1,45.0,Gas,0.0,298.0,298.0,Fail,3999.9999999999995,520.0,88888.88888888889
Argon,1,90,104.0,0.225,130.0,50.0,55.54,0,1,45.0,Gas,0.0,298.0,298.0,Fail,3555.555555555555,462.22222222222223,79012.34567901235
Argon,1,90,104.0,0.25,130.0,50.0,55.54,0,1,45.0,Gas,0.0,298.0,298.0,Fail,3200.0,416.0,71111.11111111111
Argon,1,90,104.0,0.275,130.0,50.0,55.54,0,1,45.0,Gas,0.0,298.0,298.0,Fail,2909.0909090909086,378.18181818181813,64646.46464646465
Argon,1,0,104.0,0.45,130.0,50.0,24.17,0,1,30.0,Gas,0.0,298.0,298.0,Success,1777.7777777777776,231.11111111111111,59259.25925925926
Argon,1,45,104.0,0.45,130.0,50.0,24.17,0,1,30.0,Gas,0.0,298.0,298.0,Success,1777.7777777777776,231.11111111111111,59259.25925925926
Argon,1,0,104.0,0.225,130.0,50.0,24.17,0,1,45.0,Gas,0.0,298.0,298.0,Success,3555.555555555555,462.22222222222223,79012.34567901235
Argon,1,0,104.0,0.25,130.0,50.0,41.13,0,1,30.0,Gas,0.0,298.0,298.0,Success,3200.0,416.0,106666.66666666667
Argon,1,0,104.0,0.225,130.0,50.0,41.13,0,1,45.0,Gas,0.0,298.0,298.0,Success,3555.555555555555,462.22222222222223,79012.34567901235
Argon,1,0,104.0,0.4,130.0,50.0,55.54,0,1,30.0,Gas,0.0,298.0,298.0,Fail,1999.9999999999998,260.0,66666.66666666667
Argon,1,45,104.0,0.4,130.0,50.0,55.54,0,1,30.0,Gas,0.0,298.0,298.0,Fail,1999.9999999999998,260.0,66666.66666666667
Argon,1,0,104.0,0.225,130.0,50.0,55.54,0,1,45.0,Gas,0.0,298.0,298.0,Fail,3555.555555555555,462.22222222222223,79012.34567901235
Argon,1,90,185.0,0.3,100.0,80.0,60.0,0,1,60.0,Gas,0.0,298.0,298.0,Fail,6166.666666666667,616.6666666666667,102777.77777777778
Argon,1,90,185.0,0.3,100.0,80.0,60.0,0,1,80.0,Gas,0.0,298.0,298.0,Fail,6166.666666666667,616.6666666666667,77083.33333333334
Argon,1,90,185.0,0.3,100.0,80.0,60.0,0,1,120.0,Gas,0.0,298.0,298.0,Fail,6166.666666666667,616.6666666666667,51388.88888888889
Argon,1,90,185.0,0.3,100.0,80.0,60.0,0,1,150.0,Gas,0.0,298.0,298.0,Fail,6166.666666666667,616.6666666666667,41111.11111111112
Argon,1,90,185.0,0.3,100.0,80.0,60.0,0,1,100.0,Gas,0.0,298.0,298.0,Fail,6166.666666666667,616.6666666666667,61666.666666666664
Argon,1,90,185.0,0.32,100.0,80.0,60.0,0,1,100.0,Gas,0.0,298.0,298.0,Fail,5781.25,578.125,57812.50000000001
Argon,1,90,185.0,0.34,100.0,80.0,60.0,0,1,100.0,Gas,0.0,298.0,298.0,Fail,5441.176470588235,544.1176470588235,54411.76470588236
Argon,1,90,185.0,0.36,100.0,80.0,60.0,0,1,100.0,Gas,0.0,298.0,298.0,Fail,5138.888888888889,513.8888888888889,51388.88888888889
Argon,1,90,185.0,0.38,100.0,80.0,60.0,0,1,100.0,Gas,0.0,298.0,298.0,Fail,4868.421052631579,486.84210526315786,48684.21052631579
Argon,1,90,104.0,0.325,130.0,200.0,30.79,0,0.7,30.0,Gas,0.0,298.0,298.0,Success,2461.5384615384614,320.0,82051.28205128205
Argon,1,90,104.0,0.375,130.0,200.0,30.79,0,0.7,30.0,Gas,0.0,298.0,298.0,Success,2133.3333333333335,277.3333333333333,71111.11111111111
Argon,1,90,104.0,0.45,130.0,200.0,30.79,0,0.7,30.0,Gas,0.0,298.0,298.0,Success,1777.7777777777776,231.11111111111111,59259.25925925926
Argon,1,90,104.0,0.5,130.0,200.0,30.79,0,0.7,30.0,Gas,0.0,298.0,298.0,Success,1600.0,208.0,53333.333333333336
Argon,1,90,104.0,0.55,130.0,200.0,30.79,0,0.7,30.0,Gas,0.0,298.0,298.0,Fail,1454.5454545454543,189.09090909090907,48484.84848484849
Argon,1,90,104.0,0.6,130.0,200.0,30.79,0,0.7,30.0,Gas,0.0,298.0,298.0,Fail,1333.3333333333333,173.33333333333334,44444.444444444445
Argon,1,90,104.0,0.7,130.0,200.0,30.79,0,0.7,30.0,Gas,0.0,298.0,298.0,Fail,1142.857142857143,148.57142857142858,38095.2380952381
Argon,1,90,104.0,0.75,130.0,200.0,30.79,0,0.7,30.0,Gas,0.0,298.0,298.0,Fail,1066.6666666666667,138.66666666666666,35555.555555555555
Argon,1,90,104.0,0.275,130.0,200.0,41.31,0,0.7,30.0,Gas,0.0,298.0,298.0,Success,2909.0909090909086,378.18181818181813,96969.69696969698
Argon,1,90,104.0,0.325,130.0,200.0,41.31,0,0.7,30.0,Gas,0.0,298.0,298.0,Fail,2461.5384615384614,320.0,82051.28205128205
Argon,1,90,104.0,0.375,130.0,200.0,41.31,0,0.7,30.0,Gas,0.0,298.0,298.0,Fail,2133.3333333333335,277.3333333333333,71111.11111111111
Argon,1,90,104.0,0.425,130.0,200.0,41.31,0,0.7,30.0,Gas,0.0,298.0,298.0,Fail,1882.3529411764705,244.7058823529412,62745.09803921569
Argon,1,90,104.0,0.475,130.0,200.0,41.31,0,0.7,30.0,Gas,0.0,298.0,298.0,Fail,1684.2105263157896,218.94736842105263,56140.350877192985
Argon,1,90,104.0,0.5,130.0,200.0,41.31,0,0.7,30.0,Gas,0.0,298.0,298.0,Fail,1600.0,208.0,53333.333333333336
Argon,1,90,104.0,0.275,130.0,200.0,59.69,0,0.5,30.0,Gas,0.0,298.0,298.0,Success,2909.0909090909086,378.18181818181813,96969.69696969698
Argon,1,90,104.0,0.325,130.0,200.0,59.69,0,0.5,30.0,Gas,0.0,298.0,298.0,Success,2461.5384615384614,320.0,82051.28205128205
Argon,1,90,104.0,0.375,130.0,200.0,59.69,0,0.5,30.0,Gas,0.0,298.0,298.0,Success,2133.3333333333335,277.3333333333333,71111.11111111111
Argon,1,90,104.0,0.425,130.0,200.0,59.69,0,0.5,30.0,Gas,0.0,298.0,298.0,Fail,1882.3529411764705,244.7058823529412,62745.09803921569
Argon,1,90,104.0,0.475,130.0,200.0,59.69,0,0.5,30.0,Gas,0.0,298.0,298.0,Fail,1684.2105263157896,218.94736842105263,56140.350877192985
Argon,1,90,104.0,0.5,130.0,200.0,59.69,0,0.5,30.0,Gas,0.0,298.0,298.0,Fail,1600.0,208.0,53333.333333333336
Argon,1,90,104.0,0.2,130.0,200.0,30.79,0,0.7,45.0,Gas,0.0,298.0,298.0,Success,3999.9999999999995,520.0,88888.88888888889
Argon,1,90,104.0,0.225,130.0,200.0,30.79,0,0.7,45.0,Gas,0.0,298.0,298.0,Success,3555.555555555555,462.22222222222223,79012.34567901235
Argon,1,90,104.0,0.25,130.0,200.0,30.79,0,0.7,45.0,Gas,0.0,298.0,298.0,Success,3200.0,416.0,71111.11111111111
Argon,1,90,104.0,0.275,130.0,200.0,30.79,0,0.7,45.0,Gas,0.0,298.0,298.0,Success,2909.0909090909086,378.18181818181813,64646.46464646465
Argon,1,90,104.0,0.3,130.0,200.0,30.79,0,0.7,45.0,Gas,0.0,298.0,298.0,Success,2666.6666666666665,346.6666666666667,59259.25925925926
Argon,1,90,104.0,0.35,130.0,200.0,30.79,0,0.7,45.0,Gas,0.0,298.0,298.0,Success,2285.714285714286,297.14285714285717,50793.6507936508
Argon,1,90,104.0,0.4,130.0,200.0,30.79,0,0.7,45.0,Gas,0.0,298.0,298.0,Fail,1999.9999999999998,260.0,44444.444444444445
Argon,1,90,104.0,0.45,130.0,200.0,30.79,0,0.7,45.0,Gas,0.0,298.0,298.0,Fail,1777.7777777777776,231.11111111111111,39506.17283950617
Argon,1,90,104.0,0.5,130.0,200.0,30.79,0,0.7,45.0,Gas,0.0,298.0,298.0,Fail,1600.0,208.0,35555.555555555555
Argon,1,90,104.0,0.225,130.0,200.0,41.31,0,0.7,45.0,Gas,0.0,298.0,298.0,Success,3555.555555555555,462.22222222222223,79012.34567901235
Argon,1,90,104.0,0.25,130.0,200.0,41.31,0,0.7,45.0,Gas,0.0,298.0,298.0,Success,3200.0,416.0,71111.11111111111
Argon,1,90,104.0,0.275,130.0,200.0,41.31,0,0.7,45.0,Gas,0.0,298.0,298.0,Success,2909.0909090909086,378.18181818181813,64646.46464646465
Argon,1,90,104.0,0.3,130.0,200.0,41.31,0,0.7,45.0,Gas,0.0,298.0,298.0,Success,2666.6666666666665,346.6666666666667,59259.25925925926
Argon,1,90,104.0,0.35,130.0,200.0,41.31,0,0.7,45.0,Gas,0.0,298.0,298.0,Fail,2285.714285714286,297.14285714285717,50793.6507936508
Argon,1,90,104.0,0.4,130.0,200.0,41.31,0,0.7,45.0,Gas,0.0,298.0,298.0,Fail,1999.9999999999998,260.0,44444.444444444445
Argon,1,90,104.0,0.45,130.0,200.0,41.31,0,0.7,45.0,Gas,0.0,298.0,298.0,Fail,1777.7777777777776,231.11111111111111,39506.17283950617
Argon,1,90,104.0,0.5,130.0,200.0,41.31,0,0.7,45.0,Gas,0.0,298.0,298.0,Fail,1600.0,208.0,35555.555555555555
Argon,1,90,104.0,0.2,130.0,200.0,59.69,0,0.5,45.0,Gas,0.0,298.0,298.0,Success,3999.9999999999995,520.0,88888.88888888889
Argon,1,90,104.0,0.225,130.0,200.0,59.69,0,0.5,45.0,Gas,0.0,298.0,298.0,Success,3555.555555555555,462.22222222222223,79012.34567901235
Argon,1,90,104.0,0.25,130.0,200.0,59.69,0,0.5,45.0,Gas,0.0,298.0,298.0,Fail,3200.0,416.0,71111.11111111111
Argon,1,90,104.0,0.275,130.0,200.0,59.69,0,0.5,45.0,Gas,0.0,298.0,298.0,Fail,2909.0909090909086,378.18181818181813,64646.46464646465
Argon,1,90,104.0,0.3,130.0,200.0,59.69,0,0.5,45.0,Gas,0.0,298.0,298.0,Fail,2666.6666666666665,346.6666666666667,59259.25925925926
Argon,1,90,104.0,0.35,130.0,200.0,59.69,0,0.5,45.0,Gas,0.0,298.0,298.0,Fail,2285.714285714286,297.14285714285717,50793.6507936508
Argon,1,90,104.0,0.4,130.0,200.0,59.69,0,0.5,45.0,Gas,0.0,298.0,298.0,Fail,1999.9999999999998,260.0,44444.444444444445
Argon,1,90,104.0,0.45,130.0,200.0,59.69,0,0.5,45.0,Gas,0.0,298.0,298.0,Fail,1777.7777777777776,231.11111111111111,39506.17283950617
Argon,1,90,104.0,0.5,130.0,200.0,59.69,0,0.5,45.0,Gas,0.0,298.0,298.0,Fail,1600.0,208.0,35555.555555555555
Argon,1,90,100.0,0.1,80.0,80.0,47.0,0,1,50.0,Gas,0.0,298.0,293.0,Fail,12500.0,1000.0,250000.00000000003
Argon,1,90,80.0,0.1,80.0,80.0,47.0,0,1,50.0,Gas,0.0,298.0,293.0,Fail,10000.0,800.0,200000.00000000003
Argon,1,90,100.0,0.1,80.0,80.0,47.0,0,1,75.0,Gas,0.0,298.0,293.0,Fail,12500.0,1000.0,166666.6666666667
Argon,1,90,100.0,0.1,80.0,80.0,47.0,0,1,100.0,Gas,0.0,298.0,293.0,Fail,12500.0,1000.0,125000.00000000001
Argon,1,90,100.0,0.2,80.0,80.0,47.0,0,1,50.0,Gas,0.0,298.0,293.0,Fail,6250.0,500.0,125000.00000000001
Argon,1,90,80.0,0.2,80.0,80.0,47.0,0,1,50.0,Gas,0.0,298.0,293.0,Fail,5000.0,400.0,100000.00000000001
Argon,1,90,100.0,0.2,80.0,80.0,47.0,0,1,75.0,Gas,0.0,298.0,293.0,Fail,6250.0,500.0,83333.33333333334
Argon,1,90,100.0,0.2,80.0,80.0,47.0,0,1,100.0,Gas,0.0,298.0,293.0,Fail,6250.0,500.0,62500.00000000001
Argon,1,90,100.0,0.3,80.0,80.0,47.0,0,1,50.0,Gas,0.0,298.0,293.0,Fail,4166.666666666667,333.33333333333337,83333.33333333334
Argon,1,90,80.0,0.3,80.0,80.0,47.0,0,1,50.0,Gas,0.0,298.0,293.0,Fail,3333.3333333333335,266.6666666666667,66666.66666666667
Argon,1,90,100.0,0.3,80.0,80.0,47.0,0,1,75.0,Gas,0.0,298.0,293.0,Fail,4166.666666666667,333.33333333333337,55555.555555555555
Argon,1,90,100.0,0.3,80.0,80.0,47.0,0,1,100.0,Gas,0.0,298.0,293.0,Fail,4166.666666666667,333.33333333333337,41666.66666666667
Argon,1,90,100.0,0.3,80.0,80.0,47.0,0,1,50.0,Gas,0.0,298.0,323.0,Fail,4166.666666666667,333.33333333333337,83333.33333333334
Argon,1,90,100.0,0.3,80.0,80.0,47.0,0,1,50.0,Gas,0.0,298.0,373.0,Fail,4166.666666666667,333.33333333333337,83333.33333333334
Argon,1,90,100.0,0.3,80.0,80.0,47.0,0,1,50.0,Gas,0.0,298.0,423.0,Fail,4166.666666666667,333.33333333333337,83333.33333333334
Argon,1,90,100.0,0.3,80.0,80.0,47.0,0,1,50.0,Gas,0.0,298.0,473.0,Fail,4166.666666666667,333.33333333333337,83333.33333333334
Argon,1,90,170.0,0.4,105.0,50.0,47.957142857142856,0,0.8,30.0,Gas,0.0,298.0,298.0,Success,4047.6190476190473,425.0,134920.63492063494
Argon,1,90,170.0,0.4,105.0,50.0,48.91428571428572,0,0.8,30.0,Gas,0.0,298.0,473.0,Success,4047.6190476190473,425.0,134920.63492063494
Argon,1,90,170.0,0.4,105.0,50.0,49.871428571428574,0,0.8,30.0,Gas,0.0,298.0,673.0,Success,4047.6190476190473,425.0,134920.63492063494
Argon,1,90,170.0,0.8,105.0,50.0,50.82857142857143,0,0.8,30.0,Gas,0.0,298.0,298.0,Success,2023.8095238095236,212.5,67460.31746031747
Argon,1,90,170.0,0.8,105.0,50.0,51.785714285714285,0,0.8,30.0,Gas,0.0,298.0,473.0,Success,2023.8095238095236,212.5,67460.31746031747
Argon,1,90,170.0,0.8,105.0,50.0,52.74285714285715,0,0.8,30.0,Gas,0.0,298.0,673.0,Success,2023.8095238095236,212.5,67460.31746031747
Argon,1,90,200.0,1.0769230769230769,90.0,75.0,53.7,0,1,26.633333333333333,Gas,0.0,298.0,298.0,Fail,2063.4920634920636,185.71428571428572,77477.7996304905
Argon,1,90,200.0,1.2307692307692308,90.0,75.0,53.7,0,1,20.85,Gas,0.0,298.0,298.0,Fail,1805.5555555555554,162.5,86597.38875566212
Argon,1,90,200.0,1.3846153846153846,90.0,75.0,53.7,0,1,20.016666666666666,Gas,0.0,298.0,298.0,Fail,1604.9382716049383,144.44444444444446,80180.09683288618
Argon,1,90,200.0,1.0769230769230769,90.0,75.0,53.7,0,1,26.883333333333333,Gas,0.0,298.0,443.0,Fail,2063.4920634920636,185.71428571428572,76757.29932394534
Argon,1,90,200.0,1.2307692307692308,90.0,75.0,53.7,0,1,21.9,Gas,0.0,298.0,443.0,Fail,1805.5555555555554,162.5,82445.45915778792
Argon,1,90,200.0,1.3846153846153846,90.0,75.0,53.7,0,1,21.333333333333332,Gas,0.0,298.0,443.0,Fail,1604.9382716049383,144.44444444444446,75231.4814814815
Argon,1,90,185.0,0.3,100.0,80.0,50.0,0,1,30.0,Gas,0.0,298.0,298.0,Fail,6166.666666666667,616.6666666666667,205555.55555555556
Argon,1,90,185.0,0.15,100.0,80.0,47.5,0,1,30.0,Gas,0.0,298.0,298.0,Fail,12333.333333333334,1233.3333333333335,411111.1111111111
Argon,1,90,185.0,1.0,100.0,80.0,45.0,0,1,20.0,Gas,0.0,298.0,298.0,Fail,1850.0,185.0,92500.0
Argon,1,90,175.0,20.0,100.0,160.0,42.5,0,1,30.0,Gas,0.0,298.0,298.0,Fail,87.5,8.75,2916.666666666667
Argon,1,90,175.0,20.0,100.0,160.0,40.0,0,1,30.0,Gas,0.0,298.0,298.0,Fail,87.5,8.75,2916.666666666667
Argon,1,90,175.0,20.0,100.0,160.0,37.5,0,1,30.0,Gas,0.0,298.0,298.0,Fail,87.5,8.75,2916.666666666667
Argon,1,90,175.0,20.0,100.0,160.0,35.0,0,1,30.0,Gas,0.0,298.0,298.0,Fail,87.5,8.75,2916.666666666667
Argon,1,90,175.0,20.0,100.0,160.0,32.5,0,1,30.0,Gas,0.0,298.0,298.0,Fail,87.5,8.75,2916.666666666667
Argon,1,90,175.0,20.0,100.0,160.0,30.0,0,1,30.0,Gas,0.0,298.0,298.0,Fail,87.5,8.75,2916.666666666667
Argon,1,90,175.0,20.0,100.0,160.0,27.5,0,1,30.0,Gas,0.0,298.0,298.0,Fail,87.5,8.75,2916.666666666667
Argon,1,90,175.0,20.0,100.0,160.0,25.0,0,1,30.0,Gas,0.0,298.0,298.0,Fail,87.5,8.75,2916.666666666667
Argon,1,90,175.0,20.0,100.0,160.0,22.5,0,1,30.0,Gas,0.0,298.0,298.0,Fail,87.5,8.75,2916.666666666667
Argon,1,90,50.0,0.06,100.0,70.0,20.0,0,1,50.0,Gas,0.0,298.0,298.0,Fail,8333.333333333334,833.3333333333334,166666.6666666667
Argon,1,90,50.0,0.08,100.0,70.0,20.0,0,1,50.0,Gas,0.0,298.0,298.0,Fail,6250.0,625.0,125000.00000000001
Argon,1,90,50.0,0.1,100.0,70.0,20.0,0,1,50.0,Gas,0.0,298.0,298.0,Fail,5000.0,500.0,100000.0
Argon,1,90,50.0,0.12,100.0,70.0,20.0,0,1,50.0,Gas,0.0,298.0,298.0,Fail,4166.666666666667,416.6666666666667,83333.33333333334
Argon,1,90,50.0,0.14,100.0,70.0,20.0,0,1,50.0,Gas,0.0,298.0,298.0,Fail,3571.428571428571,357.1428571428571,71428.57142857142
Argon,1,90,50.0,0.16,100.0,70.0,20.0,0,1,50.0,Gas,0.0,298.0,298.0,Fail,3125.0,312.5,62500.00000000001
Argon,1,90,50.0,0.18,100.0,70.0,20.0,0,1,50.0,Gas,0.0,298.0,298.0,Fail,2777.7777777777774,277.77777777777777,55555.555555555555
Argon,1,90,50.0,0.2,100.0,70.0,20.0,0,1,50.0,Gas,0.0,298.0,298.0,Fail,2500.0,250.0,50000.0
Argon,1,90,50.0,0.22,100.0,70.0,20.0,0,1,50.0,Gas,0.0,298.0,298.0,Fail,2272.727272727273,227.27272727272728,45454.54545454546
Argon,1,90,50.0,0.24,100.0,70.0,20.0,0,1,50.0,Gas,0.0,298.0,298.0,Fail,2083.3333333333335,208.33333333333334,41666.66666666667
Argon,1,90,5.0,0.14,100.0,70.0,20.0,0,1,50.0,Gas,0.0,298.0,298.0,Fail,357.1428571428571,35.71428571428571,7142.857142857142
Argon,1,90,10.0,0.14,100.0,70.0,20.0,0,1,50.0,Gas,0.0,298.0,298.0,Fail,714.2857142857142,71.42857142857142,14285.714285714284
Argon,1,90,15.0,0.14,100.0,70.0,20.0,0,1,50.0,Gas,0.0,298.0,298.0,Fail,1071.4285714285713,107.14285714285714,21428.571428571424
Argon,1,90,20.0,0.14,100.0,70.0,20.0,0,1,50.0,Gas,0.0,298.0,298.0,Fail,1428.5714285714284,142.85714285714283,28571.42857142857
Argon,1,90,25.0,0.14,100.0,70.0,20.0,0,1,50.0,Gas,0.0,298.0,298.0,Fail,1785.7142857142856,178.57142857142856,35714.28571428571
Argon,1,90,30.0,0.14,100.0,70.0,20.0,0,1,50.0,Gas,0.0,298.0,298.0,Fail,2142.8571428571427,214.28571428571428,42857.14285714285
Argon,1,90,35.0,0.14,100.0,70.0,20.0,0,1,50.0,Gas,0.0,298.0,298.0,Fail,2499.9999999999995,249.99999999999997,49999.99999999999
Argon,1,90,40.0,0.14,100.0,70.0,20.0,0,1,50.0,Gas,0.0,298.0,298.0,Fail,2857.142857142857,285.71428571428567,57142.85714285714
Argon,1,90,45.0,0.14,100.0,70.0,20.0,0,1,50.0,Gas,0.0,298.0,298.0,Fail,3214.2857142857138,321.4285714285714,64285.714285714275
Argon,1,90,5.0,0.08,100.0,70.0,20.0,0,1,50.0,Gas,0.0,298.0,298.0,Fail,625.0,62.5,12500.000000000002
Argon,1,90,10.0,0.08,100.0,70.0,20.0,0,1,50.0,Gas,0.0,298.0,298.0,Fail,1250.0,125.0,25000.000000000004
Argon,1,90,15.0,0.08,100.0,70.0,20.0,0,1,50.0,Gas,0.0,298.0,298.0,Fail,1875.0,187.5,37500.0
Argon,1,90,20.0,0.08,100.0,70.0,20.0,0,1,50.0,Gas,0.0,298.0,298.0,Fail,2500.0,250.0,50000.00000000001
Argon,1,90,25.0,0.08,100.0,70.0,20.0,0,1,50.0,Gas,0.0,298.0,298.0,Fail,3125.0,312.5,62500.00000000001
Argon,1,90,30.0,0.08,100.0,70.0,20.0,0,1,50.0,Gas,0.0,298.0,298.0,Fail,3750.0,375.0,75000.0
Argon,1,90,35.0,0.08,100.0,70.0,20.0,0,1,50.0,Gas,0.0,298.0,298.0,Fail,4375.0,437.5,87500.00000000001
Argon,1,90,40.0,0.08,100.0,70.0,20.0,0,1,50.0,Gas,0.0,298.0,298.0,Fail,5000.0,500.0,100000.00000000001
Argon,1,90,45.0,0.08,100.0,70.0,20.0,0,1,50.0,Gas,0.0,298.0,298.0,Fail,5625.0,562.5,112500.00000000001
Argon,1,90,35.0,0.18,100.0,70.0,20.0,0,1,50.0,Gas,0.0,298.0,298.0,Fail,1944.4444444444441,194.44444444444446,38888.88888888889
Argon,1,90,40.0,0.18,100.0,70.0,20.0,0,1,50.0,Gas,0.0,298.0,298.0,Fail,2222.222222222222,222.22222222222223,44444.444444444445
Argon,1,90,45.0,0.18,100.0,70.0,20.0,0,1,50.0,Gas,0.0,298.0,298.0,Fail,2499.9999999999995,250.0,50000.0
Argon,1,90,25.0,0.18,100.0,70.0,20.0,0,1,50.0,Gas,0.0,298.0,298.0,Fail,1388.8888888888887,138.88888888888889,27777.777777777777
Argon,1,90,30.0,0.18,100.0,70.0,20.0,0,1,50.0,Gas,0.0,298.0,298.0,Fail,1666.6666666666665,166.66666666666669,33333.333333333336
Argon,1,90,206.0,0.09,75.0,80.0,53.0,0,1,115.29100000000001,Gas,0.0,298.0,298.0,Fail,30518.51851851852,2288.888888888889,264708.59406647977
Argon,1,90,206.0,0.09,90.0,80.0,53.0,0,1,115.54100000000001,Gas,0.0,298.0,298.0,Fail,25432.0987654321,2288.888888888889,220113.1958822591
Argon,1,90,206.0,0.09,105.0,80.0,53.0,0,1,116.00433333333335,Gas,0.0,298.0,298.0,Fail,21798.9417989418,2288.888888888889,187914.8922506498
Argon,1,90,206.0,0.11,75.0,80.0,53.0,0,1,122.96666666666667,Gas,0.0,298.0,298.0,Fail,24969.696969696968,1872.7272727272727,203060.6964193302
Argon,1,90,206.0,0.11,90.0,80.0,53.0,0,1,123.25,Gas,0.0,298.0,298.0,Fail,20808.080808080806,1872.7272727272727,168828.24185055422
Argon,1,90,206.0,0.11,105.0,80.0,53.0,0,1,121.38333333333334,Gas,0.0,298.0,298.0,Fail,17835.497835497834,1872.7272727272727,146935.31101604697
Argon,1,90,206.0,0.13,75.0,80.0,53.0,0,1,123.25,Gas,0.0,298.0,298.0,Fail,21128.20512820513,1584.6153846153845,171425.59941748585
Argon,1,90,206.0,0.13,90.0,80.0,53.0,0,1,121.31666666666666,Gas,0.0,298.0,298.0,Fail,17606.837606837602,1584.6153846153845,145131.23456659657
Argon,1,90,206.0,0.13,105.0,80.0,53.0,0,1,108.75,Gas,0.0,298.0,298.0,Fail,15091.57509157509,1584.6153846153845,138773.10429034568
Argon,1,90,252.0,0.09,75.0,80.0,53.0,0,1,115.421,Gas,0.0,298.0,298.0,Fail,37333.333333333336,2800.0,323453.5598663444
Argon,1,90,252.0,0.09,90.0,80.0,53.0,0,1,115.33766666666668,Gas,0.0,298.0,298.0,Fail,31111.111111111113,2800.0,269739.3835877072
Argon,1,90,252.0,0.09,105.0,80.0,53.0,0,1,115.73433333333334,Gas,0.0,298.0,298.0,Fail,26666.666666666668,2800.0,230412.75565015277
Argon,1,90,252.0,0.11,75.0,80.0,53.0,0,1,124.0,Gas,0.0,298.0,298.0,Fail,30545.454545454544,2290.909090909091,246334.31085043988
Argon,1,90,252.0,0.11,90.0,80.0,53.0,0,1,124.21666666666667,Gas,0.0,298.0,298.0,Fail,25454.545454545452,2290.909090909091,204920.53230547797
Argon,1,90,252.0,0.11,105.0,80.0,53.0,0,1,124.55666666666667,Gas,0.0,298.0,298.0,Fail,21818.181818181816,2290.909090909091,175166.71248573725
Argon,1,90,252.0,0.13,75.0,80.0,53.0,0,1,124.48,Gas,0.0,298.0,298.0,Fail,25846.153846153848,1938.4615384615383,207632.98398259838
Argon,1,90,252.0,0.13,90.0,80.0,53.0,0,1,124.76333333333334,Gas,0.0,298.0,298.0,Fail,21538.461538461535,1938.4615384615383,172634.54705010715
Argon,1,90,252.0,0.13,105.0,80.0,53.0,0,1,124.59666666666666,Gas,0.0,298.0,298.0,Fail,18461.53846153846,1938.4615384615383,148170.40419651513
Argon,1,90,298.0,0.09,75.0,80.0,53.0,0,1,80.691,Gas,0.0,298.0,298.0,Fail,44148.148148148146,3311.1111111111113,547126.0505898817
Argon,1,90,298.0,0.09,90.0,80.0,53.0,0,1,80.291,Gas,0.0,298.0,298.0,Fail,36790.12345679013,3311.1111111111113,458209.80504402897
Argon,1,90,298.0,0.09,105.0,80.0,53.0,0,1,80.41433333333333,Gas,0.0,298.0,298.0,Fail,31534.391534391536,3311.1111111111113,392148.8897218763
Argon,1,90,298.0,0.11,75.0,80.0,53.0,0,1,124.34666666666666,Gas,0.0,298.0,298.0,Fail,36121.21212121212,2709.090909090909,290487.98081609583
Argon,1,90,298.0,0.11,90.0,80.0,53.0,0,1,124.56333333333333,Gas,0.0,298.0,298.0,Fail,30101.0101010101,2709.090909090909,241652.25267743398
Argon,1,90,298.0,0.11,105.0,80.0,53.0,0,1,124.68,Gas,0.0,298.0,298.0,Fail,25800.8658008658,2709.090909090909,206936.68431878247
Argon,1,90,298.0,0.13,75.0,80.0,53.0,0,1,124.51333333333334,Gas,0.0,298.0,298.0,Fail,30564.102564102563,2292.3076923076924,245468.51124995368
Argon,1,90,298.0,0.13,90.0,80.0,53.0,0,1,124.73,Gas,0.0,298.0,298.0,Fail,25470.085470085465,2292.3076923076924,204201.75956133625
Argon,1,90,298.0,0.13,105.0,80.0,53.0,0,1,124.91333333333333,Gas,0.0,298.0,298.0,Fail,21831.50183150183,2292.3076923076924,174773.19073092143
Argon,1,90,169.0,0.875,100.0,80.0,53.21212121212121,0,1,20.0,Gas,0.0,298.0,298.0,Fail,1931.4285714285713,193.14285714285714,96571.42857142858
Argon,1,90,195.0,0.875,100.0,80.0,53.42424242424242,0,1,20.0,Gas,0.0,298.0,298.0,Fail,2228.5714285714284,222.85714285714286,111428.57142857143
Argon,1,90,182.0,0.875,90.0,80.0,53.63636363636363,0,1,20.0,Gas,0.0,298.0,298.0,Fail,2311.1111111111113,208.0,115555.55555555555
Argon,1,90,182.0,0.725,110.0,80.0,53.84848484848485,0,1,20.0,Gas,0.0,298.0,298.0,Fail,2282.131661442006,251.0344827586207,114106.58307210033
Argon,1,90,195.0,0.8,110.0,80.0,54.06060606060606,0,1,20.0,Gas,0.0,298.0,298.0,Fail,2215.909090909091,243.75,110795.45454545456
Argon,1,90,182.0,0.725,90.0,80.0,54.27272727272727,0,1,20.0,Gas,0.0,298.0,298.0,Fail,2789.272030651341,251.0344827586207,139463.60153256706
Argon,1,90,182.0,0.8,100.0,80.0,54.484848484848484,0,1,20.0,Gas,0.0,298.0,298.0,Fail,2275.0,227.5,113750.00000000001
Argon,1,90,182.0,0.8,100.0,80.0,54.696969696969695,0,1,20.0,Gas,0.0,298.0,298.0,Fail,2275.0,227.5,113750.00000000001
Argon,1,90,195.0,0.725,100.0,80.0,54.90909090909091,0,1,20.0,Gas,0.0,298.0,298.0,Fail,2689.6551724137935,268.9655172413793,134482.75862068965
Argon,1,90,182.0,0.8,100.0,80.0,55.121212121212125,0,1,20.0,Gas,0.0,298.0,298.0,Fail,2275.0,227.5,113750.00000000001
Argon,1,90,182.0,0.875,110.0,80.0,55.333333333333336,0,1,20.0,Gas,0.0,298.0,298.0,Fail,1890.9090909090908,208.0,94545.45454545456
Argon,1,90,169.0,0.725,100.0,80.0,55.54545454545455,0,1,20.0,Gas,0.0,298.0,298.0,Fail,2331.034482758621,233.10344827586206,116551.72413793104
Argon,1,90,169.0,0.8,90.0,80.0,55.75757575757576,0,1,20.0,Gas,0.0,298.0,298.0,Fail,2347.222222222222,211.25,117361.11111111112
Argon,1,90,169.0,0.8,110.0,80.0,55.96969696969697,0,1,20.0,Gas,0.0,298.0,298.0,Fail,1920.4545454545455,211.25,96022.72727272728
Argon,1,90,195.0,0.8,90.0,80.0,56.18181818181818,0,1,20.0,Gas,0.0,298.0,298.0,Fail,2708.333333333333,243.75,135416.6666666667
Argon,1,90,195.0,0.8,100.0,80.0,56.39393939393939,0,1,20.0,Gas,0.0,298.0,298.0,Fail,2437.5,243.75,121875.00000000001
Argon,1,90,169.0,0.725,100.0,80.0,56.60606060606061,0,1,20.0,Gas,0.0,298.0,298.0,Fail,2331.034482758621,233.10344827586206,116551.72413793104
Argon,1,90,195.0,0.725,100.0,80.0,56.81818181818182,0,1,20.0,Gas,0.0,298.0,298.0,Fail,2689.6551724137935,268.9655172413793,134482.75862068965
Argon,1,90,169.0,0.8,90.0,80.0,57.03030303030303,0,1,20.0,Gas,0.0,298.0,298.0,Fail,2347.222222222222,211.25,117361.11111111112
Argon,1,90,182.0,0.8,100.0,80.0,57.24242424242424,0,1,20.0,Gas,0.0,298.0,298.0,Fail,2275.0,227.5,113750.00000000001
Argon,1,90,182.0,0.725,110.0,80.0,57.45454545454545,0,1,20.0,Gas,0.0,298.0,298.0,Fail,2282.131661442006,251.0344827586207,114106.58307210033
Argon,1,90,169.0,0.875,100.0,80.0,57.666666666666664,0,1,20.0,Gas,0.0,298.0,298.0,Fail,1931.4285714285713,193.14285714285714,96571.42857142858
Argon,1,90,195.0,0.8,90.0,80.0,57.878787878787875,0,1,20.0,Gas,0.0,298.0,298.0,Fail,2708.333333333333,243.75,135416.6666666667
Argon,1,90,195.0,0.875,100.0,80.0,58.09090909090909,0,1,20.0,Gas,0.0,298.0,298.0,Fail,2228.5714285714284,222.85714285714286,111428.57142857143
Argon,1,90,182.0,0.8,100.0,80.0,58.303030303030305,0,1,20.0,Gas,0.0,298.0,298.0,Fail,2275.0,227.5,113750.00000000001
Argon,1,90,182.0,0.8,100.0,80.0,58.515151515151516,0,1,20.0,Gas,0.0,298.0,298.0,Fail,2275.0,227.5,113750.00000000001
Argon,1,90,195.0,0.8,110.0,80.0,58.72727272727273,0,1,20.0,Gas,0.0,298.0,298.0,Fail,2215.909090909091,243.75,110795.45454545456
Argon,1,90,182.0,0.875,90.0,80.0,58.93939393939394,0,1,20.0,Gas,0.0,298.0,298.0,Fail,2311.1111111111113,208.0,115555.55555555555
Argon,1,90,182.0,0.725,90.0,80.0,59.15151515151515,0,1,20.0,Gas,0.0,298.0,298.0,Fail,2789.272030651341,251.0344827586207,139463.60153256706
Argon,1,90,182.0,0.875,110.0,80.0,59.36363636363637,0,1,20.0,Gas,0.0,298.0,298.0,Fail,1890.9090909090908,208.0,94545.45454545456
Argon,1,90,169.0,0.8,110.0,80.0,59.57575757575758,0,1,20.0,Gas,0.0,298.0,298.0,Fail,1920.4545454545455,211.25,96022.72727272728
Argon,1,90,195.0,0.8,100.0,80.0,59.78787878787879,0,1,20.0,Gas,0.0,298.0,298.0,Fail,2437.5,243.75,121875.00000000001
Argon,1,90,200.0,1.0,200.0,80.0,60.0,0,0.7,30.0,Gas,0.0,298.0,298.0,Fail,1000.0,200.0,33333.333333333336
Nitrogen,1,90,170.0,0.1,700.0,75.0,57.1,0,0.4,20.0,Gas,0.0,298.0,298.0,Fail,2428.5714285714284,1700.0,121428.57142857143
Nitrogen,1,90,170.0,0.2,700.0,75.0,57.1,0,0.4,20.0,Gas,0.0,298.0,298.0,Fail,1214.2857142857142,850.0,60714.28571428572
Nitrogen,1,90,170.0,0.3,700.0,75.0,57.1,0,0.4,20.0,Gas,0.0,298.0,298.0,Fail,809.5238095238095,566.6666666666667,40476.19047619048
Nitrogen,1,90,170.0,0.4,700.0,75.0,57.1,0,0.4,20.0,Gas,0.0,298.0,298.0,Fail,607.1428571428571,425.0,30357.14285714286
Nitrogen,1,90,170.0,0.5,700.0,75.0,57.1,0,0.4,20.0,Gas,0.0,298.0,298.0,Fail,485.71428571428567,340.0,24285.71428571429
Nitrogen,1,90,170.0,0.6,700.0,75.0,57.1,0,0.4,20.0,Gas,0.0,298.0,298.0,Fail,404.76190476190476,283.33333333333337,20238.09523809524
Nitrogen,1,90,170.0,0.7,700.0,75.0,57.1,0,0.4,20.0,Gas,0.0,298.0,298.0,Fail,346.93877551020415,242.85714285714286,17346.938775510207
Nitrogen,1,90,170.0,0.8,700.0,75.0,57.1,0,0.4,20.0,Gas,0.0,298.0,298.0,Success,303.57142857142856,212.5,15178.57142857143
Nitrogen,1,90,170.0,1.0,700.0,75.0,57.1,0,0.4,20.0,Gas,0.0,298.0,298.0,Success,242.85714285714283,170.0,12142.857142857145
Nitrogen,1,90,170.0,1.2,700.0,75.0,57.1,0,0.4,20.0,Gas,0.0,298.0,298.0,Fail,202.38095238095238,141.66666666666669,10119.04761904762
Nitrogen,1,90,170.0,1.4,700.0,75.0,57.1,0,0.4,20.0,Gas,0.0,298.0,298.0,Fail,173.46938775510208,121.42857142857143,8673.469387755104
Nitrogen,1,90,120.0,0.1,700.0,75.0,57.1,0,0.4,20.0,Gas,0.0,298.0,298.0,Fail,1714.2857142857142,1200.0,85714.28571428571
Nitrogen,1,90,120.0,0.2,700.0,75.0,57.1,0,0.4,20.0,Gas,0.0,298.0,298.0,Fail,857.1428571428571,600.0,42857.142857142855
Nitrogen,1,90,120.0,0.3,700.0,75.0,57.1,0,0.4,20.0,Gas,0.0,298.0,298.0,Fail,571.4285714285714,400.0,28571.428571428572
Nitrogen,1,90,120.0,0.4,700.0,75.0,57.1,0,0.4,20.0,Gas,0.0,298.0,298.0,Success,428.57142857142856,300.0,21428.571428571428
Nitrogen,1,90,120.0,0.5,700.0,75.0,57.1,0,0.4,20.0,Gas,0.0,298.0,298.0,Success,342.85714285714283,240.0,17142.857142857145
Nitrogen,1,90,120.0,0.6,700.0,75.0,57.1,0,0.4,20.0,Gas,0.0,298.0,298.0,Success,285.7142857142857,200.0,14285.714285714286
Nitrogen,1,90,120.0,0.8,700.0,75.0,57.1,0,0.4,20.0,Gas,0.0,298.0,298.0,Success,214.28571428571428,150.0,10714.285714285714
Nitrogen,1,90,120.0,1.0,700.0,75.0,57.1,0,0.4,20.0,Gas,0.0,298.0,298.0,Fail,171.42857142857142,120.0,8571.428571428572
Nitrogen,1,90,170.0,1.6,700.0,75.0,57.1,0,0.4,20.0,Gas,0.0,298.0,298.0,Fail,151.78571428571428,106.25,7589.285714285715
Nitrogen,1,90,170.0,1.8,700.0,75.0,57.1,0,0.4,20.0,Gas,0.0,298.0,298.0,Fail,134.9206349206349,94.44444444444444,6746.031746031746
Nitrogen,1,90,220.0,0.1,700.0,75.0,57.1,0,0.4,20.0,Gas,0.0,298.0,298.0,Fail,3142.8571428571427,2200.0,157142.85714285713
Nitrogen,1,90,220.0,0.2,700.0,75.0,57.1,0,0.4,20.0,Gas,0.0,298.0,298.0,Fail,1571.4285714285713,1100.0,78571.42857142857
Nitrogen,1,90,220.0,0.3,700.0,75.0,57.1,0,0.4,20.0,Gas,0.0,298.0,298.0,Fail,1047.6190476190477,733.3333333333334,52380.95238095238
Nitrogen,1,90,220.0,0.4,700.0,75.0,57.1,0,0.4,20.0,Gas,0.0,298.0,298.0,Fail,785.7142857142857,550.0,39285.71428571428
Nitrogen,1,90,220.0,0.5,700.0,75.0,57.1,0,0.4,20.0,Gas,0.0,298.0,298.0,Fail,628.5714285714286,440.0,31428.57142857143
Nitrogen,1,90,220.0,0.6,700.0,75.0,57.1,0,0.4,20.0,Gas,0.0,298.0,298.0,Fail,523.8095238095239,366.6666666666667,26190.47619047619
Nitrogen,1,90,220.0,0.8,700.0,75.0,57.1,0,0.4,20.0,Gas,0.0,298.0,298.0,Fail,392.85714285714283,275.0,19642.85714285714
Nitrogen,1,90,220.0,1.0,700.0,75.0,57.1,0,0.4,20.0,Gas,0.0,298.0,298.0,Fail,314.2857142857143,220.0,15714.285714285716
Nitrogen,1,90,220.0,1.2,700.0,75.0,57.1,0,0.4,20.0,Gas,0.0,298.0,298.0,Fail,261.9047619047619,183.33333333333334,13095.238095238095
Nitrogen,1,90,220.0,1.4,700.0,75.0,57.1,0,0.4,20.0,Gas,0.0,298.0,298.0,Fail,224.48979591836738,157.14285714285714,11224.489795918369
Nitrogen,1,90,220.0,1.6,700.0,75.0,57.1,0,0.4,20.0,Gas,0.0,298.0,298.0,Fail,196.42857142857142,137.5,9821.42857142857
Nitrogen,1,90,220.0,1.8,700.0,75.0,57.1,0,0.4,20.0,Gas,0.0,298.0,298.0,Fail,174.6031746031746,122.22222222222221,8730.15873015873
Nitrogen,1,90,270.0,0.1,700.0,75.0,57.1,0,0.4,20.0,Gas,0.0,298.0,298.0,Fail,3857.142857142857,2700.0,192857.14285714287
Nitrogen,1,90,270.0,0.2,700.0,75.0,57.1,0,0.4,20.0,Gas,0.0,298.0,298.0,Fail,1928.5714285714284,1350.0,96428.57142857143
Nitrogen,1,90,270.0,0.3,700.0,75.0,57.1,0,0.4,20.0,Gas,0.0,298.0,298.0,Fail,1285.7142857142858,900.0,64285.71428571429
Nitrogen,1,90,270.0,0.4,700.0,75.0,57.1,0,0.4,20.0,Gas,0.0,298.0,298.0,Fail,964.2857142857142,675.0,48214.28571428572
Nitrogen,1,90,270.0,0.5,700.0,75.0,57.1,0,0.4,20.0,Gas,0.0,298.0,298.0,Fail,771.4285714285713,540.0,38571.42857142857
Nitrogen,1,90,270.0,0.6,700.0,75.0,57.1,0,0.4,20.0,Gas,0.0,298.0,298.0,Fail,642.8571428571429,450.0,32142.857142857145
Nitrogen,1,90,270.0,0.8,700.0,75.0,57.1,0,0.4,20.0,Gas,0.0,298.0,298.0,Fail,482.1428571428571,337.5,24107.14285714286
Nitrogen,1,90,270.0,1.0,700.0,75.0,57.1,0,0.4,20.0,Gas,0.0,298.0,298.0,Fail,385.71428571428567,270.0,19285.714285714286
Nitrogen,1,90,270.0,1.2,700.0,75.0,57.1,0,0.4,20.0,Gas,0.0,298.0,298.0,Fail,321.42857142857144,225.0,16071.428571428572
Nitrogen,1,90,270.0,1.4,700.0,75.0,57.1,0,0.4,20.0,Gas,0.0,298.0,298.0,Fail,275.5102040816327,192.85714285714286,13775.510204081636
Nitrogen,1,90,270.0,1.6,700.0,75.0,57.1,0,0.4,20.0,Gas,0.0,298.0,298.0,Fail,241.07142857142856,168.75,12053.57142857143
Nitrogen,1,90,270.0,1.8,700.0,75.0,57.1,0,0.4,20.0,Gas,0.0,298.0,298.0,Fail,214.28571428571428,150.0,10714.285714285714
Nitrogen,1,90,270.0,2.0,700.0,75.0,57.1,0,0.4,20.0,Gas,0.0,298.0,298.0,Fail,192.85714285714283,135.0,9642.857142857143
Nitrogen,1,90,320.0,0.1,700.0,75.0,57.1,0,0.4,20.0,Gas,0.0,298.0,298.0,Fail,4571.428571428571,3200.0,228571.42857142858
Nitrogen,1,90,320.0,0.2,700.0,75.0,57.1,0,0.4,20.0,Gas,0.0,298.0,298.0,Fail,2285.7142857142853,1600.0,114285.71428571429
Nitrogen,1,90,320.0,0.3,700.0,75.0,57.1,0,0.4,20.0,Gas,0.0,298.0,298.0,Fail,1523.8095238095239,1066.6666666666667,76190.4761904762
Nitrogen,1,90,320.0,0.4,700.0,75.0,57.1,0,0.4,20.0,Gas,0.0,298.0,298.0,Fail,1142.8571428571427,800.0,57142.857142857145
Nitrogen,1,90,320.0,0.5,700.0,75.0,57.1,0,0.4,20.0,Gas,0.0,298.0,298.0,Fail,914.2857142857142,640.0,45714.28571428572
Nitrogen,1,90,320.0,0.6,700.0,75.0,57.1,0,0.4,20.0,Gas,0.0,298.0,298.0,Fail,761.9047619047619,533.3333333333334,38095.2380952381
Nitrogen,1,90,320.0,0.8,700.0,75.0,57.1,0,0.4,20.0,Gas,0.0,298.0,298.0,Fail,571.4285714285713,400.0,28571.428571428572
Nitrogen,1,90,320.0,1.6,700.0,75.0,57.1,0,0.4,20.0,Gas,0.0,298.0,298.0,Fail,285.71428571428567,200.0,14285.714285714286
Nitrogen,1,90,320.0,1.8,700.0,75.0,57.1,0,0.4,20.0,Gas,0.0,298.0,298.0,Fail,253.96825396825398,177.77777777777777,12698.412698412698
Nitrogen,1,90,320.0,2.0,700.0,75.0,57.1,0,0.4,20.0,Gas,0.0,298.0,298.0,Fail,228.57142857142856,160.0,11428.57142857143
Nitrogen,1,90,320.0,2.2,700.0,75.0,57.1,0,0.4,20.0,Gas,0.0,298.0,298.0,Fail,207.79220779220776,145.45454545454544,10389.610389610389
Nitrogen,1,90,320.0,2.4,700.0,75.0,57.1,0,0.4,20.0,Gas,0.0,298.0,298.0,Fail,190.47619047619048,133.33333333333334,9523.809523809525
Nitrogen,1,90,120.0,1.0,700.0,75.0,57.1,0,0.4,20.0,Gas,0.0,298.0,298.0,Success,171.42857142857142,120.0,8571.428571428572
Nitrogen,1,90,120.0,1.2,700.0,75.0,57.1,0,0.4,20.0,Gas,0.0,298.0,298.0,Success,142.85714285714286,100.0,7142.857142857143
Nitrogen,1,90,170.0,1.2,700.0,75.0,57.1,0,0.4,20.0,Gas,0.0,298.0,298.0,Success,202.38095238095238,141.66666666666669,10119.04761904762
Nitrogen,1,90,170.0,1.4,700.0,75.0,57.1,0,0.4,20.0,Gas,0.0,298.0,298.0,Success,173.46938775510208,121.42857142857143,8673.469387755104
Nitrogen,1,90,170.0,1.6,700.0,75.0,57.1,0,0.4,20.0,Gas,0.0,298.0,298.0,Success,151.78571428571428,106.25,7589.285714285715
Nitrogen,1,90,220.0,1.2,700.0,75.0,57.1,0,0.4,20.0,Gas,0.0,298.0,298.0,Success,261.9047619047619,183.33333333333334,13095.238095238095
Nitrogen,1,90,220.0,1.4,700.0,75.0,57.1,0,0.4,20.0,Gas,0.0,298.0,298.0,Success,224.48979591836738,157.14285714285714,11224.489795918369
Nitrogen,1,90,220.0,1.6,700.0,75.0,57.1,0,0.4,20.0,Gas,0.0,298.0,298.0,Success,196.42857142857142,137.5,9821.42857142857
Nitrogen,1,90,220.0,1.8,700.0,75.0,57.1,0,0.4,20.0,Gas,0.0,298.0,298.0,Success,174.6031746031746,122.22222222222221,8730.15873015873
Nitrogen,1,90,220.0,2.0,700.0,75.0,57.1,0,0.4,20.0,Gas,0.0,298.0,298.0,Success,157.14285714285714,110.0,7857.142857142858
Nitrogen,1,90,270.0,1.6,700.0,75.0,57.1,0,0.4,20.0,Gas,0.0,298.0,298.0,Success,241.07142857142856,168.75,12053.57142857143
Nitrogen,1,90,270.0,1.8,700.0,75.0,57.1,0,0.4,20.0,Gas,0.0,298.0,298.0,Success,214.28571428571428,150.0,10714.285714285714
Nitrogen,1,90,270.0,2.0,700.0,75.0,57.1,0,0.4,20.0,Gas,0.0,298.0,298.0,Success,192.85714285714283,135.0,9642.857142857143
Nitrogen,1,90,270.0,2.2,700.0,75.0,57.1,0,0.4,20.0,Gas,0.0,298.0,298.0,Success,175.3246753246753,122.72727272727272,8766.233766233767
Nitrogen,1,90,270.0,2.4,700.0,75.0,57.1,0,0.4,20.0,Gas,0.0,298.0,298.0,Success,160.71428571428572,112.5,8035.714285714286
Nitrogen,1,90,270.0,2.6,700.0,75.0,57.1,0,0.4,20.0,Gas,0.0,298.0,298.0,Success,148.35164835164835,103.84615384615384,7417.582417582417
Nitrogen,1,90,320.0,2.0,700.0,75.0,57.1,0,0.4,20.0,Gas,0.0,298.0,298.0,Success,228.57142857142856,160.0,11428.57142857143
Nitrogen,1,90,320.0,2.2,700.0,75.0,57.1,0,0.4,20.0,Gas,0.0,298.0,298.0,Success,207.79220779220776,145.45454545454544,10389.610389610389
Nitrogen,1,90,320.0,2.4,700.0,75.0,57.1,0,0.4,20.0,Gas,0.0,298.0,298.0,Success,190.47619047619048,133.33333333333334,9523.809523809525
Nitrogen,1,90,320.0,2.6,700.0,75.0,57.1,0,0.4,20.0,Gas,0.0,298.0,298.0,Success,175.82417582417582,123.07692307692307,8791.20879120879
Nitrogen,1,90,250.0,0.2,150.0,85.0,44.25,0,0.5,40.0,Gas,0.0,298.0,298.0,Success,8333.333333333334,1250.0,208333.33333333334
Nitrogen,1,90,250.0,0.2,150.0,85.0,40.84,0,0.5,40.0,Gas,0.0,298.0,298.0,Fail,8333.333333333334,1250.0,208333.33333333334
Nitrogen,1,90,500.0,0.188,150.0,85.0,40.84,0,0.5,40.0,Gas,0.0,298.0,298.0,Success,17730.49645390071,2659.574468085106,443262.4113475178
Nitrogen,1,90,375.0,0.2,150.0,85.0,40.84,0,0.5,40.0,Gas,0.0,298.0,298.0,Success,12500.0,1875.0,312500.0
Nitrogen,1,90,155.0,0.49,110.0,65.0,45.65,0,0.5,40.0,Gas,0.0,298.0,298.0,Success,2875.69573283859,316.3265306122449,71892.39332096475
Argon,1,90,200.0,0.2,100.0,43.0,48.1,0,1,30.0,Gas,0.0,298.0,298.0,Fail,10000.0,1000.0,333333.3333333334
Argon,1,90,200.0,0.22,100.0,43.0,48.1,0,1,30.0,Gas,0.0,298.0,298.0,Fail,9090.909090909092,909.0909090909091,303030.30303030304
Argon,1,90,200.0,0.23,100.0,43.0,48.1,0,1,30.0,Gas,0.0,298.0,298.0,Fail,8695.652173913044,869.5652173913043,289855.0724637681
Argon,1,90,200.0,0.25,100.0,43.0,48.1,0,1,30.0,Gas,0.0,298.0,298.0,Fail,8000.0,800.0,266666.6666666667
Argon,1,90,200.0,0.26,100.0,43.0,48.1,0,1,30.0,Gas,0.0,298.0,298.0,Fail,7692.3076923076915,769.2307692307692,256410.2564102564
Argon,1,90,150.0,0.12,100.0,43.0,48.1,0,1,30.0,Gas,0.0,298.0,298.0,Fail,12500.0,1250.0,416666.6666666667
Argon,1,90,200.0,0.32,100.0,43.0,48.1,0,1,30.0,Gas,0.0,298.0,298.0,Fail,6250.0,625.0,208333.33333333334
Argon,1,90,200.0,0.4,100.0,43.0,48.1,0,1,30.0,Gas,0.0,298.0,298.0,Fail,5000.0,500.0,166666.6666666667
Argon,1,90,150.0,0.14,100.0,43.0,48.1,0,1,30.0,Gas,0.0,298.0,298.0,Fail,10714.285714285712,1071.4285714285713,357142.8571428571
Argon,1,90,150.0,0.16,100.0,43.0,48.1,0,1,30.0,Gas,0.0,298.0,298.0,Fail,9375.0,937.5,312500.0
Argon,1,90,150.0,0.17,100.0,43.0,48.1,0,1,30.0,Gas,0.0,298.0,298.0,Fail,8823.529411764704,882.3529411764705,294117.64705882355
Argon,1,90,150.0,0.18,100.0,43.0,48.1,0,1,30.0,Gas,0.0,298.0,298.0,Fail,8333.333333333332,833.3333333333334,277777.77777777775
Argon,1,90,150.0,0.19,100.0,43.0,48.1,0,1,30.0,Gas,0.0,298.0,298.0,Fail,7894.736842105263,789.4736842105264,263157.89473684214
Argon,1,90,150.0,0.2,100.0,43.0,48.1,0,1,30.0,Gas,0.0,298.0,298.0,Fail,7500.0,750.0,250000.00000000003
Argon,1,90,150.0,0.21,100.0,43.0,48.1,0,1,30.0,Gas,0.0,298.0,298.0,Fail,7142.857142857142,714.2857142857143,238095.23809523814
Argon,1,90,150.0,0.25,100.0,43.0,48.1,0,1,30.0,Gas,0.0,298.0,298.0,Fail,6000.0,600.0,200000.0
Argon,1,90,150.0,0.26,100.0,43.0,48.1,0,1,30.0,Gas,0.0,298.0,298.0,Fail,5769.230769230769,576.9230769230769,192307.6923076923
Argon,1,90,150.0,0.32,100.0,43.0,48.1,0,1,30.0,Gas,0.0,298.0,298.0,Fail,4687.5,468.75,156250.0
Argon,1,90,100.0,0.14,100.0,43.0,48.1,0,1,30.0,Gas,0.0,298.0,298.0,Fail,7142.857142857142,714.2857142857142,238095.23809523808
Argon,1,90,100.0,0.12,100.0,43.0,48.1,0,1,30.0,Gas,0.0,298.0,298.0,Fail,8333.333333333334,833.3333333333334,277777.7777777778
Argon,1,90,100.0,0.1,100.0,43.0,48.1,0,1,30.0,Gas,0.0,298.0,298.0,Fail,10000.0,1000.0,333333.3333333334
Argon,1,90,100.0,0.09,100.0,43.0,48.1,0,1,29.983333333333334,Gas,0.0,298.0,298.0,Fail,11111.11111111111,1111.111111111111,370576.24606262735
Argon,1,90,100.0,0.08,100.0,43.0,48.1,0,1,29.966666666666665,Gas,0.0,298.0,298.0,Fail,12500.0,1250.0,417130.14460511686
Argon,1,90,100.0,0.07,100.0,43.0,48.1,0,1,29.696666666666665,Gas,0.0,298.0,298.0,Fail,14285.714285714284,1428.5714285714284,481054.47140131163
Argon,1,90,100.0,0.06,100.0,43.0,48.1,0,1,30.063333333333333,Gas,0.0,298.0,298.0,Fail,16666.666666666668,1666.6666666666667,554385.186827808
Argon,1,90,100.0,0.05,100.0,43.0,48.1,0,1,30.023333333333333,Gas,0.0,298.0,298.0,Fail,20000.0,2000.0,666148.5511269013
Argon,1,90,150.0,0.05,100.0,43.0,48.1,0,1,30.063333333333333,Gas,0.0,298.0,298.0,Fail,30000.0,3000.0,997893.3362900545
Argon,1,90,150.0,0.06,100.0,43.0,48.1,0,1,30.063333333333333,Gas,0.0,298.0,298.0,Fail,25000.0,2500.0,831577.780241712
Argon,1,90,150.0,0.07,100.0,43.0,48.1,0,1,29.696666666666665,Gas,0.0,298.0,298.0,Fail,21428.571428571424,2142.8571428571427,721581.7071019674
Argon,1,90,150.0,0.08,100.0,43.0,48.1,0,1,30.066666666666666,Gas,0.0,298.0,298.0,Fail,18750.0,1875.0,623614.1906873614
Argon,1,90,150.0,0.09,100.0,43.0,48.1,0,1,29.983333333333334,Gas,0.0,298.0,298.0,Fail,16666.666666666664,1666.6666666666667,555864.3690939411
Argon,1,90,150.0,0.1,100.0,43.0,48.1,0,1,30.0,Gas,0.0,298.0,298.0,Fail,15000.0,1500.0,500000.00000000006
Argon,1,90,200.0,0.04,100.0,43.0,48.1,0,1,35.483333333333334,Gas,0.0,298.0,298.0,Fail,50000.0,5000.0,1409112.2592766557
Argon,1,90,200.0,0.05,100.0,43.0,48.1,0,1,30.676666666666666,Gas,0.0,298.0,298.0,Fail,40000.0,4000.0,1303922.6339237208
Argon,1,90,200.0,0.06,100.0,43.0,48.1,0,1,30.063333333333333,Gas,0.0,298.0,298.0,Fail,33333.333333333336,3333.3333333333335,1108770.373655616
Argon,1,90,200.0,0.07,100.0,43.0,48.1,0,1,29.963333333333335,Gas,0.0,298.0,298.0,Fail,28571.42857142857,2857.142857142857,953546.3979784816
Argon,1,90,200.0,0.08,100.0,43.0,48.1,0,1,30.066666666666666,Gas,0.0,298.0,298.0,Fail,25000.0,2500.0,831485.5875831486
Argon,1,90,200.0,0.09,100.0,43.0,48.1,0,1,29.966666666666665,Gas,0.0,298.0,298.0,Fail,22222.22222222222,2222.222222222222,741564.7015202077
Argon,1,90,200.0,0.1,100.0,43.0,48.1,0,1,29.966666666666665,Gas,0.0,298.0,298.0,Fail,20000.0,2000.0,667408.231368187
Argon,1,90,200.0,0.12,100.0,43.0,48.1,0,1,30.0,Gas,0.0,298.0,298.0,Fail,16666.666666666668,1666.6666666666667,555555.5555555556
Argon,1,90,200.0,0.13,100.0,43.0,48.1,0,1,30.0,Gas,0.0,298.0,298.0,Fail,15384.615384615383,1538.4615384615383,512820.5128205128
Argon,1,90,200.0,0.14,100.0,43.0,48.1,0,1,30.0,Gas,0.0,298.0,298.0,Fail,14285.714285714284,1428.5714285714284,476190.47619047615
Argon,1,90,200.0,0.15,100.0,43.0,48.1,0,1,30.0,Gas,0.0,298.0,298.0,Fail,13333.333333333334,1333.3333333333335,444444.44444444444
Argon,1,90,200.0,0.16,100.0,43.0,48.1,0,1,30.0,Gas,0.0,298.0,298.0,Fail,12500.0,1250.0,416666.6666666667
Argon,1,90,200.0,0.17,100.0,43.0,48.1,0,1,30.0,Gas,0.0,298.0,298.0,Fail,11764.70588235294,1176.4705882352941,392156.8627450981
Argon,1,90,200.0,0.18,100.0,43.0,48.1,0,1,30.0,Gas,0.0,298.0,298.0,Fail,11111.11111111111,1111.111111111111,370370.3703703704
Argon,1,90,250.0,0.2,50.0,70.0,48.1,0,0.9,80.0,Gas,0.0,298.0,473.15,Fail,25000.0,1250.0,312500.0
Argon,1,90,300.0,0.2,50.0,70.0,48.1,0,0.9,80.0,Gas,0.0,298.0,473.15,Success,30000.0,1500.0,375000.00000000006
Argon,1,90,350.0,0.2,50.0,70.0,48.1,0,0.9,80.0,Gas,0.0,298.0,473.15,Fail,35000.0,1750.0,437500.00000000006
Argon,1,90,400.0,0.2,50.0,70.0,48.1,0,0.9,80.0,Gas,0.0,298.0,473.15,Fail,40000.0,2000.0,500000.00000000006
Argon,1,90,450.0,0.2,50.0,70.0,48.1,0,0.9,80.0,Gas,0.0,298.0,473.15,Fail,45000.0,2250.0,562500.0
Argon,1,90,450.0,0.3,50.0,70.0,48.1,0,0.9,80.0,Gas,0.0,298.0,473.15,Fail,30000.0,1500.0,375000.00000000006
Argon,1,90,450.0,0.4,50.0,70.0,48.1,0,0.9,80.0,Gas,0.0,298.0,473.15,Fail,22500.0,1125.0,281250.0
Argon,1,90,450.0,0.5,50.0,70.0,48.1,0,0.9,80.0,Gas,0.0,298.0,473.15,Fail,18000.0,900.0,225000.0
Argon,1,90,350.0,0.2,100.0,80.0,48.1,0,1,45.42899999999995,Gas,0.0,298.0,298.0,Fail,17500.0,1750.0,385216.491668318
Argon,1,90,300.0,0.05,100.0,50.0,48.1,0,1,42.46666666666667,Gas,0.0,298.0,298.0,Fail,60000.0,6000.0,1412872.84144427
Argon,1,90,300.0,0.1,100.0,50.0,48.1,0,1,43.772666666666645,Gas,0.0,298.0,298.0,Fail,30000.0,3000.0,685359.2043741151
Argon,1,90,300.0,0.3,100.0,50.0,48.1,0,1,46.183999999999976,Gas,0.0,298.0,298.0,Fail,10000.0,1000.0,216525.20353369144
Argon,1,90,450.0,0.1,100.0,50.0,48.1,0,1,90.65666666666667,Gas,0.0,298.0,298.0,Fail,45000.0,4500.0,496378.2770158474
Argon,1,90,450.0,0.3,100.0,50.0,48.1,0,1,59.09966666666666,Gas,0.0,298.0,298.0,Fail,15000.0,1500.0,253808.5381192224
Argon,1,90,185.0,0.05,100.0,43.0,48.1,0,1,30.0,Gas,0.0,298.0,298.0,Fail,37000.0,3700.0,1233333.3333333335
Argon,1,90,185.0,0.057,100.0,43.0,48.1,0,1,30.0,Gas,0.0,298.0,298.0,Fail,32456.14035087719,3245.614035087719,1081871.3450292398
Argon,1,90,185.0,0.066,100.0,43.0,48.1,0,1,30.0,Gas,0.0,298.0,298.0,Fail,28030.30303030303,2803.030303030303,934343.4343434343
Argon,1,90,185.0,0.067,100.0,43.0,48.1,0,1,30.0,Gas,0.0,298.0,298.0,Fail,27611.940298507463,2761.194029850746,920398.0099502489
Argon,1,90,185.0,0.08,100.0,43.0,48.1,0,1,30.0,Gas,0.0,298.0,298.0,Fail,23125.0,2312.5,770833.3333333334
Argon,1,90,185.0,0.087,100.0,43.0,48.1,0,1,30.0,Gas,0.0,298.0,298.0,Fail,21264.367816091955,2126.4367816091954,708812.2605363985
Argon,1,90,185.0,0.1,100.0,43.0,48.1,0,1,30.0,Gas,0.0,298.0,298.0,Fail,18500.0,1850.0,616666.6666666667
Argon,1,90,185.0,0.12,100.0,43.0,48.1,0,1,30.0,Gas,0.0,298.0,298.0,Fail,15416.666666666666,1541.6666666666667,513888.88888888893
Argon,1,90,185.0,0.079,100.0,43.0,48.1,0,1,30.0,Gas,0.0,298.0,298.0,Fail,23417.72151898734,2341.772151898734,780590.7172995781
Argon,1,90,185.0,0.13,100.0,43.0,48.1,0,1,30.0,Gas,0.0,298.0,298.0,Fail,14230.769230769229,1423.076923076923,474358.9743589744
Argon,1,90,185.0,0.14,100.0,43.0,48.1,0,1,30.0,Gas,0.0,298.0,298.0,Fail,13214.285714285712,1321.4285714285713,440476.1904761905
Argon,1,90,185.0,0.16,100.0,43.0,48.1,0,1,30.0,Gas,0.0,298.0,298.0,Fail,11562.5,1156.25,385416.6666666667
Argon,1,90,185.0,0.17,100.0,43.0,48.1,0,1,30.0,Gas,0.0,298.0,298.0,Fail,10882.35294117647,1088.235294117647,362745.0980392157
Argon,1,90,185.0,0.18,100.0,43.0,48.1,0,1,30.0,Gas,0.0,298.0,298.0,Fail,10277.777777777777,1027.7777777777778,342592.5925925926
Argon,1,90,185.0,0.2,100.0,43.0,48.1,0,1,30.0,Gas,0.0,298.0,298.0,Fail,9250.0,925.0,308333.3333333334
Argon,1,90,185.0,0.117,100.0,43.0,48.1,0,1,30.0,Gas,0.0,298.0,298.0,Fail,15811.965811965809,1581.196581196581,527065.527065527
Argon,1,90,185.0,0.125,100.0,43.0,48.1,0,1,30.0,Gas,0.0,298.0,298.0,Fail,14800.0,1480.0,493333.3333333333
Argon,1,90,185.0,0.143,100.0,43.0,48.1,0,1,30.0,Gas,0.0,298.0,298.0,Fail,12937.062937062938,1293.7062937062938,431235.43123543134
Argon,1,90,185.0,0.167,100.0,43.0,48.1,0,1,30.0,Gas,0.0,298.0,298.0,Fail,11077.844311377246,1107.7844311377246,369261.4770459082
Argon,1,90,185.0,0.163,100.0,43.0,48.1,0,1,30.0,Gas,0.0,298.0,298.0,Fail,11349.693251533741,1134.9693251533743,378323.1083844581
Argon,1,90,185.0,0.162,100.0,43.0,48.1,0,1,30.0,Gas,0.0,298.0,298.0,Fail,11419.753086419754,1141.9753086419753,380658.4362139918
Argon,1,90,185.0,0.166,100.0,43.0,48.1,0,1,30.0,Gas,0.0,298.0,298.0,Fail,11144.578313253012,1114.4578313253012,371485.94377510034
Argon,1,90,185.0,0.175,100.0,43.0,48.1,0,1,30.0,Gas,0.0,298.0,298.0,Fail,10571.42857142857,1057.142857142857,352380.9523809524
Argon,1,90,185.0,0.186,100.0,43.0,48.1,0,1,30.0,Gas,0.0,298.0,298.0,Fail,9946.236559139785,994.6236559139785,331541.2186379928
Argon,1,90,185.0,0.217,100.0,43.0,48.1,0,1,30.0,Gas,0.0,298.0,298.0,Fail,8525.345622119816,852.5345622119816,284178.18740399386
Argon,1,90,185.0,0.229,100.0,43.0,48.1,0,1,30.0,Gas,0.0,298.0,298.0,Fail,8078.602620087335,807.8602620087336,269286.75400291116
Argon,1,90,185.0,0.25,100.0,43.0,48.1,0,1,30.0,Gas,0.0,298.0,298.0,Fail,7400.0,740.0,246666.66666666666
Argon,1,90,185.0,0.26,100.0,43.0,48.1,0,1,30.0,Gas,0.0,298.0,298.0,Fail,7115.384615384614,711.5384615384615,237179.4871794872
Argon,1,90,185.0,0.267,100.0,43.0,48.1,0,1,30.0,Gas,0.0,298.0,298.0,Fail,6928.8389513108605,692.8838951310861,230961.2983770287
Argon,1,90,185.0,0.32,100.0,43.0,48.1,0,1,30.0,Gas,0.0,298.0,298.0,Fail,5781.25,578.125,192708.33333333334
Argon,1,90,185.0,0.325,100.0,43.0,48.1,0,1,30.0,Gas,0.0,298.0,298.0,Fail,5692.307692307692,569.2307692307692,189743.58974358975
Argon,1,90,185.0,0.4,100.0,43.0,48.1,0,1,30.0,Gas,0.0,298.0,298.0,Fail,4625.0,462.5,154166.6666666667
Argon,1,90,200.0,0.05,100.0,43.0,48.1,0,1,30.0,Gas,0.0,298.0,298.0,Fail,40000.0,4000.0,1333333.3333333335
Argon,1,90,200.0,0.06,100.0,43.0,48.1,0,1,30.0,Gas,0.0,298.0,298.0,Fail,33333.333333333336,3333.3333333333335,1111111.1111111112
Argon,1,90,200.0,0.07,100.0,43.0,48.1,0,1,30.0,Gas,0.0,298.0,298.0,Fail,28571.42857142857,2857.142857142857,952380.9523809523
Argon,1,90,200.0,0.08,100.0,43.0,48.1,0,1,30.0,Gas,0.0,298.0,298.0,Fail,25000.0,2500.0,833333.3333333334
Argon,1,90,200.0,0.09,100.0,43.0,48.1,0,1,30.0,Gas,0.0,298.0,298.0,Fail,22222.22222222222,2222.222222222222,740740.7407407408
Argon,1,90,200.0,0.1,100.0,43.0,48.1,0,1,30.0,Gas,0.0,298.0,298.0,Fail,20000.0,2000.0,666666.6666666667
Argon,1,90,200.0,0.143,100.0,43.0,48.1,0,1,30.0,Gas,0.0,298.0,298.0,Fail,13986.013986013988,1398.6013986013986,466200.4662004663
Argon,1,90,200.0,0.142,100.0,43.0,48.1,0,1,30.0,Gas,0.0,298.0,298.0,Fail,14084.507042253523,1408.4507042253522,469483.56807511736
Argon,1,90,200.0,0.162,100.0,43.0,48.1,0,1,30.0,Gas,0.0,298.0,298.0,Fail,12345.67901234568,1234.567901234568,411522.633744856
Argon,1,90,200.0,0.167,100.0,43.0,48.1,0,1,30.0,Gas,0.0,298.0,298.0,Fail,11976.047904191617,1197.6047904191616,399201.5968063873
Argon,1,90,200.0,0.175,100.0,43.0,48.1,0,1,30.0,Gas,0.0,298.0,298.0,Fail,11428.571428571428,1142.857142857143,380952.38095238095
Argon,1,90,200.0,0.186,100.0,43.0,48.1,0,1,30.0,Gas,0.0,298.0,298.0,Fail,10752.68817204301,1075.268817204301,358422.93906810036
Argon,1,90,200.0,0.216,100.0,43.0,48.1,0,1,30.0,Gas,0.0,298.0,298.0,Fail,9259.25925925926,925.925925925926,308641.975308642
Argon,1,90,200.0,0.229,100.0,43.0,48.1,0,1,30.0,Gas,0.0,298.0,298.0,Fail,8733.62445414847,873.3624454148471,291120.8151382823
Argon,1,90,200.0,0.267,100.0,43.0,48.1,0,1,30.0,Gas,0.0,298.0,298.0,Fail,7490.636704119849,749.063670411985,249687.89013732833
Argon,1,90,200.0,0.33,100.0,43.0,48.1,0,1,30.0,Gas,0.0,298.0,298.0,Fail,6060.60606060606,606.060606060606,202020.20202020204
Argon,1,90,150.0,0.05,100.0,43.0,48.1,0,1,30.0,Gas,0.0,298.0,298.0,Fail,30000.0,3000.0,1000000.0000000001
Argon,1,90,150.0,0.057,100.0,43.0,48.1,0,1,30.0,Gas,0.0,298.0,298.0,Fail,26315.78947368421,2631.578947368421,877192.9824561405
Argon,1,90,150.0,0.066,100.0,43.0,48.1,0,1,30.0,Gas,0.0,298.0,298.0,Fail,22727.272727272724,2272.7272727272725,757575.7575757576
Argon,1,90,150.0,0.08,100.0,43.0,48.1,0,1,30.0,Gas,0.0,298.0,298.0,Fail,18750.0,1875.0,625000.0
Argon,1,90,150.0,0.0877,100.0,43.0,48.1,0,1,30.0,Gas,0.0,298.0,298.0,Fail,17103.76282782212,1710.376282782212,570125.4275940708
Argon,1,90,150.0,0.124,100.0,43.0,48.1,0,1,30.0,Gas,0.0,298.0,298.0,Fail,12096.774193548386,1209.6774193548388,403225.8064516129
Argon,1,90,150.0,0.142,100.0,43.0,48.1,0,1,30.0,Gas,0.0,298.0,298.0,Fail,10563.38028169014,1056.3380281690143,352112.676056338
Argon,1,90,150.0,0.143,100.0,43.0,48.1,0,1,30.0,Gas,0.0,298.0,298.0,Fail,10489.51048951049,1048.951048951049,349650.3496503497
Argon,1,90,150.0,0.162,100.0,43.0,48.1,0,1,30.0,Gas,0.0,298.0,298.0,Fail,9259.25925925926,925.9259259259259,308641.97530864197
Argon,1,90,150.0,0.167,100.0,43.0,48.1,0,1,30.0,Gas,0.0,298.0,298.0,Fail,8982.035928143712,898.2035928143712,299401.19760479045
Argon,1,90,150.0,0.175,100.0,43.0,48.1,0,1,30.0,Gas,0.0,298.0,298.0,Fail,8571.42857142857,857.1428571428572,285714.28571428574
Argon,1,90,150.0,0.186,100.0,43.0,48.1,0,1,30.0,Gas,0.0,298.0,298.0,Fail,8064.516129032258,806.4516129032259,268817.20430107525
Argon,1,90,150.0,0.217,100.0,43.0,48.1,0,1,30.0,Gas,0.0,298.0,298.0,Fail,6912.442396313364,691.2442396313364,230414.7465437788
Argon,1,90,150.0,0.229,100.0,43.0,48.1,0,1,30.0,Gas,0.0,298.0,298.0,Fail,6550.218340611353,655.0218340611353,218340.61135371175
Argon,1,90,150.0,0.267,100.0,43.0,48.1,0,1,30.0,Gas,0.0,298.0,298.0,Fail,5617.977528089887,561.7977528089888,187265.91760299625
Argon,1,90,100.0,0.05,100.0,43.0,48.1,0,1,30.0,Gas,0.0,298.0,298.0,Fail,20000.0,2000.0,666666.6666666667
Argon,1,90,100.0,0.057,100.0,43.0,48.1,0,1,30.0,Gas,0.0,298.0,298.0,Fail,17543.859649122805,1754.3859649122805,584795.321637427
Argon,1,90,100.0,0.066,100.0,43.0,48.1,0,1,30.0,Gas,0.0,298.0,298.0,Fail,15151.51515151515,1515.151515151515,505050.505050505
Argon,1,90,100.0,0.08,100.0,43.0,48.1,0,1,30.0,Gas,0.0,298.0,298.0,Fail,12500.0,1250.0,416666.6666666667
Argon,1,90,100.0,0.088,100.0,43.0,48.1,0,1,30.0,Gas,0.0,298.0,298.0,Fail,11363.636363636366,1136.3636363636365,378787.8787878789
Argon,1,90,100.0,0.117,100.0,43.0,48.1,0,1,30.0,Gas,0.0,298.0,298.0,Fail,8547.008547008545,854.7008547008546,284900.2849002849
Argon,1,90,100.0,0.125,100.0,43.0,48.1,0,1,30.0,Gas,0.0,298.0,298.0,Fail,8000.0,800.0,266666.6666666667
Argon,1,90,100.0,0.143,100.0,43.0,48.1,0,1,30.0,Gas,0.0,298.0,298.0,Fail,6993.006993006994,699.3006993006993,233100.23310023316
Argon,1,90,100.0,0.163,100.0,43.0,48.1,0,1,30.0,Gas,0.0,298.0,298.0,Fail,6134.969325153374,613.4969325153374,204498.9775051125
Argon,1,90,100.0,0.166,100.0,43.0,48.1,0,1,30.0,Gas,0.0,298.0,298.0,Fail,6024.096385542169,602.4096385542168,200803.21285140558
Argon,1,90,100.0,0.174,100.0,43.0,48.1,0,1,30.0,Gas,0.0,298.0,298.0,Fail,5747.126436781609,574.7126436781609,191570.88122605364
Argon,1,90,150.0,0.4,100.0,43.0,48.1,0,1,30.0,Gas,0.0,298.0,298.0,Fail,3750.0,375.0,125000.00000000001
Argon,1,90,150.0,0.325,100.0,43.0,48.1,0,1,30.0,Gas,0.0,298.0,298.0,Fail,4615.384615384615,461.53846153846155,153846.15384615384
Argon,1,90,100.0,0.186,100.0,43.0,48.1,0,1,30.0,Gas,0.0,298.0,298.0,Fail,5376.344086021505,537.6344086021505,179211.46953405018
Argon,1,90,100.0,0.2,100.0,43.0,48.1,0,1,30.0,Gas,0.0,298.0,298.0,Fail,5000.0,500.0,166666.6666666667
Argon,1,90,100.0,0.217,100.0,43.0,48.1,0,1,30.0,Gas,0.0,298.0,298.0,Fail,4608.294930875576,460.8294930875576,153609.83102918588
Argon,1,90,100.0,0.229,100.0,43.0,48.1,0,1,30.0,Gas,0.0,298.0,298.0,Fail,4366.812227074235,436.68122270742356,145560.40756914116
Argon,1,90,100.0,0.25,100.0,43.0,48.1,0,1,30.0,Gas,0.0,298.0,298.0,Fail,4000.0,400.0,133333.33333333334
Argon,1,90,100.0,0.26,100.0,43.0,48.1,0,1,30.0,Gas,0.0,298.0,298.0,Fail,3846.1538461538457,384.6153846153846,128205.1282051282
Argon,1,90,100.0,0.267,100.0,43.0,48.1,0,1,30.0,Gas,0.0,298.0,298.0,Fail,3745.3183520599246,374.5318352059925,124843.94506866416
Argon,1,90,100.0,0.32,100.0,43.0,48.1,0,1,30.0,Gas,0.0,298.0,298.0,Fail,3125.0,312.5,104166.66666666667
Argon,1,90,100.0,0.33,100.0,43.0,48.1,0,1,30.0,Gas,0.0,298.0,298.0,Fail,3030.30303030303,303.030303030303,101010.10101010102
Argon,1,90,100.0,0.4,100.0,43.0,48.1,0,1,30.0,Gas,0.0,298.0,298.0,Fail,2500.0,250.0,83333.33333333334
Argon,1,90,200.0,10.0,115.0,43.0,48.1,0,0.8,30.0,Plasma,0.0,298.0,298.0,Fail,173.91304347826085,20.0,5797.101449275363
Argon,1,90,200.0,6.896551724137931,115.0,43.0,48.1,0,0.8,30.0,Plasma,0.0,298.0,298.0,Fail,252.17391304347828,29.000000000000004,8405.797101449278
Argon,1,90,200.0,10.0,135.0,43.0,48.1,0,0.8,30.0,Plasma,0.0,298.0,298.0,Fail,148.14814814814815,20.0,4938.271604938272
Argon,1,90,200.0,6.896551724137931,135.0,43.0,48.1,0,0.8,30.0,Plasma,0.0,298.0,298.0,Fail,214.81481481481484,29.000000000000004,7160.493827160495
Argon,1,90,200.0,10.0,155.0,43.0,48.1,0,0.8,30.0,Plasma,0.0,298.0,298.0,Fail,129.03225806451613,20.0,4301.075268817204
Argon,1,90,200.0,6.896551724137931,155.0,43.0,48.1,0,0.8,30.0,Plasma,0.0,298.0,298.0,Fail,187.0967741935484,29.000000000000004,6236.559139784947
Argon,1,90,100.0,0.01,100.0,600.0,75.0,0,1,295.6666666666667,Gas,0.0,298.0,298.0,Fail,100000.0,10000.0,338218.7147688839
Argon,1,90,240.0,0.08,100.0,600.0,75.0,0,1,289.1666666666667,Gas,0.0,298.0,298.0,Fail,30000.0,3000.0,103746.3976945245
Argon,1,90,50.0,0.05,100.0,80.0,39.02,0,1,40.0,Gas,0.0,298.0,298.0,Fail,10000.0,1000.0,250000.00000000003
Argon,1,90,100.0,0.05,100.0,80.0,39.02,0,1,40.0,Gas,0.0,298.0,298.0,Fail,20000.0,2000.0,500000.00000000006
Argon,1,90,150.0,0.05,100.0,80.0,39.02,0,1,40.0,Gas,0.0,298.0,298.0,Fail,30000.0,3000.0,750000.0000000001
Argon,1,90,200.0,0.05,100.0,80.0,39.02,0,1,40.0,Gas,0.0,298.0,298.0,Fail,40000.0,4000.0,1000000.0000000001
Argon,1,90,150.0,0.06,80.0,80.0,39.02,0,1,40.0,Gas,0.0,298.0,298.0,Fail,31250.000000000004,2500.0,781250.0
Argon,1,90,150.0,0.06,80.0,80.0,30.775000000000002,0,1,40.0,Gas,5.0,298.0,298.0,Fail,31250.000000000004,2500.0,781250.0
Argon,1,90,100.0,0.1,40.0,34.0,22.53,0,1,50.0,Gas,0.0,298.0,298.0,Success,25000.0,1000.0,500000.00000000006
Argon,1,90,100.0,0.2,40.0,34.0,22.53,0,1,50.0,Gas,0.0,298.0,298.0,Success,12500.0,500.0,250000.00000000003
Argon,1,90,100.0,0.3,40.0,34.0,22.53,0,1,50.0,Gas,0.0,298.0,298.0,Success,8333.333333333334,333.33333333333337,166666.6666666667
Argon,1,90,60.0,0.1,40.0,34.0,22.53,0,1,50.0,Gas,0.0,298.0,298.0,Fail,15000.0,600.0,300000.0
Argon,1,90,60.0,0.2,40.0,34.0,22.53,0,1,50.0,Gas,0.0,298.0,298.0,Fail,7500.0,300.0,150000.0
Argon,1,90,60.0,0.3,40.0,34.0,22.53,0,1,50.0,Gas,0.0,298.0,298.0,Fail,5000.0,200.0,100000.00000000001
Argon,1,90,80.0,0.1,40.0,34.0,22.53,0,1,50.0,Gas,0.0,298.0,298.0,Fail,20000.0,800.0,400000.00000000006
Argon,1,90,80.0,0.2,40.0,34.0,22.53,0,1,50.0,Gas,0.0,298.0,298.0,Fail,10000.0,400.0,200000.00000000003
Argon,1,90,80.0,0.3,40.0,34.0,22.53,0,1,50.0,Gas,0.0,298.0,298.0,Fail,6666.666666666667,266.6666666666667,133333.33333333334
Argon,1,90,80.0,0.4,40.0,34.0,22.53,0,1,50.0,Gas,0.0,298.0,298.0,Fail,5000.0,200.0,100000.00000000001
Argon,1,90,80.0,0.5,40.0,34.0,22.53,0,1,50.0,Gas,0.0,298.0,298.0,Fail,4000.0,160.0,80000.0
Argon,1,90,80.0,0.6,40.0,34.0,22.53,0,1,50.0,Gas,0.0,298.0,298.0,Fail,3333.3333333333335,133.33333333333334,66666.66666666667
Argon,1,90,80.0,0.7,40.0,34.0,22.53,0,1,50.0,Gas,0.0,298.0,298.0,Fail,2857.142857142857,114.28571428571429,57142.857142857145
Argon,1,90,80.0,0.8,40.0,34.0,22.53,0,1,50.0,Gas,0.0,298.0,298.0,Fail,2500.0,100.0,50000.00000000001
Argon,1,90,80.0,0.9,40.0,34.0,22.53,0,1,50.0,Gas,0.0,298.0,298.0,Fail,2222.222222222222,88.88888888888889,44444.444444444445
Argon,1,90,80.0,1.0,40.0,34.0,22.53,0,1,50.0,Gas,0.0,298.0,298.0,Fail,2000.0,80.0,40000.0
Argon,1,90,80.0,1.1,40.0,34.0,22.53,0,1,50.0,Gas,0.0,298.0,298.0,Fail,1818.1818181818182,72.72727272727272,36363.63636363637
Argon,1,90,80.0,1.2,40.0,34.0,22.53,0,1,50.0,Gas,0.0,298.0,298.0,Fail,1666.6666666666667,66.66666666666667,33333.333333333336
Argon,1,90,80.0,1.3,40.0,34.0,22.53,0,1,50.0,Gas,0.0,298.0,298.0,Fail,1538.4615384615383,61.53846153846153,30769.23076923077
Argon,1,90,80.0,1.4,40.0,34.0,22.53,0,1,50.0,Gas,0.0,298.0,298.0,Fail,1428.5714285714284,57.142857142857146,28571.428571428572
Argon,1,90,80.0,1.5,40.0,34.0,22.53,0,1,50.0,Gas,0.0,298.0,298.0,Fail,1333.3333333333335,53.333333333333336,26666.666666666668
Argon,1,90,100.0,0.4,40.0,34.0,22.53,0,1,50.0,Gas,0.0,298.0,298.0,Fail,6250.0,250.0,125000.00000000001
Argon,1,90,100.0,0.5,40.0,34.0,22.53,0,1,50.0,Gas,0.0,298.0,298.0,Fail,5000.0,200.0,100000.0
Argon,1,90,100.0,0.6,40.0,34.0,22.53,0,1,50.0,Gas,0.0,298.0,298.0,Fail,4166.666666666667,166.66666666666669,83333.33333333334
Argon,1,90,100.0,0.7,40.0,34.0,22.53,0,1,50.0,Gas,0.0,298.0,298.0,Fail,3571.4285714285716,142.85714285714286,71428.57142857143
Argon,1,90,100.0,0.8,40.0,34.0,22.53,0,1,50.0,Gas,0.0,298.0,298.0,Fail,3125.0,125.0,62500.00000000001
Argon,1,90,100.0,0.9,40.0,34.0,22.53,0,1,50.0,Gas,0.0,298.0,298.0,Fail,2777.7777777777774,111.11111111111111,55555.555555555555
Argon,1,90,100.0,1.0,40.0,34.0,22.53,0,1,50.0,Gas,0.0,298.0,298.0,Fail,2500.0,100.0,50000.0
Argon,1,90,100.0,1.1,40.0,34.0,22.53,0,1,50.0,Gas,0.0,298.0,298.0,Fail,2272.727272727273,90.9090909090909,45454.54545454546
Argon,1,90,100.0,1.2,40.0,34.0,22.53,0,1,50.0,Gas,0.0,298.0,298.0,Fail,2083.3333333333335,83.33333333333334,41666.66666666667
Argon,1,90,100.0,1.3,40.0,34.0,22.53,0,1,50.0,Gas,0.0,298.0,298.0,Fail,1923.0769230769229,76.92307692307692,38461.53846153846
Argon,1,90,100.0,1.4,40.0,34.0,22.53,0,1,50.0,Gas,0.0,298.0,298.0,Fail,1785.7142857142858,71.42857142857143,35714.28571428572
Argon,1,90,100.0,1.5,40.0,34.0,22.53,0,1,50.0,Gas,0.0,298.0,298.0,Fail,1666.6666666666667,66.66666666666667,33333.333333333336
Argon,1,90,60.0,0.4,40.0,34.0,22.53,0,1,50.0,Gas,0.0,298.0,298.0,Fail,3750.0,150.0,75000.0
Argon,1,90,500.0,1.5,100.0,80.0,55.0,0,1,30.0,Gas,0.0,298.0,298.0,Fail,3333.3333333333335,333.3333333333333,111111.11111111112
Argon,1,90,200.0,0.2,100.0,100.0,53.0,0,1,31.899747474747475,Gas,0.0,298.0,298.0,Fail,10000.0,1000.0,313482.1053964836
Argon,1,90,200.0,0.4,100.0,100.0,53.0,0,1,71.7969696969697,Gas,0.0,298.0,298.0,Fail,5000.0,500.0,69640.82218376736
Argon,1,90,200.0,0.6,100.0,100.0,53.0,0,1,30.623333333333335,Gas,0.0,298.0,298.0,Fail,3333.3333333333335,333.33333333333337,108849.46119516708
Argon,1,90,200.0,0.8,100.0,100.0,53.0,0,1,30.6,Gas,0.0,298.0,298.0,Fail,2500.0,250.0,81699.34640522876
Argon,1,90,200.0,1.0,100.0,100.0,53.0,0,1,30.3,Gas,0.0,298.0,298.0,Fail,2000.0,200.0,66006.60066006602
Argon,1,90,180.0,0.6,100.0,100.0,53.0,0,1,31.333333333333332,Gas,0.0,298.0,298.0,Fail,3000.0,300.0,95744.68085106384
Argon,1,90,160.0,0.6,100.0,100.0,53.0,0,1,30.0,Gas,0.0,298.0,298.0,Fail,2666.666666666667,266.6666666666667,88888.88888888889
Argon,1,90,100.0,0.01,100.0,200.0,56.0,0,1,100.0,Gas,0.0,298.0,298.0,Fail,100000.0,10000.0,1000000.0000000001
Argon,1,90,100.0,0.02,100.0,200.0,56.0,0,1,100.0,Gas,0.0,298.0,298.0,Fail,50000.0,5000.0,500000.00000000006
Argon,1,90,100.0,0.03,100.0,200.0,56.0,0,1,100.0,Gas,0.0,298.0,298.0,Fail,33333.333333333336,3333.3333333333335,333333.3333333334
Argon,1,90,100.0,0.04,100.0,200.0,56.0,0,1,100.0,Gas,0.0,298.0,298.0,Fail,25000.0,2500.0,250000.00000000003
Argon,1,90,100.0,0.05,100.0,200.0,56.0,0,1,100.0,Gas,0.0,298.0,298.0,Fail,20000.0,2000.0,200000.0
Argon,1,90,100.0,0.06,100.0,200.0,56.0,0,1,100.0,Gas,0.0,298.0,298.0,Fail,16666.666666666668,1666.6666666666667,166666.6666666667
Argon,1,90,100.0,0.07,100.0,200.0,56.0,0,1,100.0,Gas,0.0,298.0,298.0,Fail,14285.714285714284,1428.5714285714284,142857.14285714284
Argon,1,90,100.0,0.08,100.0,200.0,56.0,0,1,100.0,Gas,0.0,298.0,298.0,Fail,12500.0,1250.0,125000.00000000001
Argon,1,90,100.0,0.09,100.0,200.0,56.0,0,1,100.0,Gas,0.0,298.0,298.0,Fail,11111.11111111111,1111.111111111111,111111.11111111111
Argon,1,90,200.0,0.01,100.0,200.0,56.0,0,1,100.0,Gas,0.0,298.0,298.0,Fail,200000.0,20000.0,2000000.0000000002
Argon,1,90,200.0,0.02,100.0,200.0,56.0,0,1,100.0,Gas,0.0,298.0,298.0,Fail,100000.0,10000.0,1000000.0000000001
Argon,1,90,200.0,0.03,100.0,200.0,56.0,0,1,100.0,Gas,0.0,298.0,298.0,Fail,66666.66666666667,6666.666666666667,666666.6666666667
Argon,1,90,200.0,0.04,100.0,200.0,56.0,0,1,100.0,Gas,0.0,298.0,298.0,Fail,50000.0,5000.0,500000.00000000006
Argon,1,90,200.0,0.05,100.0,200.0,56.0,0,1,100.0,Gas,0.0,298.0,298.0,Fail,40000.0,4000.0,400000.0
Argon,1,90,200.0,0.06,100.0,200.0,56.0,0,1,100.0,Gas,0.0,298.0,298.0,Fail,33333.333333333336,3333.3333333333335,333333.3333333334
Argon,1,90,200.0,0.07,100.0,200.0,56.0,0,1,100.0,Gas,0.0,298.0,298.0,Fail,28571.42857142857,2857.142857142857,285714.2857142857
Argon,1,90,200.0,0.08,100.0,200.0,56.0,0,1,100.0,Gas,0.0,298.0,298.0,Fail,25000.0,2500.0,250000.00000000003
Argon,1,90,200.0,0.09,100.0,200.0,56.0,0,1,100.0,Gas,0.0,298.0,298.0,Fail,22222.22222222222,2222.222222222222,222222.22222222222
Argon,1,90,300.0,0.01,100.0,200.0,56.0,0,1,100.0,Gas,0.0,298.0,298.0,Fail,300000.0,30000.0,3000000.0000000005
Argon,1,90,300.0,0.02,100.0,200.0,56.0,0,1,100.0,Gas,0.0,298.0,298.0,Fail,150000.0,15000.0,1500000.0000000002
Argon,1,90,300.0,0.03,100.0,200.0,56.0,0,1,100.0,Gas,0.0,298.0,298.0,Fail,100000.0,10000.0,1000000.0000000001
Argon,1,90,300.0,0.04,100.0,200.0,56.0,0,1,100.0,Gas,0.0,298.0,298.0,Fail,75000.0,7500.0,750000.0000000001
Argon,1,90,300.0,0.05,100.0,200.0,56.0,0,1,100.0,Gas,0.0,298.0,298.0,Fail,60000.0,6000.0,600000.0
Argon,1,90,300.0,0.06,100.0,200.0,56.0,0,1,100.0,Gas,0.0,298.0,298.0,Fail,50000.0,5000.0,500000.00000000006
Argon,1,90,300.0,0.07,100.0,200.0,56.0,0,1,100.0,Gas,0.0,298.0,298.0,Fail,42857.14285714285,4285.714285714285,428571.4285714285
Argon,1,90,300.0,0.08,100.0,200.0,56.0,0,1,100.0,Gas,0.0,298.0,298.0,Fail,37500.0,3750.0,375000.00000000006
Argon,1,90,300.0,0.09,100.0,200.0,56.0,0,1,100.0,Gas,0.0,298.0,298.0,Fail,33333.33333333333,3333.3333333333335,333333.3333333333
Argon,1,90,400.0,0.01,100.0,200.0,56.0,0,1,100.0,Gas,0.0,298.0,298.0,Fail,400000.0,40000.0,4000000.0000000005
Argon,1,90,400.0,0.02,100.0,200.0,56.0,0,1,100.0,Gas,0.0,298.0,298.0,Fail,200000.0,20000.0,2000000.0000000002
Argon,1,90,400.0,0.03,100.0,200.0,56.0,0,1,100.0,Gas,0.0,298.0,298.0,Fail,133333.33333333334,13333.333333333334,1333333.3333333335
Argon,1,90,400.0,0.04,100.0,200.0,56.0,0,1,100.0,Gas,0.0,298.0,298.0,Fail,100000.0,10000.0,1000000.0000000001
Argon,1,90,400.0,0.05,100.0,200.0,56.0,0,1,100.0,Gas,0.0,298.0,298.0,Fail,80000.0,8000.0,800000.0
Argon,1,90,400.0,0.06,100.0,200.0,56.0,0,1,100.0,Gas,0.0,298.0,298.0,Fail,66666.66666666667,6666.666666666667,666666.6666666667
Argon,1,90,400.0,0.07,100.0,200.0,56.0,0,1,100.0,Gas,0.0,298.0,298.0,Fail,57142.85714285714,5714.285714285714,571428.5714285714
Argon,1,90,400.0,0.08,100.0,200.0,56.0,0,1,100.0,Gas,0.0,298.0,298.0,Fail,50000.0,5000.0,500000.00000000006
Argon,1,90,400.0,0.09,100.0,200.0,56.0,0,1,100.0,Gas,0.0,298.0,298.0,Fail,44444.44444444444,4444.444444444444,444444.44444444444
Argon,1,90,250.0,0.03,100.0,200.0,56.0,0,1,100.0,Gas,0.0,298.0,298.0,Fail,83333.33333333333,8333.333333333334,833333.3333333334
Argon,1,90,250.0,0.04,100.0,200.0,56.0,0,1,100.0,Gas,0.0,298.0,298.0,Fail,62500.0,6250.0,625000.0
Argon,1,90,200.0,0.1,100.0,80.0,50.0,0,1,20.0,Gas,0.0,298.0,298.0,Fail,20000.0,2000.0,1000000.0000000001
Argon,1,90,200.0,0.2,100.0,80.0,50.0,0,1,20.0,Gas,0.0,298.0,298.0,Fail,10000.0,1000.0,500000.00000000006
Argon,1,90,200.0,0.3,100.0,80.0,50.0,0,1,20.0,Gas,0.0,298.0,298.0,Fail,6666.666666666667,666.6666666666667,333333.3333333334
Argon,1,90,200.0,0.4,100.0,80.0,50.0,0,1,20.0,Gas,0.0,298.0,298.0,Fail,5000.0,500.0,250000.00000000003
Argon,1,90,200.0,0.5,100.0,80.0,50.0,0,1,20.0,Gas,0.0,298.0,298.0,Fail,4000.0,400.0,200000.0
Argon,1,90,200.0,0.6,100.0,80.0,50.0,0,1,20.0,Gas,0.0,298.0,298.0,Fail,3333.3333333333335,333.33333333333337,166666.6666666667
Argon,1,90,200.0,0.7,100.0,80.0,50.0,0,1,20.0,Gas,0.0,298.0,298.0,Fail,2857.142857142857,285.7142857142857,142857.14285714287
Argon,1,90,200.0,0.8,100.0,80.0,50.0,0,1,20.0,Gas,0.0,298.0,298.0,Fail,2500.0,250.0,125000.00000000001
Argon,1,90,200.0,0.9,100.0,80.0,50.0,0,1,20.0,Gas,0.0,298.0,298.0,Fail,2222.222222222222,222.22222222222223,111111.11111111111
Argon,1,90,200.0,1.0,100.0,80.0,50.0,0,1,20.0,Gas,0.0,298.0,298.0,Fail,2000.0,200.0,100000.0
Argon,1,90,100.0,0.4,100.0,80.0,50.0,0,1,40.0,Gas,0.0,298.0,298.0,Fail,2500.0,250.0,62500.00000000001
Argon,1,90,200.0,0.4,100.0,80.0,50.0,0,1,40.0,Gas,0.0,298.0,298.0,Fail,5000.0,500.0,125000.00000000001
Argon,1,90,300.0,0.4,100.0,80.0,50.0,0,1,40.0,Gas,0.0,298.0,298.0,Fail,7500.0,750.0,187500.00000000003
Argon,1,90,400.0,0.4,100.0,80.0,50.0,0,1,40.0,Gas,0.0,298.0,298.0,Fail,10000.0,1000.0,250000.00000000003
Argon,1,90,500.0,0.4,100.0,80.0,50.0,0,1,40.0,Gas,0.0,298.0,298.0,Fail,12500.0,1250.0,312500.0
Argon,1,90,200.0,0.3,100.0,80.0,50.0,0,1,30.0,Gas,0.0,298.0,298.0,Fail,6666.666666666667,666.6666666666667,222222.22222222222
Argon,1,90,200.0,0.3,100.0,80.0,50.0,0,1,40.0,Gas,0.0,298.0,298.0,Fail,6666.666666666667,666.6666666666667,166666.6666666667
Argon,1,90,200.0,0.3,100.0,80.0,50.0,0,1,60.0,Gas,0.0,298.0,298.0,Fail,6666.666666666667,666.6666666666667,111111.11111111111
Argon,1,90,200.0,0.1,60.0,80.0,50.0,0,1,20.0,Gas,0.0,298.0,298.0,Fail,33333.333333333336,2000.0,1666666.6666666667
Argon,1,90,200.0,0.2,60.0,80.0,50.0,0,1,20.0,Gas,0.0,298.0,298.0,Fail,16666.666666666668,1000.0,833333.3333333334
Argon,1,90,200.0,0.3,60.0,80.0,50.0,0,1,20.0,Gas,0.0,298.0,298.0,Fail,11111.11111111111,666.6666666666667,555555.5555555556
Argon,1,90,200.0,0.4,60.0,80.0,50.0,0,1,20.0,Gas,0.0,298.0,298.0,Fail,8333.333333333334,500.0,416666.6666666667
Argon,1,90,200.0,0.5,60.0,80.0,50.0,0,1,20.0,Gas,0.0,298.0,298.0,Fail,6666.666666666667,400.0,333333.3333333334
Argon,1,90,200.0,0.1,80.0,80.0,50.0,0,1,20.0,Gas,0.0,298.0,298.0,Fail,25000.0,2000.0,1250000.0
Argon,1,90,200.0,0.2,80.0,80.0,50.0,0,1,20.0,Gas,0.0,298.0,298.0,Fail,12500.0,1000.0,625000.0
Argon,1,90,200.0,0.3,80.0,80.0,50.0,0,1,20.0,Gas,0.0,298.0,298.0,Fail,8333.333333333334,666.6666666666667,416666.6666666667
Argon,1,90,200.0,0.4,80.0,80.0,50.0,0,1,20.0,Gas,0.0,298.0,298.0,Fail,6250.0,500.0,312500.0
Argon,1,90,200.0,0.5,80.0,80.0,50.0,0,1,20.0,Gas,0.0,298.0,298.0,Fail,5000.0,400.0,250000.00000000003
Argon,1,90,200.0,0.1,120.0,80.0,50.0,0,1,20.0,Gas,0.0,298.0,298.0,Fail,16666.666666666668,2000.0,833333.3333333334
Argon,1,90,200.0,0.2,120.0,80.0,50.0,0,1,20.0,Gas,0.0,298.0,298.0,Fail,8333.333333333334,1000.0,416666.6666666667
Argon,1,90,200.0,0.3,120.0,80.0,50.0,0,1,20.0,Gas,0.0,298.0,298.0,Fail,5555.555555555555,666.6666666666667,277777.7777777778
Argon,1,90,200.0,0.4,120.0,80.0,50.0,0,1,20.0,Gas,0.0,298.0,298.0,Fail,4166.666666666667,500.0,208333.33333333334
Argon,1,90,200.0,0.5,120.0,80.0,50.0,0,1,20.0,Gas,0.0,298.0,298.0,Fail,3333.3333333333335,400.0,166666.6666666667
Argon,1,90,200.0,0.1,140.0,80.0,50.0,0,1,20.0,Gas,0.0,298.0,298.0,Fail,14285.714285714286,2000.0,714285.7142857143
Argon,1,90,200.0,0.2,140.0,80.0,50.0,0,1,20.0,Gas,0.0,298.0,298.0,Fail,7142.857142857143,1000.0,357142.85714285716
Argon,1,90,200.0,0.3,140.0,80.0,50.0,0,1,20.0,Gas,0.0,298.0,298.0,Fail,4761.9047619047615,666.6666666666667,238095.2380952381
Argon,1,90,200.0,0.4,140.0,80.0,50.0,0,1,20.0,Gas,0.0,298.0,298.0,Fail,3571.4285714285716,500.0,178571.42857142858
Argon,1,90,200.0,0.5,140.0,80.0,50.0,0,1,20.0,Gas,0.0,298.0,298.0,Fail,2857.142857142857,400.0,142857.14285714287
Argon,1,90,200.0,0.6,60.0,80.0,50.0,0,1,20.0,Gas,0.0,298.0,298.0,Fail,5555.555555555555,333.33333333333337,277777.7777777778
Argon,1,90,200.0,0.7,60.0,80.0,50.0,0,1,20.0,Gas,0.0,298.0,298.0,Fail,4761.9047619047615,285.7142857142857,238095.2380952381
Argon,1,90,200.0,0.8,60.0,80.0,50.0,0,1,20.0,Gas,0.0,298.0,298.0,Fail,4166.666666666667,250.0,208333.33333333334
Argon,1,90,200.0,0.9,60.0,80.0,50.0,0,1,20.0,Gas,0.0,298.0,298.0,Fail,3703.703703703704,222.22222222222223,185185.1851851852
Argon,1,90,200.0,1.0,60.0,80.0,50.0,0,1,20.0,Gas,0.0,298.0,298.0,Fail,3333.3333333333335,200.0,166666.6666666667
Argon,1,90,200.0,0.6,80.0,80.0,50.0,0,1,20.0,Gas,0.0,298.0,298.0,Fail,4166.666666666667,333.33333333333337,208333.33333333334
Argon,1,90,200.0,0.7,80.0,80.0,50.0,0,1,20.0,Gas,0.0,298.0,298.0,Fail,3571.4285714285716,285.7142857142857,178571.42857142858
Argon,1,90,200.0,0.8,80.0,80.0,50.0,0,1,20.0,Gas,0.0,298.0,298.0,Fail,3125.0,250.0,156250.0
Argon,1,90,200.0,0.9,80.0,80.0,50.0,0,1,20.0,Gas,0.0,298.0,298.0,Fail,2777.7777777777774,222.22222222222223,138888.8888888889
Argon,1,90,200.0,1.0,80.0,80.0,50.0,0,1,20.0,Gas,0.0,298.0,298.0,Fail,2500.0,200.0,125000.00000000001
Argon,1,90,200.0,0.6,120.0,80.0,50.0,0,1,20.0,Gas,0.0,298.0,298.0,Fail,2777.7777777777774,333.33333333333337,138888.8888888889
Argon,1,90,200.0,0.7,120.0,80.0,50.0,0,1,20.0,Gas,0.0,298.0,298.0,Fail,2380.9523809523807,285.7142857142857,119047.61904761905
Argon,1,90,200.0,0.8,120.0,80.0,50.0,0,1,20.0,Gas,0.0,298.0,298.0,Fail,2083.3333333333335,250.0,104166.66666666667
Argon,1,90,200.0,0.9,120.0,80.0,50.0,0,1,20.0,Gas,0.0,298.0,298.0,Fail,1851.851851851852,222.22222222222223,92592.5925925926
Argon,1,90,200.0,1.0,120.0,80.0,50.0,0,1,20.0,Gas,0.0,298.0,298.0,Fail,1666.6666666666667,200.0,83333.33333333334
Argon,1,90,200.0,0.6,140.0,80.0,50.0,0,1,20.0,Gas,0.0,298.0,298.0,Fail,2380.9523809523807,333.33333333333337,119047.61904761905
Argon,1,90,200.0,0.7,140.0,80.0,50.0,0,1,20.0,Gas,0.0,298.0,298.0,Fail,2040.816326530612,285.7142857142857,102040.81632653062
Argon,1,90,200.0,0.8,140.0,80.0,50.0,0,1,20.0,Gas,0.0,298.0,298.0,Fail,1785.7142857142858,250.0,89285.71428571429
Argon,1,90,200.0,0.9,140.0,80.0,50.0,0,1,20.0,Gas,0.0,298.0,298.0,Fail,1587.3015873015872,222.22222222222223,79365.07936507938
Argon,1,90,200.0,1.0,140.0,80.0,50.0,0,1,20.0,Gas,0.0,298.0,298.0,Fail,1428.5714285714284,200.0,71428.57142857143
Argon,1,90,200.0,0.3,70.0,80.0,50.0,0,1,20.0,Gas,0.0,298.0,298.0,Fail,9523.809523809523,666.6666666666667,476190.4761904762
Argon,1,90,200.0,0.4,70.0,80.0,50.0,0,1,20.0,Gas,0.0,298.0,298.0,Fail,7142.857142857143,500.0,357142.85714285716
Argon,1,90,200.0,0.5,70.0,80.0,50.0,0,1,20.0,Gas,0.0,298.0,298.0,Fail,5714.285714285714,400.0,285714.28571428574
Argon,1,90,200.0,0.6,70.0,80.0,50.0,0,1,20.0,Gas,0.0,298.0,298.0,Fail,4761.9047619047615,333.33333333333337,238095.2380952381
Argon,1,90,200.0,0.7,70.0,80.0,50.0,0,1,20.0,Gas,0.0,298.0,298.0,Fail,4081.632653061224,285.7142857142857,204081.63265306124
Argon,1,90,200.0,0.8,70.0,80.0,50.0,0,1,20.0,Gas,0.0,298.0,298.0,Fail,3571.4285714285716,250.0,178571.42857142858
Argon,1,90,200.0,0.9,70.0,80.0,50.0,0,1,20.0,Gas,0.0,298.0,298.0,Fail,3174.6031746031745,222.22222222222223,158730.15873015876
Argon,1,90,200.0,1.0,70.0,80.0,50.0,0,1,20.0,Gas,0.0,298.0,298.0,Fail,2857.142857142857,200.0,142857.14285714287
Argon,1,90,85.0,0.2,40.0,180.0,48.325,0,1,79.13333333333334,Gas,0.0,298.0,298.0,Fail,10625.0,425.0,134267.0598146588
Argon,1,90,85.0,0.2,40.0,180.0,46.65,0,1,79.03333333333333,Gas,0.0,298.0,298.0,Fail,10625.0,425.0,134436.9464361029
Argon,1,90,85.0,0.2,40.0,180.0,44.974999999999994,0,1,78.51666666666667,Gas,0.0,298.0,298.0,Fail,10625.0,425.0,135321.58777329655
Argon,1,90,90.0,0.1,50.0,70.0,43.3,0,0.9,50.0,Argon,0.0,298.0,298.0,Fail,18000.0,900.0,360000.0
Argon,1,90,90.0,0.2,50.0,70.0,43.3,0,0.9,50.0,Argon,0.0,298.0,298.0,Fail,9000.0,450.0,180000.0
Argon,1,90,90.0,0.3,50.0,70.0,43.3,0,0.9,50.0,Argon,0.0,298.0,298.0,Fail,6000.0,300.0,120000.0
Argon,1,90,90.0,0.4,50.0,70.0,43.3,0,0.9,50.0,Argon,0.0,298.0,298.0,Fail,4500.0,225.0,90000.0
Argon,1,90,185.0,0.033,100.0,150.0,50.0,0,1,50.0,Gas,0.0,298.0,298.0,Fail,56060.60606060606,5606.060606060606,1121212.1212121213
Argon,1,90,185.0,0.033,100.0,150.0,50.0,0,1,100.0,Gas,0.0,298.0,298.0,Fail,56060.60606060606,5606.060606060606,560606.0606060607
Argon,1,90,185.0,0.033,100.0,150.0,50.0,0,1,150.0,Gas,0.0,298.0,298.0,Fail,56060.60606060606,5606.060606060606,373737.37373737374
Argon,1,90,185.0,0.033,100.0,150.0,50.0,0,1,200.0,Gas,0.0,298.0,298.0,Fail,56060.60606060606,5606.060606060606,280303.03030303033
Argon,1,90,185.0,0.033,100.0,150.0,50.0,0,1,250.0,Gas,0.0,298.0,298.0,Fail,56060.60606060606,5606.060606060606,224242.42424242423
Argon,1,90,185.0,0.033,100.0,150.0,50.0,0,1,300.0,Gas,0.0,298.0,298.0,Fail,56060.60606060606,5606.060606060606,186868.68686868687
Argon,1,90,185.0,0.033,100.0,150.0,50.0,0,1,350.0,Gas,0.0,298.0,298.0,Fail,56060.60606060606,5606.060606060606,160173.16017316017
Argon,1,90,185.0,0.033,100.0,150.0,50.0,0,1,400.0,Gas,0.0,298.0,298.0,Fail,56060.60606060606,5606.060606060606,140151.51515151517
Argon,1,90,185.0,0.033,100.0,150.0,50.0,0,1,450.0,Gas,0.0,298.0,298.0,Fail,56060.60606060606,5606.060606060606,124579.12457912456
Argon,1,90,185.0,0.033,100.0,150.0,50.0,0,1,500.0,Gas,0.0,298.0,298.0,Fail,56060.60606060606,5606.060606060606,112121.21212121211
Argon,1,90,185.0,0.05,100.0,150.0,50.0,0,1,50.0,Gas,0.0,298.0,298.0,Fail,37000.0,3700.0,740000.0
Argon,1,90,185.0,0.05,100.0,150.0,50.0,0,1,100.0,Gas,0.0,298.0,298.0,Fail,37000.0,3700.0,370000.0
Argon,1,90,185.0,0.05,100.0,150.0,50.0,0,1,150.0,Gas,0.0,298.0,298.0,Fail,37000.0,3700.0,246666.66666666666
Argon,1,90,185.0,0.05,100.0,150.0,50.0,0,1,200.0,Gas,0.0,298.0,298.0,Fail,37000.0,3700.0,185000.0
Argon,1,90,185.0,0.05,100.0,150.0,50.0,0,1,250.0,Gas,0.0,298.0,298.0,Fail,37000.0,3700.0,148000.0
Argon,1,90,185.0,0.05,100.0,150.0,50.0,0,1,300.0,Gas,0.0,298.0,298.0,Fail,37000.0,3700.0,123333.33333333333
Argon,1,90,185.0,0.05,100.0,150.0,50.0,0,1,350.0,Gas,0.0,298.0,298.0,Fail,37000.0,3700.0,105714.28571428572
Argon,1,90,185.0,0.05,100.0,150.0,50.0,0,1,400.0,Gas,0.0,298.0,298.0,Fail,37000.0,3700.0,92500.0
Argon,1,90,185.0,0.05,100.0,150.0,50.0,0,1,450.0,Gas,0.0,298.0,298.0,Fail,37000.0,3700.0,82222.22222222223
Argon,1,90,185.0,0.05,100.0,150.0,50.0,0,1,500.0,Gas,0.0,298.0,298.0,Fail,37000.0,3700.0,74000.0
Argon,1,90,185.0,0.066,100.0,150.0,50.0,0,1,50.0,Gas,0.0,298.0,298.0,Fail,28030.30303030303,2803.030303030303,560606.0606060607
Argon,1,90,185.0,0.066,100.0,150.0,50.0,0,1,100.0,Gas,0.0,298.0,298.0,Fail,28030.30303030303,2803.030303030303,280303.03030303033
Argon,1,90,185.0,0.066,100.0,150.0,50.0,0,1,150.0,Gas,0.0,298.0,298.0,Fail,28030.30303030303,2803.030303030303,186868.68686868687
Argon,1,90,185.0,0.066,100.0,150.0,50.0,0,1,200.0,Gas,0.0,298.0,298.0,Fail,28030.30303030303,2803.030303030303,140151.51515151517
Argon,1,90,185.0,0.066,100.0,150.0,50.0,0,1,250.0,Gas,0.0,298.0,298.0,Fail,28030.30303030303,2803.030303030303,112121.21212121211
Argon,1,90,185.0,0.066,100.0,150.0,50.0,0,1,300.0,Gas,0.0,298.0,298.0,Fail,28030.30303030303,2803.030303030303,93434.34343434343
Argon,1,90,185.0,0.066,100.0,150.0,50.0,0,1,350.0,Gas,0.0,298.0,298.0,Fail,28030.30303030303,2803.030303030303,80086.58008658008
Argon,1,90,185.0,0.066,100.0,150.0,50.0,0,1,400.0,Gas,0.0,298.0,298.0,Fail,28030.30303030303,2803.030303030303,70075.75757575758
Argon,1,90,185.0,0.066,100.0,150.0,50.0,0,1,450.0,Gas,0.0,298.0,298.0,Fail,28030.30303030303,2803.030303030303,62289.56228956228
Argon,1,90,185.0,0.066,100.0,150.0,50.0,0,1,500.0,Gas,0.0,298.0,298.0,Fail,28030.30303030303,2803.030303030303,56060.60606060606
Argon,1,90,185.0,0.083,100.0,150.0,50.0,0,1,50.0,Gas,0.0,298.0,298.0,Fail,22289.156626506025,2228.9156626506024,445783.13253012043
Argon,1,90,185.0,0.083,100.0,150.0,50.0,0,1,100.0,Gas,0.0,298.0,298.0,Fail,22289.156626506025,2228.9156626506024,222891.56626506022
Argon,1,90,185.0,0.083,100.0,150.0,50.0,0,1,150.0,Gas,0.0,298.0,298.0,Fail,22289.156626506025,2228.9156626506024,148594.37751004015
Argon,1,90,185.0,0.083,100.0,150.0,50.0,0,1,200.0,Gas,0.0,298.0,298.0,Fail,22289.156626506025,2228.9156626506024,111445.78313253011
Argon,1,90,185.0,0.083,100.0,150.0,50.0,0,1,250.0,Gas,0.0,298.0,298.0,Fail,22289.156626506025,2228.9156626506024,89156.6265060241
Argon,1,90,185.0,0.083,100.0,150.0,50.0,0,1,300.0,Gas,0.0,298.0,298.0,Fail,22289.156626506025,2228.9156626506024,74297.18875502008
Argon,1,90,185.0,0.083,100.0,150.0,50.0,0,1,350.0,Gas,0.0,298.0,298.0,Fail,22289.156626506025,2228.9156626506024,63683.30464716006
Argon,1,90,185.0,0.083,100.0,150.0,50.0,0,1,400.0,Gas,0.0,298.0,298.0,Fail,22289.156626506025,2228.9156626506024,55722.891566265054
Argon,1,90,185.0,0.083,100.0,150.0,50.0,0,1,450.0,Gas,0.0,298.0,298.0,Fail,22289.156626506025,2228.9156626506024,49531.45917001338
Argon,1,90,185.0,0.083,100.0,150.0,50.0,0,1,500.0,Gas,0.0,298.0,298.0,Fail,22289.156626506025,2228.9156626506024,44578.31325301205
Argon,1,90,100.0,0.08,100.0,600.0,75.0,0,0.6,250.0,Gas,0.0,298.0,298.0,Fail,12500.0,1250.0,50000.0
Argon,1,90,100.0,0.1,100.0,600.0,75.0,0,0.6,250.0,Gas,0.0,298.0,298.0,Fail,10000.0,1000.0,40000.0
Argon,1,90,100.0,0.12,100.0,600.0,75.0,0,0.6,250.0,Gas,0.0,298.0,298.0,Fail,8333.333333333334,833.3333333333334,33333.333333333336
Argon,1,90,100.0,0.15,100.0,600.0,75.0,0,0.6,250.0,Gas,0.0,298.0,298.0,Fail,6666.666666666667,666.6666666666667,26666.666666666668
Argon,1,90,100.0,0.2,100.0,600.0,75.0,0,0.6,250.0,Gas,0.0,298.0,298.0,Fail,5000.0,500.0,20000.0
Argon,1,90,150.0,0.08,100.0,600.0,75.0,0,0.6,250.0,Gas,0.0,298.0,298.0,Fail,18750.0,1875.0,75000.0
Argon,1,90,150.0,0.1,100.0,600.0,75.0,0,0.6,250.0,Gas,0.0,298.0,298.0,Fail,15000.0,1500.0,60000.0
Argon,1,90,150.0,0.12,100.0,600.0,75.0,0,0.6,250.0,Gas,0.0,298.0,298.0,Fail,12500.0,1250.0,50000.0
Argon,1,90,150.0,0.15,100.0,600.0,75.0,0,0.6,250.0,Gas,0.0,298.0,298.0,Fail,10000.0,1000.0,40000.0
Argon,1,90,150.0,0.2,100.0,600.0,75.0,0,0.6,250.0,Gas,0.0,298.0,298.0,Fail,7500.0,750.0,30000.0
Argon,1,90,200.0,0.08,100.0,600.0,75.0,0,0.6,250.0,Gas,0.0,298.0,298.0,Fail,25000.0,2500.0,100000.0
Argon,1,90,200.0,0.1,100.0,600.0,75.0,0,0.6,250.0,Gas,0.0,298.0,298.0,Fail,20000.0,2000.0,80000.0
Argon,1,90,200.0,0.12,100.0,600.0,75.0,0,0.6,250.0,Gas,0.0,298.0,298.0,Fail,16666.666666666668,1666.6666666666667,66666.66666666667
Argon,1,90,200.0,0.15,100.0,600.0,75.0,0,0.6,250.0,Gas,0.0,298.0,298.0,Fail,13333.333333333334,1333.3333333333335,53333.333333333336
Argon,1,90,200.0,0.2,100.0,600.0,75.0,0,0.6,250.0,Gas,0.0,298.0,298.0,Fail,10000.0,1000.0,40000.0
Argon,1,90,240.0,0.12,100.0,600.0,75.0,0,0.6,250.0,Gas,0.0,298.0,298.0,Fail,20000.0,2000.0,80000.0
Argon,1,90,240.0,0.12,300.0,600.0,75.0,0,0.6,250.0,Gas,0.0,298.0,298.0,Fail,6666.666666666666,2000.0,26666.666666666668
Argon,1,90,240.0,0.12,500.0,600.0,75.0,0,0.6,250.0,Gas,0.0,298.0,298.0,Fail,4000.0,2000.0,16000.0
Argon,1,90,240.0,0.12,100.0,600.0,75.0,0,0.6,500.0,Gas,0.0,298.0,298.0,Fail,20000.0,2000.0,40000.0
Argon,1,90,240.0,0.12,100.0,600.0,75.0,0,0.6,750.0,Gas,0.0,298.0,298.0,Fail,20000.0,2000.0,26666.666666666668
Argon,1,90,240.0,0.12,100.0,600.0,75.0,0,0.6,1000.0,Gas,0.0,298.0,298.0,Fail,20000.0,2000.0,20000.0
Argon,1,90,200.0,0.12,100.0,600.0,75.0,0,0.6,1000.0,Gas,0.0,298.0,298.0,Fail,16666.666666666668,1666.6666666666667,16666.666666666668
Argon,1,90,200.0,0.12,100.0,600.0,75.0,0,0.6,500.0,Gas,0.0,298.0,298.0,Fail,16666.666666666668,1666.6666666666667,33333.333333333336
Argon,1,90,150.0,0.1,100.0,52.0,70.2,0,1,50.0,Gas,0.0,298.0,298.0,Fail,15000.0,1500.0,300000.0
Argon,1,90,137.0,0.188,100.0,52.0,65.4,0,1,50.0,Gas,0.0,298.0,298.0,Fail,7287.234042553191,728.7234042553191,145744.68085106384
Argon,1,90,334.0,0.171,100.0,130.0,60.6,0,1,50.0,Gas,0.0,298.0,298.0,Fail,19532.163742690056,1953.2163742690057,390643.2748538011
Argon,1,90,265.0,1.004,100.0,52.0,55.8,0,1,50.0,Gas,0.0,298.0,298.0,Fail,2639.4422310756972,263.9442231075697,52788.84462151394
Argon,1,90,200.0,2.0,250.0,35.0,51.0,0,0.7,50.0,Gas,0.0,298.0,298.0,Success,400.0,100.0,8000.000000000001
Argon,1,90,200.0,1.5,250.0,35.0,51.0,0,0.7,50.0,Gas,0.0,298.0,298.0,Success,533.3333333333334,133.33333333333334,10666.666666666668
Argon,1,90,200.0,1.0,250.0,35.0,51.0,0,0.7,50.0,Gas,0.0,298.0,298.0,Success,800.0,200.0,16000.000000000002
Argon,1,90,200.0,0.5,250.0,35.0,51.0,0,0.7,50.0,Gas,0.0,298.0,298.0,Success,1600.0,400.0,32000.000000000004
Argon,1,90,200.0,0.375,250.0,35.0,51.0,0,0.7,50.0,Gas,0.0,298.0,298.0,Success,2133.3333333333335,533.3333333333334,42666.66666666667
Nitrogen,1,90,200.0,2.0,250.0,35.0,51.0,0,0.7,50.0,Gas,0.0,298.0,298.0,Fail,400.0,100.0,8000.000000000001
Nitrogen,1,90,200.0,1.5,250.0,35.0,51.0,0,0.7,50.0,Gas,0.0,298.0,298.0,Fail,533.3333333333334,133.33333333333334,10666.666666666668
Nitrogen,1,90,200.0,1.0,250.0,35.0,51.0,0,0.7,50.0,Gas,0.0,298.0,298.0,Fail,800.0,200.0,16000.000000000002
Nitrogen,1,90,200.0,0.5,250.0,35.0,51.0,0,0.7,50.0,Gas,0.0,298.0,298.0,Fail,1600.0,400.0,32000.000000000004
Nitrogen,1,90,200.0,0.375,250.0,35.0,51.0,0,0.7,50.0,Gas,0.0,298.0,298.0,Fail,2133.3333333333335,533.3333333333334,42666.66666666667
Helium_mix,1,90,200.0,2.0,250.0,35.0,51.0,0,0.7,50.0,Gas,0.0,298.0,298.0,Fail,400.0,100.0,8000.000000000001
Helium_mix,1,90,200.0,1.5,250.0,35.0,51.0,0,0.7,50.0,Gas,0.0,298.0,298.0,Fail,533.3333333333334,133.33333333333334,10666.666666666668
Helium_mix,1,90,200.0,1.0,250.0,35.0,51.0,0,0.7,50.0,Gas,0.0,298.0,298.0,Fail,800.0,200.0,16000.000000000002
Helium_mix,1,90,200.0,0.5,250.0,35.0,51.0,0,0.7,50.0,Gas,0.0,298.0,298.0,Fail,1600.0,400.0,32000.000000000004
Helium_mix,1,90,200.0,0.375,250.0,35.0,51.0,0,0.7,50.0,Gas,0.0,298.0,298.0,Fail,2133.3333333333335,533.3333333333334,42666.66666666667
Argon,1,90,300.0,1.2,130.0,80.0,63.0,0,1,50.0,Gas,0.0,298.0,298.0,Fail,1923.076923076923,250.0,38461.53846153846
Argon,1,90,300.0,1.3,130.0,80.0,63.0,0,1,50.0,Gas,0.0,298.0,298.0,Fail,1775.1479289940828,230.76923076923077,35502.95857988166
Argon,1,90,300.0,1.4,130.0,80.0,63.0,0,1,50.0,Gas,0.0,298.0,298.0,Fail,1648.3516483516485,214.2857142857143,32967.03296703297
Argon,1,90,300.0,1.5,130.0,80.0,63.0,0,1,50.0,Gas,0.0,298.0,298.0,Fail,1538.4615384615383,200.0,30769.23076923077
Argon,1,90,400.0,1.2,130.0,80.0,63.0,0,1,50.0,Gas,0.0,298.0,298.0,Fail,2564.102564102564,333.33333333333337,51282.05128205128
Argon,1,90,400.0,1.3,130.0,80.0,63.0,0,1,50.0,Gas,0.0,298.0,298.0,Fail,2366.8639053254437,307.6923076923077,47337.27810650888
Argon,1,90,400.0,1.4,130.0,80.0,63.0,0,1,50.0,Gas,0.0,298.0,298.0,Fail,2197.802197802198,285.7142857142857,43956.043956043955
Argon,1,90,400.0,1.5,130.0,80.0,63.0,0,1,50.0,Gas,0.0,298.0,298.0,Fail,2051.2820512820513,266.6666666666667,41025.64102564102
Argon,1,90,500.0,1.2,130.0,80.0,63.0,0,1,50.0,Gas,0.0,298.0,298.0,Fail,3205.128205128205,416.6666666666667,64102.56410256411
Argon,1,90,500.0,1.3,130.0,80.0,63.0,0,1,50.0,Gas,0.0,298.0,298.0,Fail,2958.5798816568044,384.6153846153846,59171.5976331361
Argon,1,90,500.0,1.4,130.0,80.0,63.0,0,1,50.0,Gas,0.0,298.0,298.0,Fail,2747.252747252747,357.14285714285717,54945.054945054944
Argon,1,90,500.0,1.5,130.0,80.0,63.0,0,1,50.0,Gas,0.0,298.0,298.0,Fail,2564.102564102564,333.3333333333333,51282.05128205128
Argon,1,90,150.0,0.25,130.0,80.0,63.0,0,1,50.0,Gas,0.0,298.0,298.0,Fail,4615.384615384615,600.0,92307.69230769231
Argon,1,90,150.0,0.6,130.0,80.0,63.0,0,1,50.0,Gas,0.0,298.0,298.0,Fail,1923.076923076923,250.0,38461.53846153846
Argon,1,90,150.0,0.8,130.0,80.0,63.0,0,1,50.0,Gas,0.0,298.0,298.0,Fail,1442.3076923076922,187.5,28846.153846153848
Argon,1,90,150.0,1.0,130.0,80.0,63.0,0,1,50.0,Gas,0.0,298.0,298.0,Fail,1153.8461538461538,150.0,23076.923076923078
Argon,1,90,200.0,0.5,130.0,80.0,63.0,0,1,50.0,Gas,0.0,298.0,298.0,Fail,3076.9230769230767,400.0,61538.46153846154
Argon,1,90,200.0,0.8,130.0,80.0,63.0,0,1,50.0,Gas,0.0,298.0,298.0,Fail,1923.0769230769229,250.0,38461.53846153846
Argon,1,90,200.0,1.0,130.0,80.0,63.0,0,1,50.0,Gas,0.0,298.0,298.0,Fail,1538.4615384615383,200.0,30769.23076923077
Argon,1,90,300.0,0.6,130.0,80.0,63.0,0,1,50.0,Gas,0.0,298.0,298.0,Fail,3846.153846153846,500.0,76923.07692307692
Argon,1,90,300.0,0.7,130.0,80.0,63.0,0,1,50.0,Gas,0.0,298.0,298.0,Fail,3296.703296703297,428.5714285714286,65934.06593406593
Argon,1,90,300.0,0.8,130.0,80.0,63.0,0,1,50.0,Gas,0.0,298.0,298.0,Fail,2884.6153846153843,375.0,57692.307692307695
Argon,1,90,300.0,0.9,130.0,80.0,63.0,0,1,50.0,Gas,0.0,298.0,298.0,Fail,2564.102564102564,333.3333333333333,51282.05128205128
Argon,1,90,400.0,1.9,130.0,80.0,63.0,0,1,50.0,Gas,0.0,298.0,298.0,Fail,1619.4331983805669,210.5263157894737,32388.663967611337
Argon,1,90,400.0,2.0,130.0,80.0,63.0,0,1,50.0,Gas,0.0,298.0,298.0,Fail,1538.4615384615383,200.0,30769.23076923077
Argon,1,90,500.0,1.8,130.0,80.0,63.0,0,1,50.0,Gas,0.0,298.0,298.0,Fail,2136.7521367521367,277.77777777777777,42735.042735042734
Argon,1,90,500.0,1.9,130.0,80.0,63.0,0,1,50.0,Gas,0.0,298.0,298.0,Fail,2024.2914979757086,263.15789473684214,40485.82995951417
Argon,1,90,500.0,2.0,130.0,80.0,63.0,0,1,50.0,Gas,0.0,298.0,298.0,Fail,1923.076923076923,250.0,38461.53846153846
Argon,1,90,500.0,1.2,130.0,80.0,63.0,0,1,50.0,Gas,0.0,298.0,313.15,Fail,3205.128205128205,416.6666666666667,64102.56410256411
Argon,1,90,500.0,1.2,130.0,80.0,63.0,0,1,50.0,Gas,0.0,298.0,473.15,Fail,3205.128205128205,416.6666666666667,64102.56410256411
Argon,1,90,185.0,0.597,100.0,150.0,53.0,0,1,58.01428571428571,Gas,0.0,298.0,298.0,Fail,3098.8274706867674,309.88274706867674,53414.90345926464
Argon,1,90,110.0,0.6,50.0,50.0,53.057297297297296,0,1,50.0,Gas,0.0,298.0,298.0,Fail,3666.666666666667,183.33333333333334,73333.33333333333
Argon,1,90,110.0,0.4,50.0,50.0,53.11459459459459,0,1,50.0,Gas,0.0,298.0,298.0,Fail,5500.0,275.0,110000.0
Argon,1,90,130.0,0.4,50.0,50.0,53.17189189189189,0,1,50.0,Gas,0.0,298.0,298.0,Success,6500.0,325.0,130000.0
Argon,1,90,50.0,65.0,50.0,80.0,53.22918918918919,0,1,50.0,Gas,0.0,298.0,453.15,Fail,15.384615384615385,0.7692307692307693,307.6923076923077
Argon,1,90,50.0,75.0,300.0,80.0,53.28648648648649,0,1,50.0,Gas,0.0,298.0,453.15,Fail,2.2222222222222223,0.6666666666666666,44.44444444444444
Argon,1,90,50.0,80.0,300.0,80.0,53.343783783783785,0,1,50.0,Gas,0.0,298.0,453.15,Fail,2.0833333333333335,0.625,41.66666666666667
Argon,1,90,50.0,85.0,300.0,80.0,53.40108108108108,0,1,50.0,Gas,0.0,298.0,453.15,Fail,1.9607843137254901,0.5882352941176471,39.21568627450981
Argon,1,90,50.0,95.0,300.0,80.0,53.45837837837838,0,1,50.0,Gas,0.0,298.0,453.15,Fail,1.7543859649122806,0.5263157894736842,35.08771929824561
Argon,1,90,50.0,105.0,300.0,80.0,53.51567567567567,0,1,50.0,Gas,0.0,298.0,453.15,Fail,1.5873015873015872,0.47619047619047616,31.746031746031747
Argon,1,90,50.0,110.0,300.0,80.0,53.57297297297297,0,1,50.0,Gas,0.0,298.0,453.15,Fail,1.5151515151515151,0.45454545454545453,30.303030303030305
Argon,1,90,50.0,125.0,300.0,80.0,53.63027027027027,0,1,50.0,Gas,0.0,298.0,453.15,Fail,1.3333333333333333,0.4,26.666666666666668
Argon,1,90,50.0,140.0,300.0,80.0,53.68756756756757,0,1,50.0,Gas,0.0,298.0,453.15,Fail,1.1904761904761905,0.35714285714285715,23.80952380952381
Argon,1,90,50.0,160.0,300.0,80.0,53.744864864864866,0,1,50.0,Gas,0.0,298.0,453.15,Fail,1.0416666666666667,0.3125,20.833333333333336
Argon,1,90,50.0,190.0,300.0,80.0,53.80216216216216,0,1,50.0,Gas,0.0,298.0,453.15,Fail,0.8771929824561403,0.2631578947368421,17.543859649122805
Argon,1,90,50.0,210.0,300.0,80.0,53.85945945945946,0,1,50.0,Gas,0.0,298.0,453.15,Fail,0.7936507936507936,0.23809523809523808,15.873015873015873
Argon,1,90,50.0,325.0,300.0,80.0,53.916756756756754,0,1,50.0,Gas,0.0,298.0,453.15,Fail,0.5128205128205128,0.15384615384615385,10.256410256410257
Argon,1,90,50.0,375.0,300.0,80.0,53.97405405405405,0,1,50.0,Gas,0.0,298.0,453.15,Fail,0.4444444444444444,0.13333333333333333,8.88888888888889
Argon,1,90,50.0,425.0,300.0,80.0,54.031351351351354,0,1,50.0,Gas,0.0,298.0,453.15,Fail,0.39215686274509803,0.11764705882352941,7.8431372549019605
Argon,1,90,50.0,65.0,50.0,80.0,54.08864864864865,0,1,50.0,Gas,0.0,298.0,453.15,Fail,15.384615384615385,0.7692307692307693,307.6923076923077
Argon,1,90,50.0,75.0,50.0,80.0,54.14594594594595,0,1,50.0,Gas,0.0,298.0,453.15,Fail,13.333333333333334,0.6666666666666666,266.6666666666667
Argon,1,90,50.0,80.0,50.0,80.0,54.20324324324324,0,1,50.0,Gas,0.0,298.0,453.15,Fail,12.5,0.625,250.00000000000003
Argon,1,90,50.0,85.0,50.0,80.0,54.26054054054054,0,1,50.0,Gas,0.0,298.0,453.15,Fail,11.764705882352942,0.5882352941176471,235.29411764705884
Argon,1,90,50.0,95.0,50.0,80.0,54.317837837837835,0,1,50.0,Gas,0.0,298.0,453.15,Fail,10.526315789473685,0.5263157894736842,210.5263157894737
Argon,1,90,50.0,105.0,50.0,80.0,54.37513513513514,0,1,50.0,Gas,0.0,298.0,453.15,Fail,9.523809523809524,0.47619047619047616,190.47619047619048
Argon,1,90,50.0,110.0,50.0,80.0,54.432432432432435,0,1,50.0,Gas,0.0,298.0,453.15,Fail,9.090909090909092,0.45454545454545453,181.81818181818184
Argon,1,90,50.0,125.0,50.0,80.0,54.48972972972973,0,1,50.0,Gas,0.0,298.0,453.15,Fail,8.0,0.4,160.0
Argon,1,90,50.0,140.0,50.0,80.0,54.54702702702703,0,1,50.0,Gas,0.0,298.0,453.15,Fail,7.142857142857143,0.35714285714285715,142.85714285714286
Argon,1,90,50.0,160.0,50.0,80.0,54.604324324324324,0,1,50.0,Gas,0.0,298.0,453.15,Fail,6.25,0.3125,125.00000000000001
Argon,1,90,50.0,190.0,50.0,80.0,54.66162162162162,0,1,50.0,Gas,0.0,298.0,453.15,Fail,5.2631578947368425,0.2631578947368421,105.26315789473685
Argon,1,90,50.0,210.0,50.0,80.0,54.71891891891892,0,1,50.0,Gas,0.0,298.0,453.15,Fail,4.761904761904762,0.23809523809523808,95.23809523809524
Argon,1,90,50.0,325.0,50.0,80.0,54.77621621621621,0,1,50.0,Gas,0.0,298.0,453.15,Fail,3.076923076923077,0.15384615384615385,61.53846153846154
Argon,1,90,50.0,375.0,50.0,80.0,54.833513513513516,0,1,50.0,Gas,0.0,298.0,453.15,Fail,2.6666666666666665,0.13333333333333333,53.333333333333336
Argon,1,90,50.0,425.0,50.0,80.0,54.89081081081081,0,1,50.0,Gas,0.0,298.0,453.15,Fail,2.3529411764705883,0.11764705882352941,47.05882352941177
Argon,1,90,50.0,65.0,200.0,80.0,54.94810810810811,0,1,50.0,Gas,0.0,298.0,453.15,Fail,3.8461538461538463,0.7692307692307693,76.92307692307692
Argon,1,90,50.0,75.0,200.0,80.0,55.005405405405405,0,1,50.0,Gas,0.0,298.0,453.15,Fail,3.3333333333333335,0.6666666666666666,66.66666666666667
Argon,1,90,50.0,80.0,200.0,80.0,55.0627027027027,0,1,50.0,Gas,0.0,298.0,453.15,Fail,3.125,0.625,62.50000000000001
Argon,1,90,50.0,85.0,200.0,80.0,55.12,0,1,50.0,Gas,0.0,298.0,453.15,Fail,2.9411764705882355,0.5882352941176471,58.82352941176471
Argon,1,90,50.0,95.0,200.0,80.0,55.1772972972973,0,1,50.0,Gas,0.0,298.0,453.15,Fail,2.6315789473684212,0.5263157894736842,52.631578947368425
Argon,1,90,50.0,105.0,200.0,80.0,55.2345945945946,0,1,50.0,Gas,0.0,298.0,453.15,Fail,2.380952380952381,0.47619047619047616,47.61904761904762
Argon,1,90,50.0,110.0,200.0,80.0,55.29189189189189,0,1,50.0,Gas,0.0,298.0,453.15,Fail,2.272727272727273,0.45454545454545453,45.45454545454546
Argon,1,90,50.0,125.0,200.0,80.0,55.34918918918919,0,1,50.0,Gas,0.0,298.0,453.15,Fail,2.0,0.4,40.0
Argon,1,90,50.0,140.0,200.0,80.0,55.406486486486486,0,1,50.0,Gas,0.0,298.0,453.15,Fail,1.7857142857142858,0.35714285714285715,35.714285714285715
Argon,1,90,50.0,160.0,200.0,80.0,55.46378378378378,0,1,50.0,Gas,0.0,298.0,453.15,Fail,1.5625,0.3125,31.250000000000004
Argon,1,90,50.0,190.0,200.0,80.0,55.52108108108108,0,1,50.0,Gas,0.0,298.0,453.15,Fail,1.3157894736842106,0.2631578947368421,26.315789473684212
Argon,1,90,50.0,210.0,200.0,80.0,55.57837837837838,0,1,50.0,Gas,0.0,298.0,453.15,Fail,1.1904761904761905,0.23809523809523808,23.80952380952381
Argon,1,90,50.0,325.0,200.0,80.0,55.63567567567568,0,1,50.0,Gas,0.0,298.0,453.15,Fail,0.7692307692307693,0.15384615384615385,15.384615384615385
Argon,1,90,50.0,375.0,200.0,80.0,55.692972972972974,0,1,50.0,Gas,0.0,298.0,453.15,Fail,0.6666666666666666,0.13333333333333333,13.333333333333334
Argon,1,90,50.0,425.0,200.0,80.0,55.75027027027027,0,1,50.0,Gas,0.0,298.0,453.15,Fail,0.5882352941176471,0.11764705882352941,11.764705882352942
Argon,1,90,50.0,65.0,150.0,80.0,55.80756756756757,0,1,50.0,Gas,0.0,298.0,453.15,Fail,5.128205128205129,0.7692307692307693,102.56410256410257
Argon,1,90,50.0,75.0,150.0,80.0,55.86486486486486,0,1,50.0,Gas,0.0,298.0,453.15,Fail,4.444444444444445,0.6666666666666666,88.88888888888889
Argon,1,90,50.0,80.0,150.0,80.0,55.92216216216216,0,1,50.0,Gas,0.0,298.0,453.15,Fail,4.166666666666667,0.625,83.33333333333334
Argon,1,90,50.0,85.0,150.0,80.0,55.97945945945946,0,1,50.0,Gas,0.0,298.0,453.15,Fail,3.9215686274509802,0.5882352941176471,78.43137254901961
Argon,1,90,50.0,95.0,150.0,80.0,56.03675675675676,0,1,50.0,Gas,0.0,298.0,453.15,Fail,3.508771929824561,0.5263157894736842,70.17543859649122
Argon,1,90,50.0,105.0,150.0,80.0,56.094054054054055,0,1,50.0,Gas,0.0,298.0,453.15,Fail,3.1746031746031744,0.47619047619047616,63.492063492063494
Argon,1,90,50.0,110.0,150.0,80.0,56.15135135135135,0,1,50.0,Gas,0.0,298.0,453.15,Fail,3.0303030303030303,0.45454545454545453,60.60606060606061
Argon,1,90,50.0,125.0,150.0,80.0,56.20864864864865,0,1,50.0,Gas,0.0,298.0,453.15,Fail,2.6666666666666665,0.4,53.333333333333336
Argon,1,90,50.0,140.0,150.0,80.0,56.265945945945944,0,1,50.0,Gas,0.0,298.0,453.15,Fail,2.380952380952381,0.35714285714285715,47.61904761904762
Argon,1,90,50.0,160.0,150.0,80.0,56.32324324324324,0,1,50.0,Gas,0.0,298.0,453.15,Fail,2.0833333333333335,0.3125,41.66666666666667
Argon,1,90,50.0,190.0,150.0,80.0,56.380540540540544,0,1,50.0,Gas,0.0,298.0,453.15,Fail,1.7543859649122806,0.2631578947368421,35.08771929824561
Argon,1,90,50.0,210.0,150.0,80.0,56.43783783783784,0,1,50.0,Gas,0.0,298.0,453.15,Fail,1.5873015873015872,0.23809523809523808,31.746031746031747
Argon,1,90,50.0,325.0,150.0,80.0,56.495135135135136,0,1,50.0,Gas,0.0,298.0,453.15,Fail,1.0256410256410255,0.15384615384615385,20.512820512820515
Argon,1,90,50.0,375.0,150.0,80.0,56.55243243243243,0,1,50.0,Gas,0.0,298.0,453.15,Fail,0.8888888888888888,0.13333333333333333,17.77777777777778
Argon,1,90,50.0,425.0,150.0,80.0,56.60972972972973,0,1,50.0,Gas,0.0,298.0,453.15,Fail,0.7843137254901961,0.11764705882352941,15.686274509803921
Argon,1,90,50.0,65.0,100.0,80.0,56.667027027027025,0,1,50.0,Gas,0.0,298.0,453.15,Fail,7.6923076923076925,0.7692307692307693,153.84615384615384
Argon,1,90,50.0,75.0,100.0,80.0,56.72432432432432,0,1,50.0,Gas,0.0,298.0,453.15,Fail,6.666666666666667,0.6666666666666666,133.33333333333334
Argon,1,90,50.0,80.0,100.0,80.0,56.781621621621625,0,1,50.0,Gas,0.0,298.0,453.15,Fail,6.25,0.625,125.00000000000001
Argon,1,90,50.0,85.0,100.0,80.0,56.83891891891892,0,1,50.0,Gas,0.0,298.0,453.15,Fail,5.882352941176471,0.5882352941176471,117.64705882352942
Argon,1,90,50.0,95.0,100.0,80.0,56.89621621621622,0,1,50.0,Gas,0.0,298.0,453.15,Fail,5.2631578947368425,0.5263157894736842,105.26315789473685
Argon,1,90,50.0,105.0,100.0,80.0,56.95351351351351,0,1,50.0,Gas,0.0,298.0,453.15,Fail,4.761904761904762,0.47619047619047616,95.23809523809524
Argon,1,90,50.0,110.0,100.0,80.0,57.01081081081081,0,1,50.0,Gas,0.0,298.0,453.15,Fail,4.545454545454546,0.45454545454545453,90.90909090909092
Argon,1,90,50.0,125.0,100.0,80.0,57.068108108108106,0,1,50.0,Gas,0.0,298.0,453.15,Fail,4.0,0.4,80.0
Argon,1,90,50.0,140.0,100.0,80.0,57.1254054054054,0,1,50.0,Gas,0.0,298.0,453.15,Fail,3.5714285714285716,0.35714285714285715,71.42857142857143
Argon,1,90,50.0,160.0,100.0,80.0,57.182702702702706,0,1,50.0,Gas,0.0,298.0,453.15,Fail,3.125,0.3125,62.50000000000001
Argon,1,90,50.0,190.0,100.0,80.0,57.24,0,1,50.0,Gas,0.0,298.0,453.15,Fail,2.6315789473684212,0.2631578947368421,52.631578947368425
Argon,1,90,50.0,210.0,100.0,80.0,57.2972972972973,0,1,50.0,Gas,0.0,298.0,453.15,Fail,2.380952380952381,0.23809523809523808,47.61904761904762
Argon,1,90,50.0,325.0,100.0,80.0,57.354594594594595,0,1,50.0,Gas,0.0,298.0,453.15,Fail,1.5384615384615385,0.15384615384615385,30.76923076923077
Argon,1,90,50.0,375.0,100.0,80.0,57.41189189189189,0,1,50.0,Gas,0.0,298.0,453.15,Fail,1.3333333333333333,0.13333333333333333,26.666666666666668
Argon,1,90,50.0,425.0,50.0,80.0,57.46918918918919,0,1,50.0,Gas,0.0,298.0,453.15,Fail,2.3529411764705883,0.11764705882352941,47.05882352941177
Argon,1,90,100.0,65.0,50.0,80.0,57.52648648648649,0,1,50.0,Gas,0.0,298.0,453.15,Fail,30.76923076923077,1.5384615384615385,615.3846153846154
Argon,1,90,100.0,75.0,50.0,80.0,57.58378378378379,0,1,50.0,Gas,0.0,298.0,453.15,Fail,26.666666666666668,1.3333333333333333,533.3333333333334
Argon,1,90,100.0,80.0,50.0,80.0,57.64108108108108,0,1,50.0,Gas,0.0,298.0,453.15,Fail,25.0,1.25,500.00000000000006
Argon,1,90,100.0,85.0,50.0,80.0,57.69837837837838,0,1,50.0,Gas,0.0,298.0,453.15,Fail,23.529411764705884,1.1764705882352942,470.5882352941177
Argon,1,90,100.0,95.0,50.0,80.0,57.755675675675676,0,1,50.0,Gas,0.0,298.0,453.15,Fail,21.05263157894737,1.0526315789473684,421.0526315789474
Argon,1,90,100.0,105.0,50.0,80.0,57.81297297297297,0,1,50.0,Gas,0.0,298.0,453.15,Fail,19.047619047619047,0.9523809523809523,380.95238095238096
Argon,1,90,100.0,110.0,50.0,80.0,57.87027027027027,0,1,50.0,Gas,0.0,298.0,453.15,Fail,18.181818181818183,0.9090909090909091,363.6363636363637
Argon,1,90,100.0,125.0,50.0,80.0,57.927567567567564,0,1,50.0,Gas,0.0,298.0,453.15,Fail,16.0,0.8,320.0
Argon,1,90,100.0,140.0,50.0,80.0,57.98486486486487,0,1,50.0,Gas,0.0,298.0,453.15,Fail,14.285714285714286,0.7142857142857143,285.7142857142857
Argon,1,90,100.0,160.0,50.0,80.0,58.042162162162164,0,1,50.0,Gas,0.0,298.0,453.15,Fail,12.5,0.625,250.00000000000003
Argon,1,90,100.0,190.0,50.0,80.0,58.09945945945946,0,1,50.0,Gas,0.0,298.0,453.15,Fail,10.526315789473685,0.5263157894736842,210.5263157894737
Argon,1,90,100.0,210.0,50.0,80.0,58.15675675675676,0,1,50.0,Gas,0.0,298.0,453.15,Fail,9.523809523809524,0.47619047619047616,190.47619047619048
Argon,1,90,100.0,325.0,50.0,80.0,58.21405405405405,0,1,50.0,Gas,0.0,298.0,453.15,Fail,6.153846153846154,0.3076923076923077,123.07692307692308
Argon,1,90,100.0,375.0,50.0,80.0,58.27135135135135,0,1,50.0,Gas,0.0,298.0,453.15,Fail,5.333333333333333,0.26666666666666666,106.66666666666667
Argon,1,90,100.0,425.0,50.0,80.0,58.32864864864865,0,1,50.0,Gas,0.0,298.0,453.15,Fail,4.705882352941177,0.23529411764705882,94.11764705882354
Argon,1,90,100.0,65.0,100.0,80.0,58.38594594594595,0,1,50.0,Gas,0.0,298.0,453.15,Fail,15.384615384615385,1.5384615384615385,307.6923076923077
Argon,1,90,100.0,75.0,100.0,80.0,58.443243243243245,0,1,50.0,Gas,0.0,298.0,453.15,Fail,13.333333333333334,1.3333333333333333,266.6666666666667
Argon,1,90,100.0,80.0,100.0,80.0,58.50054054054054,0,1,50.0,Gas,0.0,298.0,453.15,Fail,12.5,1.25,250.00000000000003
Argon,1,90,100.0,85.0,100.0,80.0,58.55783783783784,0,1,50.0,Gas,0.0,298.0,453.15,Fail,11.764705882352942,1.1764705882352942,235.29411764705884
Argon,1,90,100.0,95.0,100.0,80.0,58.615135135135134,0,1,50.0,Gas,0.0,298.0,453.15,Fail,10.526315789473685,1.0526315789473684,210.5263157894737
Argon,1,90,100.0,105.0,100.0,80.0,58.67243243243243,0,1,50.0,Gas,0.0,298.0,453.15,Fail,9.523809523809524,0.9523809523809523,190.47619047619048
Argon,1,90,100.0,110.0,100.0,80.0,58.729729729729726,0,1,50.0,Gas,0.0,298.0,453.15,Fail,9.090909090909092,0.9090909090909091,181.81818181818184
Argon,1,90,100.0,125.0,100.0,80.0,58.78702702702703,0,1,50.0,Gas,0.0,298.0,453.15,Fail,8.0,0.8,160.0
Argon,1,90,100.0,140.0,100.0,80.0,58.844324324324326,0,1,50.0,Gas,0.0,298.0,453.15,Fail,7.142857142857143,0.7142857142857143,142.85714285714286
Argon,1,90,100.0,160.0,100.0,80.0,58.90162162162162,0,1,50.0,Gas,0.0,298.0,453.15,Fail,6.25,0.625,125.00000000000001
Argon,1,90,100.0,190.0,100.0,80.0,58.95891891891892,0,1,50.0,Gas,0.0,298.0,453.15,Fail,5.2631578947368425,0.5263157894736842,105.26315789473685
Argon,1,90,100.0,210.0,100.0,80.0,59.016216216216215,0,1,50.0,Gas,0.0,298.0,453.15,Fail,4.761904761904762,0.47619047619047616,95.23809523809524
Argon,1,90,100.0,325.0,100.0,80.0,59.07351351351351,0,1,50.0,Gas,0.0,298.0,453.15,Fail,3.076923076923077,0.3076923076923077,61.53846153846154
Argon,1,90,100.0,375.0,100.0,80.0,59.130810810810814,0,1,50.0,Gas,0.0,298.0,453.15,Fail,2.6666666666666665,0.26666666666666666,53.333333333333336
Argon,1,90,100.0,425.0,100.0,80.0,59.18810810810811,0,1,50.0,Gas,0.0,298.0,453.15,Fail,2.3529411764705883,0.23529411764705882,47.05882352941177
Argon,1,90,100.0,65.0,150.0,80.0,59.24540540540541,0,1,50.0,Gas,0.0,298.0,453.15,Fail,10.256410256410257,1.5384615384615385,205.12820512820514
Argon,1,90,100.0,75.0,150.0,80.0,59.3027027027027,0,1,50.0,Gas,0.0,298.0,453.15,Fail,8.88888888888889,1.3333333333333333,177.77777777777777
Argon,1,90,100.0,80.0,150.0,80.0,59.36,0,1,50.0,Gas,0.0,298.0,453.15,Fail,8.333333333333334,1.25,166.66666666666669
Argon,1,90,100.0,85.0,150.0,80.0,59.417297297297296,0,1,50.0,Gas,0.0,298.0,453.15,Fail,7.8431372549019605,1.1764705882352942,156.86274509803923
Argon,1,90,100.0,95.0,150.0,80.0,59.47459459459459,0,1,50.0,Gas,0.0,298.0,453.15,Fail,7.017543859649122,1.0526315789473684,140.35087719298244
Argon,1,90,100.0,105.0,150.0,80.0,59.531891891891895,0,1,50.0,Gas,0.0,298.0,453.15,Fail,6.349206349206349,0.9523809523809523,126.98412698412699
Argon,1,90,100.0,110.0,150.0,80.0,59.58918918918919,0,1,50.0,Gas,0.0,298.0,453.15,Fail,6.0606060606060606,0.9090909090909091,121.21212121212122
Argon,1,90,100.0,125.0,150.0,80.0,59.64648648648649,0,1,50.0,Gas,0.0,298.0,453.15,Fail,5.333333333333333,0.8,106.66666666666667
Argon,1,90,100.0,140.0,150.0,80.0,59.703783783783784,0,1,50.0,Gas,0.0,298.0,453.15,Fail,4.761904761904762,0.7142857142857143,95.23809523809524
Argon,1,90,100.0,160.0,150.0,80.0,59.76108108108108,0,1,50.0,Gas,0.0,298.0,453.15,Fail,4.166666666666667,0.625,83.33333333333334
Argon,1,90,100.0,190.0,150.0,80.0,59.81837837837838,0,1,50.0,Gas,0.0,298.0,453.15,Fail,3.508771929824561,0.5263157894736842,70.17543859649122
Argon,1,90,100.0,210.0,150.0,80.0,59.87567567567568,0,1,50.0,Gas,0.0,298.0,453.15,Fail,3.1746031746031744,0.47619047619047616,63.492063492063494
Argon,1,90,100.0,325.0,150.0,80.0,59.932972972972976,0,1,50.0,Gas,0.0,298.0,453.15,Fail,2.051282051282051,0.3076923076923077,41.02564102564103
Argon,1,90,100.0,375.0,150.0,80.0,59.99027027027027,0,1,50.0,Gas,0.0,298.0,453.15,Fail,1.7777777777777777,0.26666666666666666,35.55555555555556
Argon,1,90,100.0,425.0,150.0,80.0,60.04756756756757,0,1,50.0,Gas,0.0,298.0,453.15,Fail,1.5686274509803921,0.23529411764705882,31.372549019607842
Argon,1,90,100.0,65.0,200.0,80.0,60.104864864864865,0,1,50.0,Gas,0.0,298.0,453.15,Fail,7.6923076923076925,1.5384615384615385,153.84615384615384
Argon,1,90,100.0,75.0,200.0,80.0,60.16216216216216,0,1,50.0,Gas,0.0,298.0,453.15,Fail,6.666666666666667,1.3333333333333333,133.33333333333334
Argon,1,90,100.0,80.0,200.0,80.0,60.21945945945946,0,1,50.0,Gas,0.0,298.0,453.15,Fail,6.25,1.25,125.00000000000001
Argon,1,90,100.0,85.0,200.0,80.0,60.276756756756754,0,1,50.0,Gas,0.0,298.0,453.15,Fail,5.882352941176471,1.1764705882352942,117.64705882352942
Argon,1,90,100.0,95.0,200.0,80.0,60.33405405405406,0,1,50.0,Gas,0.0,298.0,453.15,Fail,5.2631578947368425,1.0526315789473684,105.26315789473685
Argon,1,90,100.0,105.0,200.0,80.0,60.391351351351354,0,1,50.0,Gas,0.0,298.0,453.15,Fail,4.761904761904762,0.9523809523809523,95.23809523809524
Argon,1,90,100.0,110.0,200.0,80.0,60.44864864864865,0,1,50.0,Gas,0.0,298.0,453.15,Fail,4.545454545454546,0.9090909090909091,90.90909090909092
Argon,1,90,100.0,125.0,200.0,80.0,60.505945945945946,0,1,50.0,Gas,0.0,298.0,453.15,Fail,4.0,0.8,80.0
Argon,1,90,100.0,140.0,200.0,80.0,60.56324324324324,0,1,50.0,Gas,0.0,298.0,453.15,Fail,3.5714285714285716,0.7142857142857143,71.42857142857143
Argon,1,90,100.0,160.0,200.0,80.0,60.62054054054054,0,1,50.0,Gas,0.0,298.0,453.15,Fail,3.125,0.625,62.50000000000001
Argon,1,90,100.0,190.0,200.0,80.0,60.67783783783784,0,1,50.0,Gas,0.0,298.0,453.15,Fail,2.6315789473684212,0.5263157894736842,52.631578947368425
Argon,1,90,100.0,210.0,200.0,80.0,60.73513513513514,0,1,50.0,Gas,0.0,298.0,453.15,Fail,2.380952380952381,0.47619047619047616,47.61904761904762
Argon,1,90,100.0,325.0,200.0,80.0,60.792432432432435,0,1,50.0,Gas,0.0,298.0,453.15,Fail,1.5384615384615385,0.3076923076923077,30.76923076923077
Argon,1,90,100.0,375.0,200.0,80.0,60.84972972972973,0,1,50.0,Gas,0.0,298.0,453.15,Fail,1.3333333333333333,0.26666666666666666,26.666666666666668
Argon,1,90,100.0,425.0,200.0,80.0,60.90702702702703,0,1,50.0,Gas,0.0,298.0,453.15,Fail,1.1764705882352942,0.23529411764705882,23.529411764705884
Argon,1,90,100.0,65.0,300.0,80.0,60.96432432432432,0,1,50.0,Gas,0.0,298.0,453.15,Fail,5.128205128205129,1.5384615384615385,102.56410256410257
Argon,1,90,100.0,75.0,300.0,80.0,61.02162162162162,0,1,50.0,Gas,0.0,298.0,453.15,Fail,4.444444444444445,1.3333333333333333,88.88888888888889
Argon,1,90,100.0,80.0,300.0,80.0,61.078918918918916,0,1,50.0,Gas,0.0,298.0,453.15,Fail,4.166666666666667,1.25,83.33333333333334
Argon,1,90,100.0,85.0,300.0,80.0,61.13621621621622,0,1,50.0,Gas,0.0,298.0,453.15,Fail,3.9215686274509802,1.1764705882352942,78.43137254901961
Argon,1,90,100.0,95.0,300.0,80.0,61.193513513513516,0,1,50.0,Gas,0.0,298.0,453.15,Fail,3.508771929824561,1.0526315789473684,70.17543859649122
Argon,1,90,100.0,105.0,300.0,80.0,61.25081081081081,0,1,50.0,Gas,0.0,298.0,453.15,Fail,3.1746031746031744,0.9523809523809523,63.492063492063494
Argon,1,90,100.0,110.0,300.0,80.0,61.30810810810811,0,1,50.0,Gas,0.0,298.0,453.15,Fail,3.0303030303030303,0.9090909090909091,60.60606060606061
Argon,1,90,100.0,125.0,300.0,80.0,61.365405405405404,0,1,50.0,Gas,0.0,298.0,453.15,Fail,2.6666666666666665,0.8,53.333333333333336
Argon,1,90,100.0,140.0,300.0,80.0,61.42270270270271,0,1,50.0,Gas,0.0,298.0,453.15,Fail,2.380952380952381,0.7142857142857143,47.61904761904762
Argon,1,90,100.0,160.0,300.0,80.0,61.480000000000004,0,1,50.0,Gas,0.0,298.0,453.15,Fail,2.0833333333333335,0.625,41.66666666666667
Argon,1,90,100.0,190.0,300.0,80.0,61.5372972972973,0,1,50.0,Gas,0.0,298.0,453.15,Fail,1.7543859649122806,0.5263157894736842,35.08771929824561
Argon,1,90,100.0,210.0,300.0,80.0,61.5945945945946,0,1,50.0,Gas,0.0,298.0,453.15,Fail,1.5873015873015872,0.47619047619047616,31.746031746031747
Argon,1,90,100.0,325.0,300.0,80.0,61.65189189189189,0,1,50.0,Gas,0.0,298.0,453.15,Fail,1.0256410256410255,0.3076923076923077,20.512820512820515
Argon,1,90,100.0,375.0,300.0,80.0,61.70918918918919,0,1,50.0,Gas,0.0,298.0,453.15,Fail,0.8888888888888888,0.26666666666666666,17.77777777777778
Argon,1,90,100.0,425.0,300.0,80.0,61.766486486486485,0,1,50.0,Gas,0.0,298.0,453.15,Fail,0.7843137254901961,0.23529411764705882,15.686274509803921
Argon,1,90,100.0,110.0,100.0,80.0,61.82378378378378,0,1,50.0,Gas,0.0,298.0,453.15,Fail,9.090909090909092,0.9090909090909091,181.81818181818184
Argon,1,90,100.0,140.0,100.0,80.0,61.88108108108108,0,1,50.0,Gas,0.0,298.0,453.15,Fail,7.142857142857143,0.7142857142857143,142.85714285714286
Argon,1,90,100.0,165.0,100.0,80.0,61.93837837837838,0,1,50.0,Gas,0.0,298.0,453.15,Fail,6.0606060606060606,0.6060606060606061,121.21212121212122
Argon,1,90,100.0,185.0,100.0,80.0,61.99567567567568,0,1,50.0,Gas,0.0,298.0,453.15,Fail,5.405405405405405,0.5405405405405406,108.10810810810811
Argon,1,90,100.0,215.0,100.0,80.0,62.052972972972974,0,1,50.0,Gas,0.0,298.0,453.15,Fail,4.651162790697675,0.46511627906976744,93.0232558139535
Argon,1,90,100.0,325.0,100.0,80.0,62.11027027027027,0,1,50.0,Gas,0.0,298.0,453.15,Fail,3.076923076923077,0.3076923076923077,61.53846153846154
Argon,1,90,100.0,375.0,100.0,80.0,62.167567567567566,0,1,50.0,Gas,0.0,298.0,453.15,Fail,2.6666666666666665,0.26666666666666666,53.333333333333336
Argon,1,90,100.0,425.0,100.0,80.0,62.22486486486487,0,1,50.0,Gas,0.0,298.0,453.15,Fail,2.3529411764705883,0.23529411764705882,47.05882352941177
Argon,1,90,100.0,500.0,100.0,80.0,62.282162162162166,0,1,50.0,Gas,0.0,298.0,453.15,Fail,2.0,0.2,40.0
Argon,1,90,100.0,565.0,100.0,80.0,62.33945945945946,0,1,50.0,Gas,0.0,298.0,453.15,Fail,1.7699115044247788,0.17699115044247787,35.39823008849558
Argon,1,90,100.0,110.0,150.0,80.0,62.39675675675676,0,1,50.0,Gas,0.0,298.0,453.15,Fail,6.0606060606060606,0.9090909090909091,121.21212121212122
Argon,1,90,100.0,140.0,150.0,80.0,62.454054054054055,0,1,50.0,Gas,0.0,298.0,453.15,Fail,4.761904761904762,0.7142857142857143,95.23809523809524
Argon,1,90,100.0,165.0,150.0,80.0,62.51135135135135,0,1,50.0,Gas,0.0,298.0,453.15,Fail,4.040404040404041,0.6060606060606061,80.8080808080808
Argon,1,90,100.0,185.0,150.0,80.0,62.56864864864865,0,1,50.0,Gas,0.0,298.0,453.15,Fail,3.6036036036036037,0.5405405405405406,72.07207207207207
Argon,1,90,100.0,215.0,150.0,80.0,62.62594594594594,0,1,50.0,Gas,0.0,298.0,453.15,Fail,3.10077519379845,0.46511627906976744,62.015503875968996
Argon,1,90,100.0,325.0,150.0,80.0,62.68324324324324,0,1,50.0,Gas,0.0,298.0,453.15,Fail,2.051282051282051,0.3076923076923077,41.02564102564103
Argon,1,90,100.0,375.0,150.0,80.0,62.74054054054054,0,1,50.0,Gas,0.0,298.0,453.15,Fail,1.7777777777777777,0.26666666666666666,35.55555555555556
Argon,1,90,100.0,425.0,150.0,80.0,62.79783783783784,0,1,50.0,Gas,0.0,298.0,453.15,Fail,1.5686274509803921,0.23529411764705882,31.372549019607842
Argon,1,90,100.0,500.0,150.0,80.0,62.855135135135136,0,1,50.0,Gas,0.0,298.0,453.15,Fail,1.3333333333333333,0.2,26.666666666666668
Argon,1,90,100.0,565.0,150.0,80.0,62.91243243243243,0,1,50.0,Gas,0.0,298.0,453.15,Fail,1.1799410029498525,0.17699115044247787,23.598820058997052
Argon,1,90,100.0,110.0,200.0,80.0,62.96972972972973,0,1,50.0,Gas,0.0,298.0,453.15,Fail,4.545454545454546,0.9090909090909091,90.90909090909092
Argon,1,90,100.0,140.0,200.0,80.0,63.02702702702703,0,1,50.0,Gas,0.0,298.0,453.15,Fail,3.5714285714285716,0.7142857142857143,71.42857142857143
Argon,1,90,100.0,165.0,200.0,80.0,63.08432432432433,0,1,50.0,Gas,0.0,298.0,453.15,Fail,3.0303030303030303,0.6060606060606061,60.60606060606061
Argon,1,90,100.0,185.0,200.0,80.0,63.141621621621624,0,1,50.0,Gas,0.0,298.0,453.15,Fail,2.7027027027027026,0.5405405405405406,54.054054054054056
Argon,1,90,100.0,215.0,200.0,80.0,63.19891891891892,0,1,50.0,Gas,0.0,298.0,453.15,Fail,2.3255813953488373,0.46511627906976744,46.51162790697675
Argon,1,90,100.0,325.0,200.0,80.0,63.25621621621622,0,1,50.0,Gas,0.0,298.0,453.15,Fail,1.5384615384615385,0.3076923076923077,30.76923076923077
Argon,1,90,100.0,375.0,200.0,80.0,63.31351351351351,0,1,50.0,Gas,0.0,298.0,453.15,Fail,1.3333333333333333,0.26666666666666666,26.666666666666668
Argon,1,90,100.0,420.0,200.0,80.0,63.37081081081081,0,1,50.0,Gas,0.0,298.0,453.15,Fail,1.1904761904761905,0.23809523809523808,23.80952380952381
Argon,1,90,100.0,435.0,200.0,80.0,63.428108108108106,0,1,50.0,Gas,0.0,298.0,453.15,Fail,1.1494252873563218,0.22988505747126436,22.98850574712644
Argon,1,90,100.0,500.0,200.0,80.0,63.48540540540541,0,1,50.0,Gas,0.0,298.0,453.15,Fail,1.0,0.2,20.0
Argon,1,90,100.0,565.0,200.0,80.0,63.542702702702705,0,1,50.0,Gas,0.0,298.0,453.15,Fail,0.8849557522123894,0.17699115044247787,17.69911504424779
Argon,1,90,910.0,1.0,200.0,300.0,63.6,0,1,50.0,Gas,0.0,298.0,298.0,Fail,4550.0,910.0,91000.0
Argon,1,90,910.0,1.0,200.0,300.0,63.6,0,1,50.0,Gas,0.0,298.0,298.0,Success,4550.0,910.0,91000.0
Argon,1,90,910.0,1.5,200.0,300.0,63.6,0,1,50.0,Gas,0.0,298.0,298.0,Success,3033.3333333333335,606.6666666666666,60666.66666666667
Argon,1,90,910.0,2.0,200.0,300.0,63.6,0,1,50.0,Gas,0.0,298.0,298.0,Success,2275.0,455.0,45500.0
Argon,1,90,910.0,2.25,200.0,300.0,63.6,0,1,50.0,Gas,0.0,298.0,298.0,Success,2022.2222222222222,404.44444444444446,40444.444444444445
Argon,1,90,910.0,2.5,200.0,300.0,63.6,0,1,50.0,Gas,0.0,298.0,298.0,Success,1820.0,364.0,36400.0
Argon,1,90,910.0,0.15,700.0,1000.0,63.6,0,1,50.0,Gas,0.0,298.0,298.0,Fail,8666.666666666668,6066.666666666667,173333.33333333334
Argon,1,90,910.0,0.2,700.0,1000.0,63.6,0,1,50.0,Gas,0.0,298.0,298.0,Fail,6499.999999999999,4550.0,130000.00000000001
Argon,1,90,910.0,0.25,700.0,1000.0,63.6,0,1,50.0,Gas,0.0,298.0,298.0,Fail,5199.999999999999,3640.0,104000.00000000001
Argon,1,90,910.0,0.3,700.0,1000.0,63.6,0,1,50.0,Gas,0.0,298.0,298.0,Fail,4333.333333333334,3033.3333333333335,86666.66666666667
Argon,1,90,910.0,0.35,700.0,1000.0,63.6,0,1,50.0,Gas,0.0,298.0,298.0,Fail,3714.2857142857147,2600.0,74285.7142857143
Argon,1,90,910.0,0.4,700.0,1000.0,63.6,0,1,50.0,Gas,0.0,298.0,298.0,Fail,3249.9999999999995,2275.0,65000.00000000001
Nitrogen,1,90,95.0,0.01,140.0,200.0,63.583333333333336,0,1,70.0,Water,0.0,298.0,298.0,Success,67857.14285714284,9500.0,969387.7551020407
Nitrogen,1,90,95.0,0.1,140.0,200.0,63.56666666666667,0,1,70.0,Water,0.0,298.0,298.0,Fail,6785.714285714285,950.0,96938.77551020408
Nitrogen,1,90,95.0,0.3,140.0,200.0,63.550000000000004,0,1,70.0,Water,0.0,298.0,298.0,Fail,2261.904761904762,316.6666666666667,32312.92517006803
Nitrogen,1,90,95.0,0.05,140.0,200.0,63.53333333333333,0,1,70.0,Water,0.0,298.0,298.0,Fail,13571.42857142857,1900.0,193877.55102040817
Nitrogen,1,90,95.0,0.1,140.0,200.0,63.516666666666666,0,1,70.0,Gas,0.0,298.0,298.0,Fail,6785.714285714285,950.0,96938.77551020408
Nitrogen,1,90,95.0,0.1,140.0,200.0,63.5,0,1,70.0,Gas,0.0,298.0,298.0,Fail,6785.714285714285,950.0,96938.77551020408
Nitrogen,1,90,95.0,0.1,140.0,200.0,63.483333333333334,0,1,70.0,Gas,0.0,298.0,298.0,Fail,6785.714285714285,950.0,96938.77551020408
Nitrogen,1,90,95.0,0.1,140.0,200.0,63.46666666666667,0,1,70.0,Gas,0.0,298.0,298.0,Fail,6785.714285714285,950.0,96938.77551020408
Nitrogen,1,90,95.0,0.1,140.0,200.0,63.45,0,1,70.0,Gas,0.0,298.0,298.0,Fail,6785.714285714285,950.0,96938.77551020408
Nitrogen,1,90,95.0,0.05,140.0,200.0,63.43333333333334,0,1,70.0,Water,0.0,298.0,298.0,Fail,13571.42857142857,1900.0,193877.55102040817
Nitrogen,1,90,95.0,0.07,140.0,200.0,63.416666666666664,0,1,70.0,Water,0.0,298.0,298.0,Fail,9693.877551020407,1357.142857142857,138483.96501457726
Nitrogen,1,90,95.0,0.1,140.0,200.0,63.4,0,1,70.0,Water,0.0,298.0,298.0,Fail,6785.714285714285,950.0,96938.77551020408
Nitrogen,1,90,95.0,0.2,140.0,200.0,63.38333333333333,0,1,70.0,Water,0.0,298.0,298.0,Fail,3392.8571428571427,475.0,48469.38775510204
Nitrogen,1,90,95.0,0.05,140.0,200.0,63.36666666666667,0,1,70.0,Gas,0.0,298.0,298.0,Fail,13571.42857142857,1900.0,193877.55102040817
Nitrogen,1,90,95.0,0.07,140.0,200.0,63.35,0,1,70.0,Gas,0.0,298.0,298.0,Fail,9693.877551020407,1357.142857142857,138483.96501457726
Nitrogen,1,90,95.0,0.1,140.0,200.0,63.333333333333336,0,1,70.0,Gas,0.0,298.0,298.0,Fail,6785.714285714285,950.0,96938.77551020408
Nitrogen,1,90,95.0,0.2,140.0,200.0,63.31666666666667,0,1,70.0,Gas,0.0,298.0,298.0,Fail,3392.8571428571427,475.0,48469.38775510204
Nitrogen,1,90,95.0,0.05,140.0,200.0,63.3,0,1,70.0,Gas,0.0,298.0,298.0,Fail,13571.42857142857,1900.0,193877.55102040817
Nitrogen,1,90,95.0,0.07,140.0,200.0,63.28333333333333,0,1,70.0,Gas,0.0,298.0,298.0,Fail,9693.877551020407,1357.142857142857,138483.96501457726
Nitrogen,1,90,95.0,0.2,140.0,200.0,63.266666666666666,0,1,70.0,Gas,0.0,298.0,298.0,Fail,3392.8571428571427,475.0,48469.38775510204
Nitrogen,1,90,95.0,0.05,140.0,200.0,63.25,0,1,70.0,Gas,0.0,298.0,298.0,Fail,13571.42857142857,1900.0,193877.55102040817
Nitrogen,1,90,95.0,0.2,140.0,200.0,63.233333333333334,0,1,70.0,Gas,0.0,298.0,298.0,Fail,3392.8571428571427,475.0,48469.38775510204
Nitrogen,1,90,95.0,0.05,140.0,200.0,63.21666666666667,0,1,70.0,Gas,0.0,298.0,298.0,Fail,13571.42857142857,1900.0,193877.55102040817
Nitrogen,1,90,95.0,0.2,140.0,200.0,63.2,0,1,70.0,Gas,0.0,298.0,298.0,Fail,3392.8571428571427,475.0,48469.38775510204
Argon,1,90,13.0,0.01,100.0,80.0,63.18333333333334,0,1,47.89666666666667,Gas,0.0,298.0,298.0,Fail,13000.0,1300.0,271417.6351868606
Argon,1,90,21.0,0.01,100.0,80.0,63.166666666666664,0,1,47.32,Gas,0.0,298.0,298.0,Fail,21000.0,2100.0,443786.9822485207
Argon,1,90,26.0,0.01,100.0,80.0,63.15,0,1,47.43,Gas,0.0,298.0,298.0,Fail,26000.0,2600.0,548176.2597512123
Argon,1,90,26.0,0.03,100.0,80.0,63.13333333333333,0,1,47.13766666666666,Gas,0.0,298.0,298.0,Fail,8666.666666666666,866.6666666666667,183858.6268589168
Argon,1,90,26.0,0.05,100.0,80.0,63.11666666666667,0,1,46.88,Gas,0.0,298.0,298.0,Fail,5200.0,520.0,110921.50170648463
Argon,1,90,13.0,0.01,100.0,80.0,63.1,0,1,47.89666666666667,Gas,0.0,298.0,298.0,Fail,13000.0,1300.0,271417.6351868606
Argon,1,90,21.0,0.01,100.0,80.0,63.083333333333336,0,1,47.32,Gas,0.0,298.0,298.0,Fail,21000.0,2100.0,443786.9822485207
Argon,1,90,26.0,0.01,100.0,80.0,63.06666666666667,0,1,47.43,Gas,0.0,298.0,298.0,Fail,26000.0,2600.0,548176.2597512123
Argon,1,90,21.0,0.01,100.0,80.0,63.05,0,1,47.32,Gas,0.0,298.0,298.0,Fail,21000.0,2100.0,443786.9822485207
Argon,1,90,21.0,0.03,100.0,80.0,63.03333333333333,0,1,47.12,Gas,0.0,298.0,298.0,Fail,7000.0,700.0,148556.87606112057
Argon,1,90,21.0,0.05,100.0,80.0,63.016666666666666,0,1,48.20330362448009,Gas,0.0,298.0,298.0,Fail,4200.0,420.0,87130.95751111602
Argon,1,90,350.0,1.14,170.0,80.0,63.0,0,1,50.0,Water,0.0,298.0,373.15,Fail,1805.985552115583,307.01754385964915,36119.71104231167
Argon,1,90,0.1237999999999956,0.01,1010.0,300.0,45.0,0,1,168.48150112414814,Gas,0.0,298.0,298.0,Fail,12.257425742573822,12.379999999999558,72.75235358653264
Argon,1,90,0.1237999999999956,0.02,1010.0,300.0,45.0,0,1,168.81483445748148,Gas,0.0,298.0,298.0,Fail,6.128712871286911,6.189999999999779,36.30435021295784
Argon,1,90,0.1237999999999956,0.03,1010.0,300.0,45.0,0,1,168.81483445748148,Gas,0.0,298.0,298.0,Fail,4.0858085808579405,4.12666666666652,24.2029001419719
Argon,1,90,0.1237999999999956,0.04,1010.0,300.0,45.0,0,1,168.79816779081483,Gas,0.0,298.0,298.0,Fail,3.0643564356434556,3.0949999999998896,18.153967402306147
Argon,1,90,0.1237999999999956,0.05,1010.0,300.0,45.0,0,1,170.30457145265584,Gas,0.0,298.0,298.0,Fail,2.451485148514764,2.4759999999999116,14.394711355098709
Argon,1,90,0.1237999999999956,0.06,1010.0,300.0,45.0,0,1,171.99965927318866,Gas,0.0,298.0,298.0,Fail,2.0429042904289703,2.06333333333326,11.877374054469529
Argon,1,90,0.1237999999999956,0.07,1010.0,300.0,45.0,0,1,171.99965927318866,Gas,0.0,298.0,298.0,Fail,1.7510608203676887,1.7685714285713654,10.180606332402451
Argon,1,90,0.1237999999999956,0.08,1010.0,300.0,45.0,0,1,160.1542142906114,Gas,0.0,298.0,298.0,Fail,1.5321782178217278,1.5474999999999448,9.566892913860384
Argon,1,90,0.1237999999999956,0.09,1010.0,300.0,45.0,0,1,89.30534252784253,Gas,0.0,298.0,298.0,Fail,1.3619361936193135,1.3755555555555066,15.250332791621126
Argon,1,90,0.1237999999999956,0.1,1010.0,300.0,45.0,0,1,86.82644642394644,Gas,0.0,298.0,298.0,Fail,1.225742574257382,1.2379999999999558,14.117156980863454
Argon,1,90,0.1237999999999956,0.11,1010.0,300.0,45.0,0,1,72.25929135679134,Gas,0.0,298.0,298.0,Fail,1.1143114311430748,1.1254545454545053,15.421012443105635
Argon,1,90,0.1237999999999956,0.12,1010.0,300.0,45.0,0,1,72.19262469012467,Gas,0.0,298.0,298.0,Fail,1.0214521452144851,1.03166666666663,14.148981971481236
Argon,1,90,0.1237999999999956,0.13,1010.0,300.0,45.0,0,1,72.19262469012467,Gas,0.0,298.0,298.0,Fail,0.9428789032749091,0.9523076923076584,13.060598742905755
Argon,1,90,0.1237999999999956,0.14,1010.0,300.0,45.0,0,1,36.4537037037037,Gas,0.0,298.0,298.0,Fail,0.8755304101838444,0.8842857142856827,24.01759824735971
Argon,1,90,0.1237999999999956,0.15,1010.0,300.0,45.0,0,1,36.38703703703704,Gas,0.0,298.0,298.0,Fail,0.8171617161715881,0.8253333333333039,22.457495380561735
Argon,1,90,0.1237999999999956,0.16,1010.0,300.0,45.0,0,1,36.38703703703704,Gas,0.0,298.0,298.0,Fail,0.7660891089108639,0.7737499999999724,21.05390191927663
Argon,1,90,0.1237999999999956,0.17,1010.0,300.0,45.0,0,1,36.28703703703704,Gas,0.0,298.0,298.0,Fail,0.7210250436808129,0.7282352941176211,19.87004458217091
Argon,1,90,0.1237999999999956,0.18,1010.0,300.0,45.0,0,1,36.42037037037037,Gas,0.0,298.0,298.0,Fail,0.6809680968096568,0.6877777777777533,18.697451175940138
Argon,1,90,0.1237999999999956,0.19,1010.0,300.0,45.0,0,1,36.42037037037037,Gas,0.0,298.0,298.0,Fail,0.64512767066178,0.6515789473683978,17.713374798259075
Argon,1,90,0.1237999999999956,0.2,1010.0,300.0,45.0,0,1,36.42037037037037,Gas,0.0,298.0,298.0,Fail,0.612871287128691,0.6189999999999779,16.827706058346124
Argon,1,90,0.1237999999999956,0.21,1010.0,300.0,45.0,0,1,36.403703703703705,Gas,0.0,298.0,298.0,Fail,0.5836869401225628,0.5895238095237886,16.03372406481758
Argon,1,90,0.1237999999999956,0.22,1010.0,300.0,45.0,0,1,35.32037037037037,Gas,0.0,298.0,298.0,Fail,0.5571557155715374,0.5627272727272526,15.77434522144551
Argon,1,90,0.1237999999999956,0.23,1010.0,300.0,45.0,0,1,35.32037037037037,Gas,0.0,298.0,298.0,Fail,0.5329315540249487,0.5382608695651983,15.08850412486092
Argon,1,90,0.1237999999999956,0.24,1010.0,300.0,45.0,0,1,35.32037037037037,Gas,0.0,298.0,298.0,Fail,0.5107260726072426,0.515833333333315,14.459816452991717
Argon,1,90,0.1237999999999956,0.25,1010.0,300.0,45.0,0,1,35.32037037037037,Gas,0.0,298.0,298.0,Fail,0.49029702970295286,0.4951999999999824,13.881423794872047
Argon,1,90,0.1237999999999956,0.26,1010.0,300.0,45.0,0,1,35.27037037037037,Gas,0.0,298.0,298.0,Fail,0.47143945163745454,0.4761538461538292,13.366444601712985
Argon,1,90,0.1237999999999956,0.27,1010.0,300.0,45.0,0,1,35.28703703703704,Gas,0.0,298.0,298.0,Fail,0.4539787312064377,0.45851851851850217,12.865311721410464
Argon,1,90,0.1237999999999956,0.28,1010.0,300.0,45.0,0,1,35.18703703703704,Gas,0.0,298.0,298.0,Fail,0.4377652050919222,0.44214285714284135,12.441093139815694
Argon,1,90,0.1237999999999956,0.29,1010.0,300.0,45.0,0,1,35.18703703703704,Gas,0.0,298.0,298.0,Fail,0.42266985319220074,0.4268965517241228,12.012089928097911
Argon,1,90,0.1237999999999956,0.3,1010.0,300.0,45.0,0,1,35.18703703703704,Gas,0.0,298.0,298.0,Fail,0.40858085808579403,0.41266666666665197,11.611686930494649
Argon,1,90,6.7280000000000015,0.01,1010.0,300.0,45.0,0,1,95.7170634920635,Gas,0.0,298.0,298.0,Fail,666.1386138613863,672.8000000000002,6959.455185507442
Argon,1,90,6.7280000000000015,0.02,1010.0,300.0,45.0,0,1,123.20844155844155,Gas,0.0,298.0,298.0,Fail,333.06930693069313,336.4000000000001,2703.2994064185787
Argon,1,90,6.7280000000000015,0.03,1010.0,300.0,45.0,0,1,168.81483445748148,Gas,0.0,298.0,298.0,Fail,222.0462046204621,224.26666666666674,1315.324007715612
Argon,1,90,6.7280000000000015,0.04,1010.0,300.0,45.0,0,1,168.79816779081483,Gas,0.0,298.0,298.0,Fail,166.53465346534657,168.20000000000005,986.5904093919235
Argon,1,90,6.7280000000000015,0.05,1010.0,300.0,45.0,0,1,170.30457145265584,Gas,0.0,298.0,298.0,Fail,133.22772277227725,134.56000000000003,782.2909369717898
Argon,1,90,6.7280000000000015,0.06,1010.0,300.0,45.0,0,1,171.99965927318866,Gas,0.0,298.0,298.0,Fail,111.02310231023105,112.13333333333337,645.4844316516467
Argon,1,90,6.7280000000000015,0.07,1010.0,300.0,45.0,0,1,171.99965927318866,Gas,0.0,298.0,298.0,Fail,95.16265912305519,96.11428571428573,553.2723699871257
Argon,1,90,6.7280000000000015,0.08,1010.0,300.0,45.0,0,1,160.1542142906114,Gas,0.0,298.0,298.0,Fail,83.26732673267328,84.10000000000002,519.9196730569869
Argon,1,90,6.7280000000000015,0.09,1010.0,300.0,45.0,0,1,89.30534252784253,Gas,0.0,298.0,298.0,Fail,74.01540154015403,74.75555555555557,828.790299047097
Argon,1,90,6.7280000000000015,0.1,1010.0,300.0,45.0,0,1,86.82644642394644,Gas,0.0,298.0,298.0,Fail,66.61386138613862,67.28000000000002,767.2070449697311
Argon,1,90,6.7280000000000015,0.11,1010.0,300.0,45.0,0,1,72.25929135679134,Gas,0.0,298.0,298.0,Fail,60.55805580558058,61.16363636363638,838.0660074088726
Argon,1,90,6.7280000000000015,0.12,1010.0,300.0,45.0,0,1,72.19262469012467,Gas,0.0,298.0,298.0,Fail,55.51155115511553,56.066666666666684,768.9365969638867
Argon,1,90,6.7280000000000015,0.13,1010.0,300.0,45.0,0,1,72.19262469012467,Gas,0.0,298.0,298.0,Fail,51.24143183549124,51.75384615384616,709.7876279666646
Argon,1,90,6.7280000000000015,0.14,1010.0,300.0,45.0,0,1,36.4537037037037,Gas,0.0,298.0,298.0,Fail,47.581329561527596,48.057142857142864,1305.253643039111
Argon,1,90,6.7280000000000015,0.15,1010.0,300.0,45.0,0,1,36.38703703703704,Gas,0.0,298.0,298.0,Fail,44.40924092409242,44.853333333333346,1220.4687311827527
Argon,1,90,6.7280000000000015,0.16,1010.0,300.0,45.0,0,1,36.38703703703704,Gas,0.0,298.0,298.0,Fail,41.63366336633664,42.05000000000001,1144.1894354838307
Argon,1,90,6.7280000000000015,0.17,1010.0,300.0,45.0,0,1,36.28703703703704,Gas,0.0,298.0,298.0,Fail,39.18462434478742,39.5764705882353,1079.851857422057
Argon,1,90,6.7280000000000015,0.18,1010.0,300.0,45.0,0,1,36.42037037037037,Gas,0.0,298.0,298.0,Fail,37.007700770077015,37.37777777777779,1016.1264257813389
Argon,1,90,6.7280000000000015,0.19,1010.0,300.0,45.0,0,1,36.42037037037037,Gas,0.0,298.0,298.0,Fail,35.05992704533612,35.41052631578948,962.6460875823208
Argon,1,90,6.7280000000000015,0.2,1010.0,300.0,45.0,0,1,36.42037037037037,Gas,0.0,298.0,298.0,Fail,33.30693069306931,33.64000000000001,914.5137832032049
Argon,1,90,6.7280000000000015,0.21,1010.0,300.0,45.0,0,1,36.403703703703705,Gas,0.0,298.0,298.0,Fail,31.720886374351725,32.038095238095245,871.3642609700851
Argon,1,90,6.7280000000000015,0.22,1010.0,300.0,45.0,0,1,35.32037037037037,Gas,0.0,298.0,298.0,Fail,30.27902790279029,30.58181818181819,857.2681312592018
Argon,1,90,6.7280000000000015,0.23,1010.0,300.0,45.0,0,1,35.32037037037037,Gas,0.0,298.0,298.0,Fail,28.962548428755923,29.252173913043485,819.9956038131495
Argon,1,90,6.7280000000000015,0.24,1010.0,300.0,45.0,0,1,35.32037037037037,Gas,0.0,298.0,298.0,Fail,27.755775577557763,28.033333333333342,785.829120320935
Argon,1,90,6.7280000000000015,0.25,1010.0,300.0,45.0,0,1,35.32037037037037,Gas,0.0,298.0,298.0,Fail,26.64554455445545,26.912000000000006,754.3959555080976
Argon,1,90,6.7280000000000015,0.26,1010.0,300.0,45.0,0,1,35.27037037037037,Gas,0.0,298.0,298.0,Fail,25.62071591774562,25.87692307692308,726.4090410365766
Argon,1,90,6.7280000000000015,0.27,1010.0,300.0,45.0,0,1,35.28703703703704,Gas,0.0,298.0,298.0,Fail,24.67180051338467,24.91851851851852,699.1746143913788
Argon,1,90,6.7280000000000015,0.28,1010.0,300.0,45.0,0,1,35.18703703703704,Gas,0.0,298.0,298.0,Fail,23.790664780763798,24.028571428571432,676.1201506032552
Argon,1,90,6.7280000000000015,0.29,1010.0,300.0,45.0,0,1,35.18703703703704,Gas,0.0,298.0,298.0,Fail,22.970297029702976,23.200000000000006,652.8056626514187
Argon,1,90,6.7280000000000015,0.3,1010.0,300.0,45.0,0,1,35.18703703703704,Gas,0.0,298.0,298.0,Fail,22.20462046204621,22.426666666666673,631.0454738963715
Argon,1,90,13.3322,0.01,1010.0,300.0,45.0,0,1,96.01388888888889,Gas,0.0,298.0,298.0,Fail,1320.019801980198,1333.22,13748.217234568823
Argon,1,90,13.3322,0.02,1010.0,300.0,45.0,0,1,96.13373015873016,Gas,0.0,298.0,298.0,Fail,660.009900990099,666.61,6865.539284706117
Argon,1,90,13.3322,0.03,1010.0,300.0,45.0,0,1,121.5341991341991,Gas,0.0,298.0,298.0,Fail,440.00660066006606,444.4066666666667,3620.4344439231218
Argon,1,90,13.3322,0.04,1010.0,300.0,45.0,0,1,123.19177489177488,Gas,0.0,298.0,298.0,Fail,330.0049504950495,333.305,2678.790453217854
Argon,1,90,13.3322,0.05,1010.0,300.0,45.0,0,1,170.30457145265584,Gas,0.0,298.0,298.0,Fail,264.0039603960396,266.644,1550.18716258848
Argon,1,90,13.3322,0.06,1010.0,300.0,45.0,0,1,171.99965927318866,Gas,0.0,298.0,298.0,Fail,220.00330033003303,222.20333333333335,1279.091489248823
Argon,1,90,13.3322,0.07,1010.0,300.0,45.0,0,1,171.99965927318866,Gas,0.0,298.0,298.0,Fail,188.5742574257426,190.45999999999998,1096.3641336418482
Argon,1,90,13.3322,0.08,1010.0,300.0,45.0,0,1,160.1542142906114,Gas,0.0,298.0,298.0,Fail,165.00247524752476,166.6525,1030.2724532001127
Argon,1,90,13.3322,0.09,1010.0,300.0,45.0,0,1,89.33867586117586,Gas,0.0,298.0,298.0,Fail,146.66886688668868,148.13555555555556,1641.717492148627
Argon,1,90,13.3322,0.1,1010.0,300.0,45.0,0,1,86.82644642394644,Gas,0.0,298.0,298.0,Fail,132.0019801980198,133.322,1520.296932958598
Argon,1,90,13.3322,0.11,1010.0,300.0,45.0,0,1,72.25929135679134,Gas,0.0,298.0,298.0,Fail,120.00180018001801,121.20181818181818,1660.7110023746386
Argon,1,90,13.3322,0.12,1010.0,300.0,45.0,0,1,72.19262469012467,Gas,0.0,298.0,298.0,Fail,110.00165016501651,111.10166666666667,1523.7242119562914
Argon,1,90,13.3322,0.13,1010.0,300.0,45.0,0,1,72.19262469012467,Gas,0.0,298.0,298.0,Fail,101.53998476770752,102.55538461538461,1406.5146571904227
Argon,1,90,13.3322,0.14,1010.0,300.0,45.0,0,1,36.4537037037037,Gas,0.0,298.0,298.0,Fail,94.2871287128713,95.22999999999999,2586.489687830861
Argon,1,90,13.3322,0.15,1010.0,300.0,45.0,0,1,36.38703703703704,Gas,0.0,298.0,298.0,Fail,88.0013201320132,88.88133333333334,2418.479966984942
Argon,1,90,13.3322,0.16,1010.0,300.0,45.0,0,1,36.38703703703704,Gas,0.0,298.0,298.0,Fail,82.50123762376238,83.32625,2267.3249690483835
Argon,1,90,13.3322,0.17,1010.0,300.0,45.0,0,1,36.28703703703704,Gas,0.0,298.0,298.0,Fail,77.64822364589399,78.42470588235294,2139.833670261942
Argon,1,90,13.3322,0.18,1010.0,300.0,45.0,0,1,36.42037037037037,Gas,0.0,298.0,298.0,Fail,73.33443344334434,74.06777777777778,2013.5554003867367
Argon,1,90,13.3322,0.19,1010.0,300.0,45.0,0,1,36.42037037037037,Gas,0.0,298.0,298.0,Fail,69.47472642001041,70.16947368421053,1907.5788003663815
Argon,1,90,13.3322,0.2,1010.0,300.0,45.0,0,1,36.42037037037037,Gas,0.0,298.0,298.0,Fail,66.0009900990099,66.661,1812.1998603480627
Argon,1,90,13.3322,0.21,1010.0,300.0,45.0,0,1,36.403703703703705,Gas,0.0,298.0,298.0,Fail,62.85808580858085,63.48666666666667,1726.6947978753517
Argon,1,90,13.3322,0.22,1010.0,300.0,45.0,0,1,35.32037037037037,Gas,0.0,298.0,298.0,Fail,60.000900090009004,60.60090909090909,1698.7619172969573
Argon,1,90,13.3322,0.23,1010.0,300.0,45.0,0,1,35.32037037037037,Gas,0.0,298.0,298.0,Fail,57.39216530348687,57.966086956521735,1624.9027035014371
Argon,1,90,13.3322,0.24,1010.0,300.0,45.0,0,1,35.32037037037037,Gas,0.0,298.0,298.0,Fail,55.00082508250826,55.55083333333334,1557.1984241888774
Argon,1,90,13.3322,0.25,1010.0,300.0,45.0,0,1,35.32037037037037,Gas,0.0,298.0,298.0,Fail,52.80079207920792,53.3288,1494.9104872213222
Argon,1,90,13.3322,0.26,1010.0,300.0,45.0,0,1,35.27037037037037,Gas,0.0,298.0,298.0,Fail,50.76999238385376,51.277692307692305,1439.4516374714394
Argon,1,90,13.3322,0.27,1010.0,300.0,45.0,0,1,35.28703703703704,Gas,0.0,298.0,298.0,Fail,48.88962229556288,49.37851851851852,1385.4839170613463
Argon,1,90,13.3322,0.28,1010.0,300.0,45.0,0,1,35.18703703703704,Gas,0.0,298.0,298.0,Fail,47.14356435643565,47.614999999999995,1339.7992080666938
Argon,1,90,13.3322,0.29,1010.0,300.0,45.0,0,1,35.18703703703704,Gas,0.0,298.0,298.0,Fail,45.51792420621373,45.973103448275864,1293.5992353747388
Argon,1,90,13.3322,0.3,1010.0,300.0,45.0,0,1,35.18703703703704,Gas,0.0,298.0,298.0,Fail,44.0006600660066,44.44066666666667,1250.4792608622477
Argon,1,90,19.936399999999992,0.01,1010.0,300.0,45.0,0,1,96.64722222222221,Gas,0.0,298.0,298.0,Fail,1973.9009900990093,1993.6399999999992,20423.77364514826
Argon,1,90,19.936399999999992,0.02,1010.0,300.0,45.0,0,1,95.19722222222221,Gas,0.0,298.0,298.0,Fail,986.9504950495046,996.8199999999996,10367.42955320305
Argon,1,90,19.936399999999992,0.03,1010.0,300.0,45.0,0,1,96.13373015873016,Gas,0.0,298.0,298.0,Fail,657.9669966996697,664.5466666666664,6844.288634314666
Argon,1,90,19.936399999999992,0.04,1010.0,300.0,45.0,0,1,121.51753246753243,Gas,0.0,298.0,298.0,Fail,493.4752475247523,498.4099999999998,4060.938676948539
Argon,1,90,19.936399999999992,0.05,1010.0,300.0,45.0,0,1,123.69003097120745,Gas,0.0,298.0,298.0,Fail,394.7801980198018,398.72799999999984,3191.6897014254832
Argon,1,90,19.936399999999992,0.06,1010.0,300.0,45.0,0,1,123.79977133977133,Gas,0.0,298.0,298.0,Fail,328.98349834983486,332.2733333333332,2657.383731727033
Argon,1,90,19.936399999999992,0.07,1010.0,300.0,45.0,0,1,171.99965927318866,Gas,0.0,298.0,298.0,Fail,281.9858557284299,284.80571428571415,1639.4558972965701
Argon,1,90,19.936399999999992,0.08,1010.0,300.0,45.0,0,1,160.12088095727805,Gas,0.0,298.0,298.0,Fail,246.73762376237616,249.2049999999999,1540.9459546266696
Argon,1,90,19.936399999999992,0.09,1010.0,300.0,45.0,0,1,89.28867586117586,Gas,0.0,298.0,298.0,Fail,219.32233223322325,221.51555555555547,2456.328645462511
Argon,1,90,19.936399999999992,0.1,1010.0,300.0,45.0,0,1,86.80977975727977,Gas,0.0,298.0,298.0,Fail,197.3900990099009,199.36399999999992,2273.8232899772793
Argon,1,90,19.936399999999992,0.11,1010.0,300.0,45.0,0,1,72.275958023458,Gas,0.0,298.0,298.0,Fail,179.44554455445538,181.23999999999992,2482.783341262862
Argon,1,90,19.936399999999992,0.12,1010.0,300.0,45.0,0,1,72.225958023458,Gas,0.0,298.0,298.0,Fail,164.49174917491743,166.1366666666666,2277.460260499318
Argon,1,90,19.936399999999992,0.13,1010.0,300.0,45.0,0,1,72.225958023458,Gas,0.0,298.0,298.0,Fail,151.83853769992373,153.356923076923,2102.2710096916776
Argon,1,90,19.936399999999992,0.14,1010.0,300.0,45.0,0,1,36.47037037037037,Gas,0.0,298.0,298.0,Fail,140.99292786421495,142.40285714285707,3865.95821299259
Argon,1,90,19.936399999999992,0.15,1010.0,300.0,45.0,0,1,36.38703703703704,Gas,0.0,298.0,298.0,Fail,131.59339933993394,132.90933333333328,3616.4912027871305
Argon,1,90,19.936399999999992,0.16,1010.0,300.0,45.0,0,1,36.38703703703704,Gas,0.0,298.0,298.0,Fail,123.36881188118808,124.60249999999995,3390.460502612935
Argon,1,90,19.936399999999992,0.17,1010.0,300.0,45.0,0,1,36.28703703703704,Gas,0.0,298.0,298.0,Fail,116.11182294700052,117.27294117647054,3199.815483101826
Argon,1,90,19.936399999999992,0.18,1010.0,300.0,45.0,0,1,36.42037037037037,Gas,0.0,298.0,298.0,Fail,109.66116611661162,110.75777777777773,3010.9843749921333
Argon,1,90,19.936399999999992,0.19,1010.0,300.0,45.0,0,1,36.42037037037037,Gas,0.0,298.0,298.0,Fail,103.88952579468469,104.92842105263153,2852.5115131504413
Argon,1,90,19.936399999999992,0.2,1010.0,300.0,45.0,0,1,36.42037037037037,Gas,0.0,298.0,298.0,Fail,98.69504950495045,99.68199999999996,2709.8859374929193
Argon,1,90,19.936399999999992,0.21,1010.0,300.0,45.0,0,1,36.403703703703705,Gas,0.0,298.0,298.0,Fail,93.99528524280996,94.93523809523806,2582.0253347806174
Argon,1,90,19.936399999999992,0.22,1010.0,300.0,45.0,0,1,35.32037037037037,Gas,0.0,298.0,298.0,Fail,89.72277227722769,90.61999999999996,2540.255703334712
Argon,1,90,19.936399999999992,0.23,1010.0,300.0,45.0,0,1,35.32037037037037,Gas,0.0,298.0,298.0,Fail,85.82178217821779,86.67999999999996,2429.809803189724
Argon,1,90,19.936399999999992,0.24,1010.0,300.0,45.0,0,1,35.32037037037037,Gas,0.0,298.0,298.0,Fail,82.24587458745872,83.0683333333333,2328.5677280568193
Argon,1,90,19.936399999999992,0.25,1010.0,300.0,45.0,0,1,35.32037037037037,Gas,0.0,298.0,298.0,Fail,78.95603960396036,79.74559999999997,2235.425018934546
Argon,1,90,19.936399999999992,0.26,1010.0,300.0,45.0,0,1,35.27037037037037,Gas,0.0,298.0,298.0,Fail,75.91926884996187,76.6784615384615,2152.4942339063014
Argon,1,90,19.936399999999992,0.27,1010.0,300.0,45.0,0,1,35.28703703703704,Gas,0.0,298.0,298.0,Fail,73.10744407774106,73.83851851851848,2071.7932197313135
Argon,1,90,19.936399999999992,0.28,1010.0,300.0,45.0,0,1,35.18703703703704,Gas,0.0,298.0,298.0,Fail,70.49646393210747,71.20142857142854,2003.478265530132
Argon,1,90,19.936399999999992,0.29,1010.0,300.0,45.0,0,1,35.18703703703704,Gas,0.0,298.0,298.0,Fail,68.06555138272445,68.7462068965517,1934.3928080980584
Argon,1,90,19.936399999999992,0.3,1010.0,300.0,45.0,0,1,35.18703703703704,Gas,0.0,298.0,298.0,Fail,65.79669966996697,66.45466666666664,1869.9130478281234
Argon,1,90,28.742000000000004,0.01,1010.0,300.0,45.0,0,1,97.11388888888888,Gas,0.0,298.0,298.0,Fail,2845.7425742574264,2874.2000000000003,29303.147127733002
Argon,1,90,28.742000000000004,0.02,1010.0,300.0,45.0,0,1,96.68055555555554,Gas,0.0,298.0,298.0,Fail,1422.8712871287132,1437.1000000000001,14717.243596217118
Argon,1,90,28.742000000000004,0.03,1010.0,300.0,45.0,0,1,95.19722222222221,Gas,0.0,298.0,298.0,Fail,948.5808580858088,958.0666666666668,9964.375387671536
Argon,1,90,28.742000000000004,0.04,1010.0,300.0,45.0,0,1,96.1170634920635,Gas,0.0,298.0,298.0,Fail,711.4356435643566,718.5500000000001,7401.762160816542
Argon,1,90,28.742000000000004,0.05,1010.0,300.0,45.0,0,1,105.13276223776224,Gas,0.0,298.0,298.0,Fail,569.1485148514852,574.84,5413.617056539725
Argon,1,90,28.742000000000004,0.06,1010.0,300.0,45.0,0,1,122.30262848262848,Gas,0.0,298.0,298.0,Fail,474.2904290429044,479.0333333333334,3878.0068337637676
Argon,1,90,28.742000000000004,0.07,1010.0,300.0,45.0,0,1,122.30262848262848,Gas,0.0,298.0,298.0,Fail,406.5346534653466,410.6,3324.0058575118
Argon,1,90,28.742000000000004,0.08,1010.0,300.0,45.0,0,1,141.81398624523626,Gas,0.0,298.0,298.0,Fail,355.7178217821783,359.27500000000003,2508.340899232902
Argon,1,90,28.742000000000004,0.09,1010.0,300.0,45.0,0,1,85.32093064343064,Gas,0.0,298.0,298.0,Fail,316.19361936193627,319.3555555555556,3705.932612049888
Argon,1,90,28.742000000000004,0.1,1010.0,300.0,45.0,0,1,86.97644642394644,Gas,0.0,298.0,298.0,Fail,284.5742574257426,287.42,3271.854267747979
Argon,1,90,28.742000000000004,0.11,1010.0,300.0,45.0,0,1,72.24262469012467,Gas,0.0,298.0,298.0,Fail,258.70387038703876,261.2909090909091,3581.041960985157
Argon,1,90,28.742000000000004,0.12,1010.0,300.0,45.0,0,1,72.17595802345801,Gas,0.0,298.0,298.0,Fail,237.1452145214522,239.5166666666667,3285.6538522755363
Argon,1,90,28.742000000000004,0.13,1010.0,300.0,45.0,0,1,72.17595802345801,Gas,0.0,298.0,298.0,Fail,218.90327494287888,221.0923076923077,3032.911248254341
Argon,1,90,28.742000000000004,0.14,1010.0,300.0,45.0,0,1,36.43703703703704,Gas,0.0,298.0,298.0,Fail,203.2673267326733,205.3,5578.590995916018
Argon,1,90,28.742000000000004,0.15,1010.0,300.0,45.0,0,1,36.370370370370374,Gas,0.0,298.0,298.0,Fail,189.71617161716176,191.61333333333337,5216.228751184692
Argon,1,90,28.742000000000004,0.16,1010.0,300.0,45.0,0,1,36.403703703703705,Gas,0.0,298.0,298.0,Fail,177.85891089108915,179.63750000000002,4885.736691483779
Argon,1,90,28.742000000000004,0.17,1010.0,300.0,45.0,0,1,36.32037037037037,Gas,0.0,298.0,298.0,Fail,167.3966220151427,169.07058823529414,4608.890832008212
Argon,1,90,28.742000000000004,0.18,1010.0,300.0,45.0,0,1,36.4537037037037,Gas,0.0,298.0,298.0,Fail,158.09680968096814,159.6777777777778,4336.920357009032
Argon,1,90,28.742000000000004,0.19,1010.0,300.0,45.0,0,1,36.4537037037037,Gas,0.0,298.0,298.0,Fail,149.77592496091717,151.27368421052634,4108.661390850662
Argon,1,90,28.742000000000004,0.2,1010.0,300.0,45.0,0,1,36.43703703703704,Gas,0.0,298.0,298.0,Fail,142.2871287128713,143.71,3905.0136971412135
Argon,1,90,28.742000000000004,0.21,1010.0,300.0,45.0,0,1,36.403703703703705,Gas,0.0,298.0,298.0,Fail,135.5115511551155,136.8666666666667,3722.466050654308
Argon,1,90,28.742000000000004,0.22,1010.0,300.0,45.0,0,1,35.32037037037037,Gas,0.0,298.0,298.0,Fail,129.35193519351938,130.64545454545456,3662.247418051721
Argon,1,90,28.742000000000004,0.23,1010.0,300.0,45.0,0,1,35.32037037037037,Gas,0.0,298.0,298.0,Fail,123.72793801119244,124.96521739130436,3503.019269440776
Argon,1,90,28.742000000000004,0.24,1010.0,300.0,45.0,0,1,35.32037037037037,Gas,0.0,298.0,298.0,Fail,118.5726072607261,119.75833333333335,3357.0601332140773
Argon,1,90,28.742000000000004,0.25,1010.0,300.0,45.0,0,1,35.32037037037037,Gas,0.0,298.0,298.0,Fail,113.82970297029705,114.96800000000002,3222.7777278855137
Argon,1,90,28.742000000000004,0.26,1010.0,300.0,45.0,0,1,35.27037037037037,Gas,0.0,298.0,298.0,Fail,109.45163747143944,110.54615384615386,3103.217695819453
Argon,1,90,28.742000000000004,0.27,1010.0,300.0,45.0,0,1,35.28703703703704,Gas,0.0,298.0,298.0,Fail,105.3978731206454,106.45185185185186,2986.8722899579384
Argon,1,90,28.742000000000004,0.28,1010.0,300.0,45.0,0,1,35.18703703703704,Gas,0.0,298.0,298.0,Fail,101.63366336633665,102.65,2888.383675481385
Argon,1,90,28.742000000000004,0.29,1010.0,300.0,45.0,0,1,35.18703703703704,Gas,0.0,298.0,298.0,Fail,98.12905428473884,99.11034482758623,2788.78423839582
Argon,1,90,28.742000000000004,0.3,1010.0,300.0,45.0,0,1,35.18703703703704,Gas,0.0,298.0,298.0,Fail,94.85808580858088,95.80666666666669,2695.824763782626
Argon,1,90,150.0,0.6,100.0,70.0,44.81,0,1,40.0,Gas,0.0,298.0,448.0,Fail,2500.0,250.0,62500.00000000001
Argon,1,90,150.0,0.8,100.0,70.0,44.81,0,1,40.0,Gas,0.0,298.0,448.0,Fail,1875.0,187.5,46875.00000000001
Argon,1,90,150.0,1.0,100.0,70.0,44.81,0,1,40.0,Gas,0.0,298.0,448.0,Fail,1500.0,150.0,37500.0
Argon,1,90,150.0,1.2,100.0,70.0,44.81,0,1,40.0,Gas,0.0,298.0,448.0,Fail,1250.0,125.0,31250.000000000004
Argon,1,90,150.0,1.4,100.0,70.0,44.81,0,1,40.0,Gas,0.0,298.0,448.0,Fail,1071.4285714285713,107.14285714285715,26785.714285714286
Argon,1,90,180.0,0.6,100.0,70.0,44.81,0,1,40.0,Gas,0.0,298.0,448.0,Fail,3000.0,300.0,75000.0
Argon,1,90,180.0,0.8,100.0,70.0,44.81,0,1,40.0,Gas,0.0,298.0,448.0,Fail,2250.0,225.0,56250.00000000001
Argon,1,90,180.0,1.0,100.0,70.0,44.81,0,1,40.0,Gas,0.0,298.0,448.0,Fail,1800.0,180.0,45000.0
Argon,1,90,180.0,1.2,100.0,70.0,44.81,0,1,40.0,Gas,0.0,298.0,448.0,Fail,1500.0,150.0,37500.0
Argon,1,90,180.0,1.4,100.0,70.0,44.81,0,1,40.0,Gas,0.0,298.0,448.0,Fail,1285.7142857142856,128.57142857142858,32142.857142857145
Argon,1,90,180.0,1.0,0.5,70.0,44.81,0,0.6,40.0,Gas,0.0,298.0,448.0,Success,360000.0,180.0,9000000.0
Argon,1,90,180.0,1.0,0.6,70.0,44.81,0,0.6,40.0,Gas,0.0,298.0,448.0,Fail,300000.0,180.0,7500000.0
Argon,1,90,180.0,1.0,0.7,70.0,44.81,0,0.6,40.0,Gas,0.0,298.0,448.0,Fail,257142.85714285716,180.0,6428571.428571429
Argon,1,90,180.0,0.8,0.5,70.0,44.81,0,0.6,40.0,Gas,0.0,298.0,448.0,Success,450000.0,225.0,11250000.0
Argon,1,90,180.0,1.4,0.5,70.0,44.81,0,0.6,40.0,Gas,0.0,298.0,448.0,Success,257142.85714285716,128.57142857142858,6428571.428571429
Argon,1,90,200.0,0.5,150.0,80.0,0.47,0,1,50.0,Gas,0.0,298.15,473.15,Fail,2666.666666666667,400.0,53333.333333333336
Argon,1,90,200.0,0.5,150.0,80.0,0.68,0,1,50.0,Gas,0.0,298.15,473.15,Fail,2666.666666666667,400.0,53333.333333333336
Argon,1,90,200.0,0.5,150.0,80.0,0.77,0,1,50.0,Gas,0.0,298.15,473.15,Fail,2666.666666666667,400.0,53333.333333333336
Argon,1,90,200.0,0.5,150.0,80.0,0.78,0,1,50.0,Gas,0.0,298.15,473.15,Fail,2666.666666666667,400.0,53333.333333333336
Argon,1,90,200.0,0.5,150.0,80.0,60.39,0,1,50.0,Gas,0.0,298.15,473.15,Fail,2666.666666666667,400.0,53333.333333333336
Argon,1,90,320.0,1.455,110.0,80.0,120.0,0,1,50.0,Gas,0.0,298.15,298.0,Fail,1999.3751952514835,219.93127147766322,39987.50390502968
Argon,1,90,350.0,1.17,240.0,80.0,119.07617021276596,0,1,50.0,Gas,0.0,298.12,373.15,Success,1246.4387464387466,299.1452991452992,24928.774928774936
Argon,1,90,350.0,1.17,240.0,80.0,118.15234042553192,0,1,50.0,Gas,0.0,298.09,373.15,Success,1246.4387464387466,299.1452991452992,24928.774928774936
Argon,1,90,350.0,1.17,240.0,80.0,117.22851063829788,0,1,50.0,Gas,0.0,298.06,373.15,Success,1246.4387464387466,299.1452991452992,24928.774928774936
Argon,1,90,350.0,1.17,240.0,80.0,116.30468085106384,0,1,50.0,Gas,0.0,298.03,373.15,Success,1246.4387464387466,299.1452991452992,24928.774928774936
Argon,1,90,300.0,0.5,100.0,195.4,115.38085106382978,0,1,50.0,Gas,0.0,298.0,298.0,Fail,6000.0,600.0,120000.0
Argon,1,90,300.0,0.748,100.0,195.4,114.45702127659574,0,1,50.0,Gas,0.0,298.0,298.0,Fail,4010.695187165775,401.06951871657753,80213.90374331552
Argon,1,90,300.0,0.9,100.0,195.4,113.5331914893617,0,1,50.0,Gas,0.0,298.0,298.0,Fail,3333.3333333333335,333.3333333333333,66666.66666666667
Argon,1,90,300.0,1.12,100.0,195.4,112.60936170212766,0,1,50.0,Gas,0.0,298.0,298.0,Fail,2678.571428571428,267.85714285714283,53571.428571428565
Argon,1,90,300.0,1.53,100.0,195.4,111.68553191489362,0,1,50.0,Gas,0.0,298.0,298.0,Fail,1960.7843137254902,196.078431372549,39215.686274509804
Argon,1,90,500.0,0.91,100.0,195.4,110.76170212765958,0,1,50.0,Gas,0.0,298.0,298.0,Fail,5494.505494505494,549.4505494505495,109890.10989010989
Argon,1,90,500.0,1.51,100.0,195.4,109.83787234042553,0,1,50.0,Gas,0.0,298.0,298.0,Fail,3311.2582781456954,331.12582781456956,66225.16556291391
Argon,1,90,500.0,1.83,100.0,195.4,108.91404255319149,0,1,50.0,Gas,0.0,298.0,298.0,Fail,2732.24043715847,273.22404371584696,54644.8087431694
Argon,1,90,500.0,2.12,100.0,195.4,107.99021276595745,0,1,50.0,Gas,0.0,298.0,298.0,Fail,2358.490566037736,235.84905660377356,47169.811320754714
Argon,1,90,500.0,2.35,100.0,195.4,107.0663829787234,0,1,50.0,Gas,0.0,298.0,298.0,Fail,2127.659574468085,212.7659574468085,42553.1914893617
Argon,1,90,500.0,2.47,100.0,195.4,106.14255319148936,0,1,50.0,Gas,0.0,298.0,298.0,Fail,2024.2914979757084,202.42914979757083,40485.829959514165
Argon,1,90,500.0,2.76,100.0,195.4,105.21872340425531,0,1,50.0,Gas,0.0,298.0,298.0,Fail,1811.5942028985505,181.1594202898551,36231.884057971016
Argon,1,90,500.0,2.8,100.0,195.4,104.29489361702127,0,1,50.0,Gas,0.0,298.0,298.0,Fail,1785.7142857142856,178.57142857142858,35714.28571428572
Argon,1,90,700.0,0.96,100.0,195.4,103.37106382978723,0,1,50.0,Gas,0.0,298.0,298.0,Fail,7291.666666666666,729.1666666666667,145833.33333333334
Argon,1,90,700.0,1.23,100.0,195.4,102.44723404255319,0,1,50.0,Gas,0.0,298.0,298.0,Fail,5691.056910569106,569.1056910569106,113821.13821138212
Argon,1,90,700.0,2.21,100.0,195.4,101.52340425531915,0,1,50.0,Gas,0.0,298.0,298.0,Fail,3167.420814479638,316.7420814479638,63348.416289592766
Argon,1,90,700.0,2.46,100.0,195.4,100.59957446808511,0,1,50.0,Gas,0.0,298.0,298.0,Fail,2845.528455284553,284.5528455284553,56910.56910569106
Argon,1,90,700.0,2.87,100.0,195.4,99.67574468085107,0,1,50.0,Gas,0.0,298.0,298.0,Fail,2439.024390243902,243.90243902439025,48780.48780487805
Argon,1,90,700.0,3.31,100.0,195.4,98.75191489361703,0,1,50.0,Gas,0.0,298.0,298.0,Fail,2114.8036253776436,211.48036253776434,42296.072507552875
Argon,1,90,1000.0,1.3,100.0,195.4,97.82808510638299,0,1,50.0,Gas,0.0,298.0,298.0,Fail,7692.307692307692,769.2307692307692,153846.15384615384
Argon,1,90,1000.0,1.64,100.0,195.4,96.90425531914893,0,1,50.0,Gas,0.0,298.0,298.0,Fail,6097.560975609756,609.7560975609756,121951.21951219514
Argon,1,90,1000.0,1.83,100.0,195.4,95.98042553191489,0,1,50.0,Gas,0.0,298.0,298.0,Fail,5464.48087431694,546.4480874316939,109289.6174863388
Argon,1,90,1000.0,2.16,100.0,195.4,95.05659574468085,0,1,50.0,Gas,0.0,298.0,298.0,Fail,4629.62962962963,462.96296296296293,92592.5925925926
Argon,1,90,1000.0,2.5,100.0,195.4,94.13276595744681,0,1,50.0,Gas,0.0,298.0,298.0,Fail,4000.0,400.0,80000.0
Argon,1,90,1000.0,2.89,100.0,195.4,93.20893617021277,0,1,50.0,Gas,0.0,298.0,298.0,Fail,3460.2076124567475,346.02076124567475,69204.15224913495
Argon,1,90,1000.0,3.35,100.0,195.4,92.28510638297873,0,1,50.0,Gas,0.0,298.0,298.0,Fail,2985.0746268656717,298.5074626865672,59701.49253731344
Argon,1,90,1000.0,3.65,100.0,195.4,91.36127659574467,0,1,50.0,Gas,0.0,298.0,298.0,Fail,2739.72602739726,273.972602739726,54794.52054794521
Argon,1,90,1000.0,4.2,100.0,195.4,90.43744680851063,0,1,50.0,Gas,0.0,298.0,298.0,Fail,2380.952380952381,238.09523809523807,47619.047619047626
Argon,1,90,1000.0,4.46,100.0,195.4,89.51361702127659,0,1,50.0,Gas,0.0,298.0,298.0,Fail,2242.152466367713,224.2152466367713,44843.04932735426
Argon,1,90,500.0,1.7,150.0,50.0,88.58978723404255,0,1,50.0,Gas,0.0,298.0,298.0,Success,1960.7843137254902,294.11764705882354,39215.686274509804
Argon,1,90,500.0,1.7,200.0,50.0,87.6659574468085,0,1,50.0,Gas,0.0,298.0,298.0,Fail,1470.5882352941176,294.11764705882354,29411.764705882357
Argon,1,90,700.0,1.7,150.0,50.0,86.74212765957446,0,1,50.0,Gas,0.0,298.0,298.0,Success,2745.098039215686,411.7647058823529,54901.96078431373
Argon,1,90,700.0,1.7,200.0,50.0,85.81829787234042,0,1,50.0,Gas,0.0,298.0,298.0,Success,2058.8235294117644,411.7647058823529,41176.4705882353
Argon,1,90,800.0,1.7,150.0,50.0,84.89446808510638,0,1,50.0,Gas,0.0,298.0,298.0,Success,3137.254901960784,470.5882352941177,62745.09803921569
Argon,1,90,800.0,1.7,200.0,50.0,83.97063829787234,0,1,50.0,Gas,0.0,298.0,298.0,Success,2352.9411764705883,470.5882352941177,47058.82352941177
Argon,1,90,800.0,1.7,250.0,50.0,83.0468085106383,0,1,50.0,Gas,0.0,298.0,298.0,Fail,1882.3529411764707,470.5882352941177,37647.05882352941
Argon,1,90,900.0,1.7,150.0,50.0,82.12297872340426,0,1,50.0,Gas,0.0,298.0,298.0,Success,3529.4117647058824,529.4117647058823,70588.23529411765
Argon,1,90,900.0,1.7,200.0,50.0,81.19914893617022,0,1,50.0,Gas,0.0,298.0,298.0,Success,2647.0588235294117,529.4117647058823,52941.176470588245
Argon,1,90,900.0,1.7,250.0,50.0,80.27531914893618,0,1,50.0,Gas,0.0,298.0,298.0,Success,2117.6470588235293,529.4117647058823,42352.941176470595
Argon,1,90,1000.0,1.7,150.0,50.0,79.35148936170212,0,1,50.0,Gas,0.0,298.0,298.0,Success,3921.5686274509803,588.2352941176471,78431.37254901961
Argon,1,90,1000.0,1.7,200.0,50.0,78.42765957446808,0,1,50.0,Gas,0.0,298.0,298.0,Success,2941.176470588235,588.2352941176471,58823.52941176471
Argon,1,90,1000.0,1.7,250.0,50.0,77.50382978723404,0,1,50.0,Gas,0.0,298.0,298.0,Fail,2352.9411764705883,588.2352941176471,47058.82352941177
Argon,1,90,260.0,0.5,45.0,40.0,76.58,N2,0.7,50.0,Argon,0.0,298.0,400.0,Fail,11555.555555555557,520.0,231111.11111111112
Argon,1,90,275.0,0.5,45.0,40.0,76.58,N2,0.7,50.0,Argon,0.0,298.0,400.0,Fail,12222.222222222223,550.0,244444.44444444447
Argon,1,90,290.0,0.5,45.0,40.0,76.58,N2,0.7,50.0,Argon,0.0,298.0,400.0,Fail,12888.888888888889,580.0,257777.7777777778
Argon,1,90,300.0,0.5,45.0,40.0,76.58,N2,0.7,50.0,Argon,0.0,298.0,400.0,Fail,13333.333333333334,600.0,266666.6666666667
Argon,1,90,320.0,0.5,45.0,40.0,76.58,N2,0.7,50.0,Argon,0.0,298.0,400.0,Fail,14222.222222222223,640.0,284444.44444444444
Argon,1,90,330.0,0.5,45.0,40.0,76.58,N2,0.7,50.0,Argon,0.0,298.0,400.0,Fail,14666.666666666668,660.0,293333.3333333334
Argon,1,90,340.0,0.5,45.0,40.0,76.58,N2,0.7,50.0,Argon,0.0,298.0,400.0,Fail,15111.111111111111,680.0,302222.22222222225
Argon,1,90,350.0,0.5,45.0,40.0,76.58,N2,0.7,50.0,Argon,0.0,298.0,400.0,Success,15555.555555555557,700.0,311111.1111111111
Argon,1,90,360.0,0.5,45.0,40.0,76.58,N2,0.7,50.0,Argon,0.0,298.0,400.0,Success,16000.0,720.0,320000.0
Argon,1,90,370.0,1.6,100.0,100.0,76.37493506493506,0,0.7,30.0,Gas,0.0,298.0,308.0,Success,2312.5,231.25,77083.33333333334
Argon,1,90,200.0,0.6,100.0,100.0,76.16987012987013,0,0.7,30.0,Gas,0.0,298.0,308.0,Fail,3333.3333333333335,333.33333333333337,111111.11111111111
Argon,1,90,250.0,1.2,80.0,100.0,75.9648051948052,0,0.7,30.0,Gas,0.0,298.0,308.0,Success,2604.1666666666665,208.33333333333334,86805.55555555556
Argon,1,90,250.0,1.6,100.0,100.0,75.75974025974025,0,0.7,30.0,Gas,0.0,298.0,308.0,Success,1562.5,156.25,52083.333333333336
Argon,1,90,300.0,2.0,80.0,100.0,75.55467532467533,0,0.7,30.0,Gas,0.0,298.0,308.0,Success,1875.0,150.0,62500.00000000001
Argon,1,90,250.0,1.8,100.0,100.0,75.34961038961039,0,0.7,30.0,Gas,0.0,298.0,308.0,Success,1388.888888888889,138.88888888888889,46296.2962962963
Argon,1,90,250.0,2.0,80.0,100.0,75.14454545454545,0,0.7,30.0,Gas,0.0,298.0,308.0,Fail,1562.5,125.0,52083.333333333336
Argon,1,90,200.0,0.6,100.0,100.0,74.93948051948051,0,0.7,50.0,Gas,0.0,298.0,308.0,Fail,3333.3333333333335,333.33333333333337,66666.66666666667
Argon,1,90,200.0,0.4,100.0,100.0,74.73441558441559,0,0.7,30.0,Gas,0.0,298.0,308.0,Success,5000.0,500.0,166666.6666666667
Argon,1,90,200.0,0.6,100.0,100.0,74.52935064935065,0,0.7,30.0,Gas,0.0,298.0,308.0,Success,3333.3333333333335,333.33333333333337,111111.11111111111
Argon,1,90,200.0,0.8,100.0,100.0,74.32428571428571,0,0.7,30.0,Gas,0.0,298.0,308.0,Success,2500.0,250.0,83333.33333333334
Argon,1,90,200.0,1.0,100.0,100.0,74.11922077922078,0,0.7,30.0,Gas,0.0,298.0,308.0,Success,2000.0,200.0,66666.66666666667
Argon,1,90,200.0,1.2,100.0,100.0,73.91415584415584,0,0.7,30.0,Gas,0.0,298.0,308.0,Success,1666.6666666666667,166.66666666666669,55555.555555555555
Argon,1,90,200.0,1.4,100.0,100.0,73.7090909090909,0,0.7,30.0,Gas,0.0,298.0,308.0,Success,1428.5714285714284,142.85714285714286,47619.04761904762
Argon,1,90,200.0,1.6,100.0,100.0,73.50402597402598,0,0.7,30.0,Gas,0.0,298.0,308.0,Fail,1250.0,125.0,41666.66666666667
Argon,1,90,250.0,0.4,100.0,100.0,73.29896103896104,0,0.7,30.0,Gas,0.0,298.0,308.0,Success,6250.0,625.0,208333.33333333334
Argon,1,90,250.0,0.6,100.0,100.0,73.0938961038961,0,0.7,30.0,Gas,0.0,298.0,308.0,Success,4166.666666666667,416.6666666666667,138888.8888888889
Argon,1,90,250.0,0.8,100.0,100.0,72.88883116883116,0,0.7,30.0,Gas,0.0,298.0,308.0,Success,3125.0,312.5,104166.66666666667
Argon,1,90,250.0,1.0,100.0,100.0,72.68376623376624,0,0.7,30.0,Gas,0.0,298.0,308.0,Success,2500.0,250.0,83333.33333333333
Argon,1,90,250.0,1.2,100.0,100.0,72.4787012987013,0,0.7,30.0,Gas,0.0,298.0,308.0,Success,2083.3333333333335,208.33333333333334,69444.44444444445
Argon,1,90,250.0,1.4,100.0,100.0,72.27363636363636,0,0.7,30.0,Gas,0.0,298.0,308.0,Success,1785.7142857142856,178.57142857142858,59523.80952380953
Argon,1,90,250.0,1.6,100.0,100.0,72.06857142857143,0,0.7,30.0,Gas,0.0,298.0,308.0,Success,1562.5,156.25,52083.333333333336
Argon,1,90,250.0,1.8,100.0,100.0,71.86350649350649,0,0.7,30.0,Gas,0.0,298.0,308.0,Success,1388.888888888889,138.88888888888889,46296.2962962963
Argon,1,90,250.0,2.0,100.0,100.0,71.65844155844155,0,0.7,30.0,Gas,0.0,298.0,308.0,Success,1250.0,125.0,41666.666666666664
Argon,1,90,300.0,0.6,100.0,100.0,71.45337662337663,0,0.7,30.0,Gas,0.0,298.0,308.0,Success,5000.0,500.0,166666.66666666666
Argon,1,90,300.0,0.8,100.0,100.0,71.24831168831169,0,0.7,30.0,Gas,0.0,298.0,308.0,Success,3750.0,375.0,125000.00000000001
Argon,1,90,300.0,1.0,100.0,100.0,71.04324675324675,0,0.7,30.0,Gas,0.0,298.0,308.0,Success,3000.0,300.0,100000.0
Argon,1,90,300.0,1.2,100.0,100.0,70.83818181818182,0,0.7,30.0,Gas,0.0,298.0,308.0,Success,2500.0,250.0,83333.33333333333
Argon,1,90,300.0,1.4,100.0,100.0,70.63311688311688,0,0.7,30.0,Gas,0.0,298.0,308.0,Success,2142.8571428571427,214.2857142857143,71428.57142857143
Argon,1,90,300.0,1.6,100.0,100.0,70.42805194805194,0,0.7,30.0,Gas,0.0,298.0,308.0,Success,1875.0,187.5,62500.00000000001
Argon,1,90,300.0,1.8,100.0,100.0,70.222987012987,0,0.7,30.0,Gas,0.0,298.0,308.0,Success,1666.6666666666667,166.66666666666666,55555.55555555556
Argon,1,90,300.0,2.0,100.0,100.0,70.01792207792208,0,0.7,30.0,Gas,0.0,298.0,308.0,Success,1500.0,150.0,50000.0
Argon,1,90,300.0,2.2,100.0,100.0,69.81285714285714,0,0.7,30.0,Gas,0.0,298.0,308.0,Fail,1363.6363636363635,136.36363636363635,45454.54545454545
Argon,1,90,300.0,2.4,100.0,100.0,69.6077922077922,0,0.7,30.0,Gas,0.0,298.0,308.0,Fail,1250.0,125.0,41666.666666666664
Argon,1,90,370.0,0.4,100.0,100.0,69.40272727272728,0,0.7,30.0,Gas,0.0,298.0,308.0,Fail,9250.0,925.0,308333.3333333334
Argon,1,90,370.0,0.6,100.0,100.0,69.19766233766234,0,0.7,30.0,Gas,0.0,298.0,308.0,Fail,6166.666666666667,616.6666666666667,205555.55555555556
Argon,1,90,370.0,1.0,100.0,100.0,68.9925974025974,0,0.7,30.0,Gas,0.0,298.0,308.0,Success,3700.0,370.0,123333.33333333333
Argon,1,90,370.0,1.2,100.0,100.0,68.78753246753247,0,0.7,30.0,Gas,0.0,298.0,308.0,Success,3083.3333333333335,308.33333333333337,102777.77777777778
Argon,1,90,370.0,1.4,100.0,100.0,68.58246753246753,0,0.7,30.0,Gas,0.0,298.0,308.0,Success,2642.8571428571427,264.2857142857143,88095.2380952381
Argon,1,90,370.0,1.6,100.0,100.0,68.3774025974026,0,0.7,30.0,Gas,0.0,298.0,308.0,Success,2312.5,231.25,77083.33333333334
Argon,1,90,370.0,1.8,100.0,100.0,68.17233766233767,0,0.7,30.0,Gas,0.0,298.0,308.0,Success,2055.5555555555557,205.55555555555554,68518.51851851853
Argon,1,90,370.0,2.0,100.0,100.0,67.96727272727273,0,0.7,30.0,Gas,0.0,298.0,308.0,Success,1850.0,185.0,61666.666666666664
Argon,1,90,370.0,2.2,100.0,100.0,67.76220779220779,0,0.7,30.0,Gas,0.0,298.0,308.0,Success,1681.8181818181815,168.18181818181816,56060.60606060606
Argon,1,90,370.0,2.4,100.0,100.0,67.55714285714285,0,0.7,30.0,Gas,0.0,298.0,308.0,Success,1541.6666666666667,154.16666666666669,51388.88888888889
Argon,1,90,370.0,2.6,100.0,100.0,67.35207792207792,0,0.7,30.0,Gas,0.0,298.0,308.0,Fail,1423.076923076923,142.3076923076923,47435.89743589744
Argon,1,90,370.0,0.8,100.0,100.0,67.14701298701299,0,0.7,30.0,Gas,0.0,298.0,308.0,Fail,4625.0,462.5,154166.6666666667
Argon,1,90,320.0,0.5,45.0,40.0,66.94194805194805,0,0.7,50.0,Argon,0.0,298.0,400.0,Success,14222.222222222223,640.0,284444.44444444444
Argon,1,90,200.0,0.57,130.0,80.0,66.73688311688312,0,1,25.0,Gas,0.0,298.0,298.0,Fail,2699.055330634278,350.87719298245617,107962.21322537113
Argon,1,90,200.0,0.57,130.0,80.0,66.53181818181818,0,1,25.0,Gas,0.0,298.0,298.0,Fail,2699.055330634278,350.87719298245617,107962.21322537113
Argon,1,90,200.0,0.57,130.0,80.0,66.32675324675324,0,1,25.0,Gas,0.0,298.0,298.0,Fail,2699.055330634278,350.87719298245617,107962.21322537113
Argon,1,90,200.0,0.57,130.0,80.0,66.1216883116883,0,1,25.0,Gas,0.0,298.0,298.0,Fail,2699.055330634278,350.87719298245617,107962.21322537113
Argon,1,90,200.0,0.57,130.0,80.0,65.91662337662338,0,1,25.0,Gas,0.0,298.0,298.0,Fail,2699.055330634278,350.87719298245617,107962.21322537113
Argon,1,90,200.0,0.57,130.0,80.0,65.71155844155844,0,1,25.0,Gas,0.0,298.0,298.0,Fail,2699.055330634278,350.87719298245617,107962.21322537113
Argon,1,90,320.0,1.455,110.0,80.0,65.50649350649351,0,1,50.0,Gas,0.0,298.0,298.0,Fail,1999.3751952514835,219.93127147766322,39987.50390502968
Argon,1,90,320.0,1.455,110.0,80.0,65.30142857142857,0,1,50.0,Gas,0.0,298.0,298.0,Fail,1999.3751952514835,219.93127147766322,39987.50390502968
Argon,1,90,320.0,1.455,110.0,80.0,65.09636363636363,0,1,50.0,Gas,0.0,298.0,298.0,Fail,1999.3751952514835,219.93127147766322,39987.50390502968
Argon,1,90,320.0,1.455,110.0,80.0,64.8912987012987,0,1,50.0,Gas,0.0,298.0,298.0,Fail,1999.3751952514835,219.93127147766322,39987.50390502968
Argon,1,90,320.0,1.455,110.0,80.0,64.68623376623377,0,1,50.0,Gas,0.0,298.0,298.0,Fail,1999.3751952514835,219.93127147766322,39987.50390502968
Argon,1,90,320.0,1.455,110.0,80.0,64.48116883116883,0,1,50.0,Gas,0.0,298.0,298.0,Fail,1999.3751952514835,219.93127147766322,39987.50390502968
Argon,1,90,320.0,1.455,110.0,80.0,64.27610389610389,0,1,50.0,Gas,0.0,298.0,298.0,Fail,1999.3751952514835,219.93127147766322,39987.50390502968
Argon,1,90,320.0,1.455,110.0,80.0,64.07103896103897,0,1,50.0,Gas,0.0,298.0,298.0,Fail,1999.3751952514835,219.93127147766322,39987.50390502968
Argon,1,90,320.0,1.455,110.0,80.0,63.865974025974026,0,1,50.0,Gas,0.0,298.0,298.0,Fail,1999.3751952514835,219.93127147766322,39987.50390502968
Argon,1,90,320.0,1.455,110.0,80.0,63.66090909090909,0,1,50.0,Gas,0.0,298.0,298.0,Fail,1999.3751952514835,219.93127147766322,39987.50390502968
Argon,1,90,200.0,0.4,100.0,100.0,63.455844155844154,0,0.9,30.0,Gas,0.0,298.0,333.0,Success,5000.0,500.0,166666.6666666667
Argon,1,90,200.0,0.6,100.0,100.0,63.25077922077922,0,0.9,30.0,Gas,0.0,298.0,333.0,Fail,3333.3333333333335,333.33333333333337,111111.11111111111
Argon,1,90,200.0,0.8,100.0,100.0,63.04571428571428,0,0.9,30.0,Gas,0.0,298.0,333.0,Success,2500.0,250.0,83333.33333333334
Argon,1,90,200.0,1.0,100.0,100.0,62.84064935064935,0,0.9,30.0,Gas,0.0,298.0,333.0,Success,2000.0,200.0,66666.66666666667
Argon,1,90,200.0,1.2,100.0,100.0,62.63558441558442,0,0.9,30.0,Gas,0.0,298.0,333.0,Success,1666.6666666666667,166.66666666666669,55555.555555555555
Argon,1,90,200.0,1.4,100.0,100.0,62.43051948051948,0,0.9,30.0,Gas,0.0,298.0,333.0,Success,1428.5714285714284,142.85714285714286,47619.04761904762
Argon,1,90,200.0,1.6,100.0,100.0,62.22545454545455,0,0.9,30.0,Gas,0.0,298.0,333.0,Success,1250.0,125.0,41666.66666666667
Argon,1,90,200.0,1.8,100.0,100.0,62.02038961038961,0,0.9,30.0,Gas,0.0,298.0,333.0,Fail,1111.111111111111,111.11111111111111,37037.037037037044
Argon,1,90,200.0,2.0,100.0,100.0,61.815324675324675,0,0.9,30.0,Gas,0.0,298.0,333.0,Fail,1000.0,100.0,33333.333333333336
Argon,1,90,200.0,2.2,100.0,100.0,61.610259740259735,0,0.9,30.0,Gas,0.0,298.0,333.0,Fail,909.090909090909,90.9090909090909,30303.0303030303
Argon,1,90,250.0,0.4,100.0,100.0,61.4051948051948,0,0.9,30.0,Gas,0.0,298.0,333.0,Fail,6250.0,625.0,208333.33333333334
Argon,1,90,250.0,6.0,100.0,100.0,61.20012987012987,0,0.9,30.0,Gas,0.0,298.0,333.0,Fail,416.6666666666667,41.666666666666664,13888.88888888889
Argon,1,90,250.0,0.8,100.0,100.0,60.99506493506493,0,0.9,30.0,Gas,0.0,298.0,333.0,Success,3125.0,312.5,104166.66666666667
Argon,1,90,250.0,1.0,100.0,100.0,60.79,0,0.9,30.0,Gas,0.0,298.0,333.0,Success,2500.0,250.0,83333.33333333333
Argon,1,90,250.0,1.2,100.0,100.0,60.58493506493507,0,0.9,30.0,Gas,0.0,298.0,333.0,Success,2083.3333333333335,208.33333333333334,69444.44444444445
Argon,1,90,250.0,1.4,100.0,100.0,60.37987012987013,0,0.9,30.0,Gas,0.0,298.0,333.0,Success,1785.7142857142856,178.57142857142858,59523.80952380953
Argon,1,90,250.0,1.6,100.0,100.0,60.174805194805195,0,0.9,30.0,Gas,0.0,298.0,333.0,Success,1562.5,156.25,52083.333333333336
Argon,1,90,250.0,1.8,100.0,100.0,59.96974025974026,0,0.9,30.0,Gas,0.0,298.0,333.0,Success,1388.888888888889,138.88888888888889,46296.2962962963
Argon,1,90,250.0,2.0,100.0,100.0,59.76467532467532,0,0.9,30.0,Gas,0.0,298.0,333.0,Success,1250.0,125.0,41666.666666666664
Argon,1,90,250.0,2.2,100.0,100.0,59.559610389610384,0,0.9,30.0,Gas,0.0,298.0,333.0,Success,1136.3636363636363,113.63636363636363,37878.78787878787
Argon,1,90,250.0,2.4,100.0,100.0,59.35454545454545,0,0.9,30.0,Gas,0.0,298.0,333.0,Fail,1041.6666666666667,104.16666666666667,34722.222222222226
Argon,1,90,250.0,2.6,100.0,100.0,59.14948051948052,0,0.9,30.0,Gas,0.0,298.0,333.0,Fail,961.5384615384615,96.15384615384615,32051.282051282054
Argon,1,90,300.0,0.4,100.0,100.0,58.94441558441558,0,0.9,30.0,Gas,0.0,298.0,333.0,Fail,7500.0,750.0,250000.00000000003
Argon,1,90,300.0,0.6,100.0,100.0,58.73935064935065,0,0.9,30.0,Gas,0.0,298.0,333.0,Fail,5000.0,500.0,166666.66666666666
Argon,1,90,300.0,0.8,100.0,100.0,58.534285714285716,0,0.9,30.0,Gas,0.0,298.0,333.0,Fail,3750.0,375.0,125000.00000000001
Argon,1,90,300.0,1.0,100.0,100.0,58.329220779220776,0,0.9,30.0,Gas,0.0,298.0,333.0,Success,3000.0,300.0,100000.0
Argon,1,90,300.0,1.2,100.0,100.0,58.124155844155844,0,0.9,30.0,Gas,0.0,298.0,333.0,Success,2500.0,250.0,83333.33333333333
Argon,1,90,300.0,1.4,100.0,100.0,57.91909090909091,0,0.9,30.0,Gas,0.0,298.0,333.0,Success,2142.8571428571427,214.2857142857143,71428.57142857143
Argon,1,90,300.0,1.6,100.0,100.0,57.71402597402597,0,0.9,30.0,Gas,0.0,298.0,333.0,Success,1875.0,187.5,62500.00000000001
Argon,1,90,300.0,1.8,100.0,100.0,57.50896103896103,0,0.9,30.0,Gas,0.0,298.0,333.0,Success,1666.6666666666667,166.66666666666666,55555.55555555556
Argon,1,90,300.0,2.0,100.0,100.0,57.30389610389611,0,0.9,30.0,Gas,0.0,298.0,333.0,Success,1500.0,150.0,50000.0
Argon,1,90,300.0,2.2,100.0,100.0,57.09883116883117,0,0.9,30.0,Gas,0.0,298.0,333.0,Success,1363.6363636363635,136.36363636363635,45454.54545454545
Argon,1,90,300.0,2.4,100.0,100.0,56.89376623376623,0,0.9,30.0,Gas,0.0,298.0,333.0,Fail,1250.0,125.0,41666.666666666664
Argon,1,90,300.0,2.6,100.0,100.0,56.6887012987013,0,0.9,30.0,Gas,0.0,298.0,333.0,Fail,1153.8461538461538,115.38461538461539,38461.53846153846
Argon,1,90,300.0,2.8,100.0,100.0,56.483636363636364,0,0.9,30.0,Gas,0.0,298.0,333.0,Fail,1071.4285714285713,107.14285714285715,35714.28571428572
Argon,1,90,370.0,0.8,100.0,100.0,56.278571428571425,0,0.9,30.0,Gas,0.0,298.0,333.0,Fail,4625.0,462.5,154166.6666666667
Argon,1,90,370.0,1.0,100.0,100.0,56.07350649350649,0,0.9,30.0,Gas,0.0,298.0,333.0,Fail,3700.0,370.0,123333.33333333333
Argon,1,90,370.0,1.2,100.0,100.0,55.86844155844156,0,0.9,30.0,Gas,0.0,298.0,333.0,Fail,3083.3333333333335,308.33333333333337,102777.77777777778
Argon,1,90,370.0,1.4,100.0,100.0,55.66337662337662,0,0.9,30.0,Gas,0.0,298.0,333.0,Success,2642.8571428571427,264.2857142857143,88095.2380952381
Argon,1,90,370.0,1.6,100.0,100.0,55.45831168831169,0,0.9,30.0,Gas,0.0,298.0,333.0,Success,2312.5,231.25,77083.33333333334
Argon,1,90,370.0,1.8,100.0,100.0,55.253246753246756,0,0.9,30.0,Gas,0.0,298.0,333.0,Success,2055.5555555555557,205.55555555555554,68518.51851851853
Argon,1,90,370.0,2.0,100.0,100.0,55.04818181818182,0,0.9,30.0,Gas,0.0,298.0,333.0,Success,1850.0,185.0,61666.666666666664
Argon,1,90,370.0,2.2,100.0,100.0,54.84311688311688,0,0.9,30.0,Gas,0.0,298.0,333.0,Success,1681.8181818181815,168.18181818181816,56060.60606060606
Argon,1,90,370.0,2.4,100.0,100.0,54.638051948051945,0,0.9,30.0,Gas,0.0,298.0,333.0,Success,1541.6666666666667,154.16666666666669,51388.88888888889
Argon,1,90,370.0,2.6,100.0,100.0,54.43298701298701,0,0.9,30.0,Gas,0.0,298.0,333.0,Success,1423.076923076923,142.3076923076923,47435.89743589744
Argon,1,90,370.0,2.8,100.0,100.0,54.227922077922074,0,0.9,30.0,Gas,0.0,298.0,333.0,Success,1321.4285714285713,132.14285714285714,44047.61904761905
Argon,1,90,370.0,3.0,100.0,100.0,54.02285714285714,0,0.9,30.0,Gas,0.0,298.0,333.0,Success,1233.3333333333335,123.33333333333333,41111.11111111112
Argon,1,90,250.0,1.4,80.0,100.0,53.81779220779221,0,0.9,30.0,Gas,0.0,298.0,333.0,Success,2232.142857142857,178.57142857142858,74404.76190476191
Argon,1,90,250.0,1.4,120.0,100.0,53.61272727272727,0,0.9,30.0,Gas,0.0,298.0,333.0,Success,1488.095238095238,178.57142857142858,49603.17460317461
Argon,1,90,250.0,1.4,140.0,100.0,53.40766233766234,0,0.9,30.0,Gas,0.0,298.0,333.0,Success,1275.5102040816325,178.57142857142858,42517.00680272109
Argon,1,90,250.0,1.4,160.0,100.0,53.202597402597405,0,0.9,30.0,Gas,0.0,298.0,333.0,Success,1116.0714285714284,178.57142857142858,37202.380952380954
Argon,1,90,250.0,1.4,180.0,100.0,52.997532467532466,0,0.9,30.0,Gas,0.0,298.0,333.0,Success,992.063492063492,178.57142857142858,33068.78306878307
Argon,1,90,300.0,1.6,80.0,100.0,52.792467532467526,0,0.9,30.0,Gas,0.0,298.0,333.0,Success,2343.75,187.5,78125.0
Argon,1,90,300.0,1.6,120.0,100.0,52.5874025974026,0,0.9,30.0,Gas,0.0,298.0,333.0,Success,1562.5,187.5,52083.333333333336
Argon,1,90,300.0,1.6,140.0,100.0,52.38233766233766,0,0.9,30.0,Gas,0.0,298.0,333.0,Success,1339.2857142857142,187.5,44642.857142857145
Argon,1,90,300.0,1.6,160.0,100.0,52.17727272727272,0,0.9,30.0,Gas,0.0,298.0,333.0,Success,1171.875,187.5,39062.5
Argon,1,90,300.0,1.6,180.0,100.0,51.97220779220779,0,0.9,30.0,Gas,0.0,298.0,333.0,Fail,1041.6666666666665,187.5,34722.22222222222
Argon,1,90,370.0,1.8,80.0,100.0,51.76714285714286,0,0.9,30.0,Gas,0.0,298.0,333.0,Success,2569.4444444444443,205.55555555555554,85648.14814814815
Argon,1,90,370.0,1.8,120.0,100.0,51.56207792207792,0,0.9,30.0,Gas,0.0,298.0,333.0,Success,1712.962962962963,205.55555555555554,57098.76543209877
Argon,1,90,370.0,1.8,140.0,100.0,51.357012987012986,0,0.9,30.0,Gas,0.0,298.0,333.0,Success,1468.2539682539682,205.55555555555554,48941.798941798945
Argon,1,90,370.0,1.8,160.0,100.0,51.151948051948054,0,0.9,30.0,Gas,0.0,298.0,333.0,Success,1284.7222222222222,205.55555555555554,42824.07407407407
Argon,1,90,370.0,1.8,180.0,100.0,50.946883116883114,0,0.9,30.0,Gas,0.0,298.0,333.0,Fail,1141.9753086419753,205.55555555555554,38065.84362139918
Argon,1,90,250.0,1.4,100.0,100.0,50.74181818181818,0,0.9,30.0,Gas,0.0,298.0,333.0,Success,1785.7142857142856,178.57142857142858,59523.80952380953
Argon,1,90,250.0,1.4,100.0,100.0,50.53675324675325,0,0.9,30.0,Gas,0.0,298.0,333.0,Success,1785.7142857142856,178.57142857142858,59523.80952380953
Argon,1,90,250.0,1.4,100.0,100.0,50.33168831168831,0,0.9,30.0,Gas,0.0,298.0,333.0,Success,1785.7142857142856,178.57142857142858,59523.80952380953
Argon,1,90,250.0,1.4,100.0,100.0,50.12662337662337,0,0.9,30.0,Gas,0.0,298.0,333.0,Success,1785.7142857142856,178.57142857142858,59523.80952380953
Argon,1,90,250.0,1.4,100.0,100.0,49.92155844155844,0,0.9,30.0,Gas,0.0,298.0,333.0,Success,1785.7142857142856,178.57142857142858,59523.80952380953
Argon,1,90,250.0,1.4,100.0,100.0,49.71649350649351,0,0.9,30.0,Gas,0.0,298.0,333.0,Success,1785.7142857142856,178.57142857142858,59523.80952380953
Argon,1,90,120.0,0.5,70.0,70.0,49.51142857142857,0,0.7,30.0,Gas,0.0,298.0,298.0,Fail,3428.5714285714284,240.0,114285.71428571429
Argon,1,90,180.0,0.5,70.0,70.0,49.306363636363635,0,0.7,30.0,Gas,0.0,298.0,298.0,Fail,5142.857142857142,360.0,171428.57142857145
Argon,1,90,120.0,0.8,70.0,70.0,49.1012987012987,0,0.7,30.0,Gas,0.0,298.0,298.0,Fail,2142.8571428571427,150.0,71428.57142857143
Argon,1,90,180.0,0.8,70.0,70.0,48.89623376623376,0,0.7,30.0,Gas,0.0,298.0,298.0,Fail,3214.285714285714,225.0,107142.85714285716
Argon,1,90,120.0,0.5,100.0,70.0,48.69116883116883,0,0.7,30.0,Gas,0.0,298.0,298.0,Fail,2400.0,240.0,80000.0
Argon,1,90,180.0,0.5,100.0,70.0,48.4861038961039,0,0.7,30.0,Gas,0.0,298.0,298.0,Fail,3600.0,360.0,120000.0
Argon,1,90,120.0,0.8,100.0,70.0,48.28103896103896,0,0.7,30.0,Gas,0.0,298.0,298.0,Fail,1500.0,150.0,50000.00000000001
Argon,1,90,180.0,0.8,100.0,70.0,48.07597402597402,0,0.7,30.0,Gas,0.0,298.0,298.0,Fail,2250.0,225.0,75000.0
Argon,1,90,100.0,0.65,85.0,70.0,47.870909090909095,0,0.7,30.0,Gas,0.0,298.0,298.0,Fail,1809.9547511312217,153.84615384615384,60331.82503770739
Argon,1,90,200.0,0.65,85.0,70.0,47.665844155844155,0,0.7,30.0,Gas,0.0,298.0,298.0,Fail,3619.9095022624433,307.6923076923077,120663.65007541479
Argon,1,90,150.0,0.4,85.0,70.0,47.460779220779216,0,0.7,30.0,Gas,0.0,298.0,298.0,Fail,4411.764705882352,375.0,147058.82352941178
Argon,1,90,150.0,0.9,85.0,70.0,47.255714285714284,0,0.7,30.0,Gas,0.0,298.0,298.0,Fail,1960.7843137254902,166.66666666666666,65359.47712418302
Argon,1,90,150.0,0.65,60.0,70.0,47.05064935064935,0,0.7,30.0,Gas,0.0,298.0,298.0,Fail,3846.153846153846,230.76923076923077,128205.1282051282
Argon,1,90,150.0,0.65,110.0,70.0,46.84558441558441,0,0.7,30.0,Gas,0.0,298.0,298.0,Fail,2097.9020979020975,230.76923076923077,69930.06993006993
Argon,1,90,150.0,0.65,85.0,70.0,46.64051948051948,0,0.7,30.0,Gas,0.0,298.0,298.0,Fail,2714.9321266968327,230.76923076923077,90497.73755656109
Argon,1,90,150.0,0.65,85.0,70.0,46.43545454545455,0,0.7,30.0,Gas,0.0,298.0,298.0,Fail,2714.9321266968327,230.76923076923077,90497.73755656109
Argon,1,90,150.0,0.65,85.0,70.0,46.23038961038961,0,0.7,30.0,Gas,0.0,298.0,298.0,Fail,2714.9321266968327,230.76923076923077,90497.73755656109
Argon,1,90,150.0,0.65,85.0,70.0,46.025324675324676,0,0.7,30.0,Gas,0.0,298.0,298.0,Fail,2714.9321266968327,230.76923076923077,90497.73755656109
Argon,1,90,150.0,0.65,85.0,70.0,45.82025974025974,0,0.7,30.0,Gas,0.0,298.0,298.0,Fail,2714.9321266968327,230.76923076923077,90497.73755656109
Argon,1,90,150.0,0.65,85.0,70.0,45.615194805194804,0,0.7,30.0,Gas,0.0,298.0,298.0,Fail,2714.9321266968327,230.76923076923077,90497.73755656109
Argon,1,90,179.0,0.647,100.0,70.0,45.410129870129865,0,0.7,30.0,Gas,0.0,298.0,298.0,Success,2766.6151468315297,276.66151468315303,92220.50489438434
Argon,1,90,179.0,0.647,100.0,70.0,45.20506493506493,0,0.7,30.0,Gas,0.0,298.0,298.0,Success,2766.6151468315297,276.66151468315303,92220.50489438434
Argon,1,0,250.0,0.5,150.0,200.0,45.0,0,1,50.0,Gas,0.0,298.0,303.0,Success,3333.3333333333335,500.0,66666.66666666667
Argon,1,90,250.0,0.5,150.0,200.0,45.0,0,1,50.0,Gas,0.0,298.0,303.0,Success,3333.3333333333335,500.0,66666.66666666667
Argon,1,45,250.0,0.5,150.0,200.0,45.0,0,1,50.0,Gas,0.0,298.0,303.0,Success,3333.3333333333335,500.0,66666.66666666667
Argon,1,0,250.0,0.5,150.0,200.0,45.0,0,1,50.0,Gas,0.0,298.0,573.0,Success,3333.3333333333335,500.0,66666.66666666667
Argon,1,90,250.0,0.5,150.0,200.0,45.0,0,1,50.0,Gas,0.0,298.0,573.0,Success,3333.3333333333335,500.0,66666.66666666667
Argon,1,45,250.0,0.5,150.0,200.0,45.0,0,1,50.0,Gas,0.0,298.0,573.0,Success,3333.3333333333335,500.0,66666.66666666667
Argon,1,90,170.0,0.42,100.0,100.0,44.666666666666664,0,1,20.0,Gas,0.0,298.0,298.0,Fail,4047.6190476190473,404.76190476190476,202380.9523809524
Argon,1,90,170.0,0.42,100.0,100.0,44.333333333333336,0,1,20.0,Gas,0.0,298.0,298.0,Fail,4047.6190476190473,404.76190476190476,202380.9523809524
Argon,1,90,120.0,0.96,100.0,80.0,44.0,0,1,30.0,Gas,0.0,298.0,298.0,Fail,1250.0,125.0,41666.66666666667
Argon,1,90,120.0,0.54,100.0,80.0,44.0,0,1,30.0,Gas,0.0,298.0,298.0,Fail,2222.222222222222,222.2222222222222,74074.07407407407
Argon,1,90,120.0,0.4,100.0,80.0,44.0,0,1,30.0,Gas,0.0,298.0,298.0,Fail,3000.0,300.0,100000.00000000001
Argon,1,90,120.0,1.26,100.0,80.0,44.0,0,1,30.0,Gas,0.0,298.0,298.0,Fail,952.3809523809524,95.23809523809524,31746.031746031746
Argon,1,90,120.0,1.5,100.0,80.0,44.0,0,1,30.0,Gas,0.0,298.0,298.0,Fail,800.0,80.0,26666.666666666668
Argon,1,90,185.0,1.0,200.0,80.0,65.0,0,1,30.0,Gas,0.0,298.0,298.0,Fail,925.0,185.0,30833.333333333332
Argon,1,90,313.0,0.75,100.0,80.0,65.32916666666667,0,1,37.53333333333333,Gas,0.0,298.0,308.0,Fail,4173.333333333334,417.3333333333333,111190.05328596804
Argon,1,90,370.0,0.544,100.0,80.0,65.65833333333333,0,1,30.683333333333334,Gas,0.0,298.0,308.0,Fail,6801.470588235294,680.1470588235294,221666.61341342618
Argon,1,90,258.0,0.375,100.0,80.0,65.9875,0,1,46.986666666666665,Gas,0.0,298.0,308.0,Fail,6880.0,688.0,146424.5175936436
Argon,1,90,335.0,0.375,100.0,80.0,66.31666666666666,0,1,48.163333333333334,Gas,0.0,298.0,308.0,Fail,8933.333333333334,893.3333333333334,185479.96401135027
Argon,1,90,192.0,0.75,100.0,80.0,66.64583333333333,0,1,36.43333333333333,Gas,0.0,298.0,308.0,Fail,2560.0,256.0,70265.32479414457
Argon,1,90,250.0,0.75,100.0,80.0,66.975,0,1,37.2,Gas,0.0,298.0,308.0,Fail,3333.3333333333335,333.3333333333333,89605.73476702509
Argon,1,90,222.0,0.1875,100.0,80.0,67.30416666666667,0,1,44.18,Gas,0.0,298.0,308.0,Fail,11840.0,1184.0,267994.5676776822
Argon,1,90,288.0,0.1875,100.0,80.0,67.63333333333334,0,1,44.223333333333336,Gas,0.0,298.0,308.0,Fail,15360.0,1536.0,347327.95658400544
Argon,1,90,284.0,0.544,100.0,80.0,67.9625,0,1,30.933333333333334,Gas,0.0,298.0,308.0,Fail,5220.588235294117,522.0588235294117,168769.01622718052
Argon,1,90,351.0,0.375,100.0,80.0,68.29166666666667,0,1,48.23,Gas,0.0,298.0,308.0,Fail,9360.0,936.0,194070.08086253374
Argon,1,90,367.0,0.375,100.0,80.0,68.62083333333334,0,1,48.03,Gas,0.0,298.0,308.0,Fail,9786.666666666668,978.6666666666666,203761.53792768408
Argon,1,90,319.0,0.375,100.0,80.0,68.95,0,1,47.96333333333333,Gas,0.0,298.0,308.0,Fail,8506.666666666668,850.6666666666666,177357.70380151505
Argon,1,90,370.0,0.87,100.0,80.0,69.27916666666667,0,1,39.31666666666667,Gas,0.0,298.0,308.0,Fail,4252.873563218391,425.28735632183907,108169.73878469836
Argon,1,90,301.0,0.435,100.0,80.0,69.60833333333333,0,1,31.49,Gas,0.0,298.0,308.0,Fail,6919.540229885057,691.9540229885057,219737.70180644837
Argon,1,90,343.0,0.752,130.0,80.0,69.9375,0,1,42.30833333333332,Gas,0.0,298.0,298.0,Fail,3508.592471358428,456.1170212765957,82929.11100315374
Argon,1,90,200.0,0.083,90.0,100.0,70.26666666666667,0,1,40.0,Gas,0.0,298.0,298.0,Success,26773.761713520747,2409.6385542168673,669344.0428380187
Argon,1,90,200.0,0.17,90.0,100.0,70.59583333333333,0,1,40.0,Gas,0.0,298.0,298.0,Fail,13071.8954248366,1176.4705882352941,326797.38562091504
Argon,1,90,200.0,0.25,90.0,100.0,70.92500000000001,0,1,40.0,Gas,0.0,298.0,298.0,Fail,8888.888888888889,800.0,222222.22222222222
Argon,1,90,200.0,0.3,90.0,100.0,71.25416666666668,0,1,40.0,Gas,0.0,298.0,298.0,Fail,7407.407407407408,666.6666666666667,185185.1851851852
Argon,1,90,200.0,0.083,90.0,100.0,71.58333333333334,N4,1,40.0,Gas,0.0,298.0,298.0,Success,26773.761713520747,2409.6385542168673,669344.0428380187
Argon,1,90,200.0,0.17,90.0,100.0,71.91250000000001,N4,1,40.0,Gas,0.0,298.0,298.0,Success,13071.8954248366,1176.4705882352941,326797.38562091504
Argon,1,90,200.0,0.25,90.0,100.0,72.24166666666667,N4,1,40.0,Gas,0.0,298.0,298.0,Success,8888.888888888889,800.0,222222.22222222222
Argon,1,90,200.0,0.3,90.0,100.0,72.57083333333334,N4,1,40.0,Gas,0.0,298.0,298.0,Fail,7407.407407407408,666.6666666666667,185185.1851851852
Argon,1,90,50.0,0.333,80.0,80.0,32.0,0,1,25.0,Gas,0.0,298.0,298.0,Fail,1876.8768768768768,150.15015015015015,75075.07507507509
Argon,1,90,160.0,0.6,200.0,220.0,55.0,0,1,40.0,Gas,0.0,298.0,773.0,Fail,1333.3333333333335,266.6666666666667,33333.333333333336
Argon,1,90,200.0,0.5,200.0,220.0,55.0,0,1,30.0,Gas,0.0,298.0,773.0,Success,2000.0,400.0,66666.66666666667
Argon,1,90,175.0,0.71,120.0,80.0,45.0,0,1,30.0,Gas,0.0,298.0,298.0,Fail,2053.990610328639,246.47887323943664,68466.3536776213
Argon,1,90,375.0,1.029,120.0,80.0,45.0,0,1,60.0,Gas,0.0,298.0,298.0,Fail,3036.929057337221,364.4314868804665,50615.48428895368
Argon,1,90,375.0,1.029,180.0,80.0,45.0,0,1,60.0,Gas,0.0,298.0,298.0,Fail,2024.6193715581473,364.4314868804665,33743.65619263579
Argon,1,90,375.0,0.686,120.0,80.0,45.0,0,1,90.0,Gas,0.0,298.0,298.0,Fail,4555.393586005831,546.6472303206997,50615.48428895367
Argon,1,90,375.0,0.686,180.0,80.0,45.0,0,1,90.0,Gas,0.0,298.0,298.0,Fail,3036.9290573372205,546.6472303206997,33743.65619263578
Argon,1,90,42.0,0.2,75.0,52.0,50.0,0,0.8,30.0,Gas,0.0,298.0,298.0,Success,2800.0,210.0,93333.33333333334
Argon,1,90,42.0,0.2,50.0,52.0,50.0,0,0.8,30.0,Gas,0.0,298.0,298.0,Fail,4200.0,210.0,140000.0
Argon,1,90,42.0,0.2,100.0,52.0,50.0,0,0.8,30.0,Gas,0.0,298.0,298.0,Fail,2100.0,210.0,70000.0
Argon,1,90,42.0,0.1,75.0,52.0,50.0,0,0.8,30.0,Gas,0.0,298.0,298.0,Fail,5600.0,420.0,186666.6666666667
Argon,1,90,42.0,0.05,75.0,52.0,50.0,0,0.8,30.0,Gas,0.0,298.0,298.0,Success,11200.0,840.0,373333.3333333334
Argon,1,90,250.0,1.6,60.0,52.0,49.875,0,1,30.0,Gas,0.0,298.0,298.0,Success,2604.1666666666665,156.25,86805.55555555556
Argon,1,90,250.0,1.6,60.0,52.0,49.75,0,1,30.0,Gas,0.0,298.0,298.0,Success,2604.1666666666665,156.25,86805.55555555556
Argon,1,90,250.0,1.6,60.0,52.0,49.625,0,1,30.0,Gas,0.0,298.0,298.0,Success,2604.1666666666665,156.25,86805.55555555556
Argon,1,90,250.0,1.6,60.0,52.0,49.5,0,1,30.0,Gas,0.0,298.0,298.0,Success,2604.1666666666665,156.25,86805.55555555556
Argon,1,90,250.0,1.6,60.0,52.0,49.375,0,1,30.0,Gas,0.0,298.0,298.0,Success,2604.1666666666665,156.25,86805.55555555556
Argon,1,90,250.0,1.6,60.0,52.0,49.25,0,1,30.0,Gas,0.0,298.0,298.0,Success,2604.1666666666665,156.25,86805.55555555556
Argon,1,90,250.0,1.6,60.0,52.0,49.125,0,1,30.0,Gas,0.0,298.0,298.0,Success,2604.1666666666665,156.25,86805.55555555556
Argon,1,90,190.0,1.0,80.0,80.0,49.0,0,1,30.0,Gas,0.0,298.0,298.0,Fail,2375.0,190.0,79166.66666666667
Argon,1,90,190.0,1.0,80.0,80.0,70.0,0,1,30.0,Gas,0.0,298.0,298.0,Fail,2375.0,190.0,79166.66666666667
Argon,1,90,220.0,1.0,80.0,80.0,70.0,0,1,30.0,Gas,0.0,298.0,298.0,Fail,2750.0,220.0,91666.66666666667
Argon,1,90,250.0,1.0,80.0,80.0,70.0,0,1,30.0,Gas,0.0,298.0,298.0,Fail,3125.0,250.0,104166.66666666667
Argon,1,90,185.0,0.597,100.0,80.0,66.04,0,1,30.0,Gas,0.0,298.0,373.0,Fail,3098.8274706867674,309.88274706867674,103294.24902289225
Argon,1,90,185.0,0.597,100.0,80.0,62.08,0,1,30.0,Gas,0.0,298.0,373.0,Fail,3098.8274706867674,309.88274706867674,103294.24902289225
Argon,1,90,185.0,0.597,100.0,80.0,58.120000000000005,0,1,30.0,Gas,0.0,298.0,373.0,Fail,3098.8274706867674,309.88274706867674,103294.24902289225
Argon,1,90,185.0,0.597,100.0,80.0,54.160000000000004,0,1,30.0,Gas,0.0,298.0,373.0,Fail,3098.8274706867674,309.88274706867674,103294.24902289225
Argon,1,0,285.0,0.96,110.0,100.0,50.2,0,0.8,40.0,Gas,0.0,298.0,298.0,Success,2698.8636363636365,296.875,67471.59090909091
Argon,1,90,200.0,0.74,40.0,80.0,49.333333333333336,0,1,40.0,Gas,0.0,298.0,298.0,Fail,6756.756756756757,270.27027027027026,168918.91891891893
Argon,1,90,200.0,0.74,40.0,80.0,48.46666666666667,0,1,40.0,Gas,0.0,298.0,298.0,Fail,6756.756756756757,270.27027027027026,168918.91891891893
Argon,1,90,200.0,0.74,40.0,80.0,47.6,0,1,40.0,Gas,0.0,298.0,298.0,Fail,6756.756756756757,270.27027027027026,168918.91891891893
Argon,1,90,200.0,0.74,40.0,80.0,46.733333333333334,0,1,40.0,Gas,0.0,298.0,298.0,Fail,6756.756756756757,270.27027027027026,168918.91891891893
Argon,1,90,200.0,0.74,40.0,80.0,45.86666666666667,0,1,40.0,Gas,0.0,298.0,298.0,Fail,6756.756756756757,270.27027027027026,168918.91891891893
Argon,1,90,375.0,0.33,80.0,100.0,45.0,0,1,40.0,Argon,0.0,298.0,873.15,Fail,14204.545454545452,1136.3636363636363,355113.6363636364
Argon,1,90,400.0,0.51,80.0,100.0,45.0,0,1,40.0,Argon,0.0,298.0,873.15,Fail,9803.921568627451,784.313725490196,245098.03921568627
Argon,1,90,375.0,0.33,80.0,100.0,45.0,0,1,40.0,Argon,0.0,298.0,1073.15,Fail,14204.545454545452,1136.3636363636363,355113.6363636364
Argon,1,90,400.0,0.51,80.0,100.0,45.0,0,1,40.0,Argon,0.0,298.0,1073.15,Fail,9803.921568627451,784.313725490196,245098.03921568627
Argon,1,90,375.0,0.33,80.0,100.0,45.0,0,1,40.0,Argon,0.0,298.0,1273.15,Fail,14204.545454545452,1136.3636363636363,355113.6363636364
Argon,1,90,400.0,0.84,80.0,100.0,45.0,0,1,40.0,Argon,0.0,298.0,1273.15,Fail,5952.380952380951,476.1904761904762,148809.52380952382
Argon,1,90,160.0,0.5,60.0,65.0,43.333333333333336,0,1,20.0,Gas,0.0,298.0,298.0,Success,5333.333333333334,320.0,266666.6666666667
Argon,1,90,160.0,0.5,60.0,65.0,41.666666666666664,0,1,20.0,Gas,0.0,298.0,298.0,Success,5333.333333333334,320.0,266666.6666666667
Argon,1,90,120.0,0.6,110.0,100.0,40.0,0,1,20.0,Gas,0.0,298.0,353.15,Success,1818.181818181818,200.0,90909.09090909091
Argon,1,90,120.0,0.8,110.0,100.0,40.0,0,1,20.0,Gas,0.0,298.0,353.15,Success,1363.6363636363637,150.0,68181.81818181819
Argon,1,90,200.0,0.6,110.0,100.0,40.0,0,1,20.0,Gas,0.0,298.0,353.15,Success,3030.30303030303,333.33333333333337,151515.15151515152
Argon,1,90,200.0,0.8,110.0,100.0,40.0,0,1,20.0,Gas,0.0,298.0,353.15,Success,2272.727272727273,250.0,113636.36363636365
Argon,1,90,200.0,1.3,110.0,100.0,40.0,0,1,20.0,Gas,0.0,298.0,353.15,Success,1398.6013986013984,153.84615384615384,69930.06993006993
Argon,1,90,260.0,0.8,110.0,100.0,40.0,0,1,20.0,Gas,0.0,298.0,353.15,Success,2954.5454545454545,325.0,147727.27272727274
Argon,1,90,260.0,1.3,110.0,100.0,40.0,0,1,20.0,Gas,0.0,298.0,353.15,Success,1818.181818181818,200.0,90909.09090909091
Argon,1,90,90.0,0.1,50.0,70.0,40.357142857142854,N21,0.9,50.0,Argon,0.0,298.0,298.0,Success,18000.0,900.0,360000.0
Argon,1,90,90.0,0.2,50.0,70.0,40.714285714285715,N21,0.9,50.0,Argon,0.0,298.0,298.0,Fail,9000.0,450.0,180000.0
Argon,1,90,90.0,0.3,50.0,70.0,41.07142857142857,N21,0.9,50.0,Argon,0.0,298.0,298.0,Fail,6000.0,300.0,120000.0
Argon,1,90,90.0,0.4,50.0,70.0,41.42857142857143,N21,0.9,50.0,Argon,0.0,298.0,298.0,Fail,4500.0,225.0,90000.0
Argon,1,90 (thickness built up in z-direction),100.0,0.15,100.0,180.0,41.785714285714285,0,1,50.0,Gas,0.0,298.0,298.0,Success,6666.666666666667,666.6666666666667,133333.33333333334
Argon,1,0 (width built up in z-direction),100.0,0.15,100.0,180.0,42.142857142857146,0,1,50.0,Gas,0.0,298.0,298.0,Success,6666.666666666667,666.6666666666667,133333.33333333334
Argon,1,0 (height build up in z-direction),100.0,0.15,100.0,180.0,42.5,0,1,50.0,Gas,0.0,298.0,298.0,Success,6666.666666666667,666.6666666666667,133333.33333333334
Argon,1,90,100.0,0.15,100.0,180.0,42.857142857142854,0,1,50.0,Gas,0.0,298.0,298.0,Success,6666.666666666667,666.6666666666667,133333.33333333334
Argon,1,0,100.0,0.15,100.0,180.0,43.214285714285715,0,1,50.0,Gas,0.0,298.0,298.0,Success,6666.666666666667,666.6666666666667,133333.33333333334
Argon,1,90,121.0,0.4,100.0,70.0,43.57142857142857,0,1,42.333333333333336,Gas,0.0,298.0,298.0,Fail,3025.0,302.5,71456.69291338582
Argon,1,90,121.0,0.5,100.0,70.0,43.92857142857143,0,1,38.78333333333333,Gas,0.0,298.0,298.0,Fail,2420.0,242.0,62397.93725827246
Argon,1,90,121.0,0.6,100.0,70.0,44.285714285714285,0,1,40.06666666666667,Gas,0.0,298.0,298.0,Fail,2016.6666666666667,201.66666666666669,50332.778702163065
Argon,1,90,121.0,0.7,100.0,70.0,44.642857142857146,0,1,40.7,Gas,0.0,298.0,298.0,Fail,1728.5714285714284,172.85714285714286,42471.04247104247
Argon,1,90,400.0,0.597,500.0,80.0,45.0,0,1,54.5075,Gas,0.0,298.0,298.0,Fail,1340.033500837521,670.0167504187605,24584.387484979517
Argon,1,90,200.0,0.2,100.0,80.0,100.0,0,1,100.0,Gas,0.0,298.0,298.0,Fail,10000.0,1000.0,100000.0
Argon,1,90,200.0,0.25,100.0,80.0,100.0,0,1,100.0,Gas,0.0,298.0,298.0,Fail,8000.0,800.0,80000.0
Argon,1,90,200.0,0.3,100.0,80.0,100.0,0,1,100.0,Gas,0.0,298.0,298.0,Fail,6666.666666666667,666.6666666666667,66666.66666666667
Argon,1,90,200.0,0.35,100.0,80.0,100.0,0,1,100.0,Gas,0.0,298.0,298.0,Fail,5714.285714285714,571.4285714285714,57142.85714285715
Argon,1,90,200.0,0.4,100.0,80.0,100.0,0,1,100.0,Gas,0.0,298.0,298.0,Fail,5000.0,500.0,50000.0
Argon,1,90,200.0,0.45,100.0,80.0,100.0,0,1,100.0,Gas,0.0,298.0,298.0,Fail,4444.444444444444,444.44444444444446,44444.444444444445
Argon,1,90,200.0,0.55,100.0,80.0,100.0,0,1,100.0,Gas,0.0,298.0,298.0,Fail,3636.363636363636,363.6363636363636,36363.63636363636
Argon,1,90,200.0,0.6,100.0,80.0,100.0,0,1,100.0,Gas,0.0,298.0,298.0,Fail,3333.3333333333335,333.33333333333337,33333.333333333336
Argon,1,90,200.0,0.65,100.0,80.0,100.0,0,1,100.0,Gas,0.0,298.0,298.0,Fail,3076.9230769230767,307.6923076923077,30769.23076923077
Argon,1,90,200.0,0.7,100.0,80.0,100.0,0,1,100.0,Gas,0.0,298.0,298.0,Fail,2857.142857142857,285.7142857142857,28571.428571428576
Argon,1,90,200.0,0.75,100.0,80.0,100.0,0,1,100.0,Gas,0.0,298.0,298.0,Fail,2666.666666666667,266.6666666666667,26666.666666666668
Argon,1,90,200.0,0.8,100.0,80.0,100.0,0,1,100.0,Gas,0.0,298.0,298.0,Fail,2500.0,250.0,25000.0
Argon,1,90,200.0,0.85,100.0,80.0,100.0,0,1,100.0,Gas,0.0,298.0,298.0,Fail,2352.9411764705883,235.29411764705884,23529.411764705885
Argon,1,90,200.0,0.9,100.0,80.0,100.0,0,1,100.0,Gas,0.0,298.0,298.0,Fail,2222.222222222222,222.22222222222223,22222.222222222223
Argon,1,90,50.0,0.25,100.0,90.0,99.16129032258064,0,1,30.0,Gas,0.0,298.0,473.0,Fail,2000.0,200.0,66666.66666666667
Argon,1,90,100.0,0.25,100.0,90.0,98.3225806451613,0,1,30.0,Gas,0.0,298.0,473.0,Fail,4000.0,400.0,133333.33333333334
Argon,1,90,150.0,0.25,100.0,90.0,97.48387096774194,0,1,30.0,Gas,0.0,298.0,473.0,Fail,6000.0,600.0,200000.0
Argon,1,90,200.0,0.25,100.0,90.0,96.64516129032258,0,1,30.0,Gas,0.0,298.0,473.0,Fail,8000.0,800.0,266666.6666666667
Argon,1,90,250.0,0.25,100.0,90.0,95.80645161290323,0,1,30.0,Gas,0.0,298.0,473.0,Fail,10000.0,1000.0,333333.3333333333
Argon,1,90,50.0,0.55,100.0,90.0,94.96774193548387,0,1,30.0,Gas,0.0,298.0,473.0,Fail,909.090909090909,90.9090909090909,30303.0303030303
Argon,1,90,100.0,0.55,100.0,90.0,94.12903225806451,0,1,30.0,Gas,0.0,298.0,473.0,Success,1818.181818181818,181.8181818181818,60606.0606060606
Argon,1,90,150.0,0.55,100.0,90.0,93.29032258064517,0,1,30.0,Gas,0.0,298.0,473.0,Success,2727.272727272727,272.7272727272727,90909.0909090909
Argon,1,90,200.0,0.55,100.0,90.0,92.45161290322581,0,1,30.0,Gas,0.0,298.0,473.0,Fail,3636.363636363636,363.6363636363636,121212.1212121212
Argon,1,90,250.0,0.55,100.0,90.0,91.61290322580645,0,1,30.0,Gas,0.0,298.0,473.0,Fail,4545.454545454545,454.5454545454545,151515.1515151515
Argon,1,90,50.0,0.85,100.0,90.0,90.7741935483871,0,1,30.0,Gas,0.0,298.0,473.0,Fail,588.2352941176471,58.82352941176471,19607.843137254902
Argon,1,90,100.0,0.85,100.0,90.0,89.93548387096774,0,1,30.0,Gas,0.0,298.0,473.0,Fail,1176.4705882352941,117.64705882352942,39215.686274509804
Argon,1,90,150.0,0.85,100.0,90.0,89.09677419354838,0,1,30.0,Gas,0.0,298.0,473.0,Success,1764.705882352941,176.47058823529412,58823.52941176471
Argon,1,90,200.0,0.85,100.0,90.0,88.25806451612902,0,1,30.0,Gas,0.0,298.0,473.0,Fail,2352.9411764705883,235.29411764705884,78431.37254901961
Argon,1,90,250.0,0.85,100.0,90.0,87.41935483870968,0,1,30.0,Gas,0.0,298.0,473.0,Success,2941.176470588235,294.11764705882354,98039.21568627452
Argon,1,90,50.0,1.15,100.0,90.0,86.58064516129032,0,1,30.0,Gas,0.0,298.0,473.0,Fail,434.7826086956522,43.47826086956522,14492.753623188408
Argon,1,90,100.0,1.15,100.0,90.0,85.74193548387098,0,1,30.0,Gas,0.0,298.0,473.0,Fail,869.5652173913044,86.95652173913044,28985.507246376816
Argon,1,90,150.0,1.15,100.0,90.0,84.90322580645162,0,1,30.0,Gas,0.0,298.0,473.0,Fail,1304.3478260869567,130.43478260869566,43478.26086956522
Argon,1,90,200.0,1.15,100.0,90.0,84.06451612903226,0,1,30.0,Gas,0.0,298.0,473.0,Success,1739.1304347826087,173.91304347826087,57971.01449275363
Argon,1,90,250.0,1.15,100.0,90.0,83.2258064516129,0,1,30.0,Gas,0.0,298.0,473.0,Success,2173.913043478261,217.3913043478261,72463.76811594205
Argon,1,90,50.0,1.45,100.0,90.0,82.38709677419355,0,1,30.0,Gas,0.0,298.0,473.0,Fail,344.82758620689657,34.48275862068966,11494.252873563219
Argon,1,90,100.0,1.45,100.0,90.0,81.54838709677419,0,1,30.0,Gas,0.0,298.0,473.0,Fail,689.6551724137931,68.96551724137932,22988.505747126437
Argon,1,90,150.0,1.45,100.0,90.0,80.70967741935483,0,1,30.0,Gas,0.0,298.0,473.0,Success,1034.4827586206898,103.44827586206897,34482.75862068966
Argon,1,90,200.0,1.45,100.0,90.0,79.87096774193549,0,1,30.0,Gas,0.0,298.0,473.0,Fail,1379.3103448275863,137.93103448275863,45977.011494252874
Argon,1,90,250.0,1.45,100.0,90.0,79.03225806451613,0,1,30.0,Gas,0.0,298.0,473.0,Success,1724.1379310344828,172.41379310344828,57471.2643678161
Argon,1,90,50.0,1.75,100.0,90.0,78.19354838709677,0,1,30.0,Gas,0.0,298.0,473.0,Fail,285.71428571428567,28.571428571428573,9523.809523809525
Argon,1,90,100.0,1.75,100.0,90.0,77.35483870967742,0,1,30.0,Gas,0.0,298.0,473.0,Fail,571.4285714285713,57.142857142857146,19047.61904761905
Argon,1,90,150.0,1.75,100.0,90.0,76.51612903225806,0,1,30.0,Gas,0.0,298.0,473.0,Fail,857.1428571428571,85.71428571428571,28571.428571428576
Argon,1,90,200.0,1.75,100.0,90.0,75.6774193548387,0,1,30.0,Gas,0.0,298.0,473.0,Fail,1142.8571428571427,114.28571428571429,38095.2380952381
Argon,1,90,250.0,1.75,100.0,90.0,74.83870967741936,0,1,30.0,Gas,0.0,298.0,473.0,Fail,1428.5714285714284,142.85714285714286,47619.047619047626
Argon,1,90,200.0,0.167,90.0,100.0,74.0,0,0.9,20.0,Gas,0.0,298.0,298.0,Fail,13306.71989354624,1197.6047904191616,665335.9946773121
Argon,1,90,200.0,0.167,110.0,100.0,74.0,0,0.9,20.0,Gas,0.0,298.0,298.0,Fail,10887.316276537833,1197.6047904191616,544365.8138268916
Argon,1,90,200.0,0.167,130.0,100.0,74.0,0,0.9,20.0,Gas,0.0,298.0,298.0,Fail,9212.34454168586,1197.6047904191616,460617.2270842929
Argon,1,90,200.0,0.33,90.0,100.0,74.0,0,0.9,20.0,Gas,0.0,298.0,298.0,Fail,6734.0067340067335,606.060606060606,336700.3367003367
Argon,1,90,200.0,0.33,110.0,100.0,74.0,0,0.9,20.0,Gas,0.0,298.0,298.0,Fail,5509.641873278236,606.060606060606,275482.0936639118
Argon,1,90,200.0,0.33,130.0,100.0,74.0,0,0.9,20.0,Gas,0.0,298.0,298.0,Fail,4662.004662004662,606.060606060606,233100.2331002331
Argon,1,90,200.0,0.5,90.0,100.0,74.0,0,0.9,20.0,Gas,0.0,298.0,298.0,Fail,4444.444444444444,400.0,222222.22222222222
Argon,1,90,200.0,0.5,110.0,100.0,74.0,0,0.9,20.0,Gas,0.0,298.0,298.0,Fail,3636.3636363636365,400.0,181818.18181818185
Argon,1,90,200.0,0.5,130.0,100.0,74.0,0,0.9,20.0,Gas,0.0,298.0,298.0,Fail,3076.9230769230767,400.0,153846.15384615384
Argon,1,90,200.0,0.67,90.0,100.0,74.0,0,0.9,20.0,Gas,0.0,298.0,298.0,Fail,3316.7495854063013,298.5074626865671,165837.4792703151
Argon,1,90,200.0,0.67,110.0,100.0,74.0,0,0.9,20.0,Gas,0.0,298.0,298.0,Fail,2713.70420624152,298.5074626865671,135685.210312076
Argon,1,90,200.0,0.67,130.0,100.0,74.0,0,0.9,20.0,Gas,0.0,298.0,298.0,Fail,2296.2112514351315,298.5074626865671,114810.5625717566
Argon,1,90,200.0,0.83,90.0,100.0,74.0,0,0.9,20.0,Gas,0.0,298.0,298.0,Fail,2677.376171352075,240.96385542168676,133868.80856760376
Argon,1,90,200.0,0.83,110.0,100.0,74.0,0,0.9,20.0,Gas,0.0,298.0,298.0,Fail,2190.580503833516,240.96385542168676,109529.0251916758
Argon,1,90,200.0,0.83,130.0,100.0,74.0,0,0.9,20.0,Gas,0.0,298.0,298.0,Fail,1853.5681186283596,240.96385542168676,92678.40593141799
Argon,1,90,200.0,1.0,90.0,100.0,74.0,0,0.9,20.0,Gas,0.0,298.0,298.0,Fail,2222.222222222222,200.0,111111.11111111111
Argon,1,90,200.0,1.0,110.0,100.0,74.0,0,0.9,20.0,Gas,0.0,298.0,298.0,Fail,1818.1818181818182,200.0,90909.09090909093
Argon,1,90,200.0,1.0,130.0,100.0,74.0,0,0.9,20.0,Gas,0.0,298.0,298.0,Fail,1538.4615384615383,200.0,76923.07692307692
Argon,1,90,200.0,1.17,90.0,100.0,74.0,0,0.9,20.0,Gas,0.0,298.0,298.0,Fail,1899.3352326685658,170.94017094017096,94966.76163342831
Argon,1,90,200.0,1.17,110.0,100.0,74.0,0,0.9,20.0,Gas,0.0,298.0,298.0,Fail,1554.0015540015543,170.94017094017096,77700.0777000777
Argon,1,90,200.0,1.17,130.0,100.0,74.0,0,0.9,20.0,Gas,0.0,298.0,298.0,Fail,1314.924391847469,170.94017094017096,65746.21959237344
Argon,1,90,200.0,1.33,90.0,100.0,74.0,0,0.9,20.0,Gas,0.0,298.0,298.0,Fail,1670.843776106934,150.37593984962405,83542.18880534671
Argon,1,90,200.0,1.33,110.0,100.0,74.0,0,0.9,20.0,Gas,0.0,298.0,298.0,Fail,1367.0539986329459,150.37593984962405,68352.69993164731
Argon,1,90,200.0,1.33,130.0,100.0,74.0,0,0.9,20.0,Gas,0.0,298.0,298.0,Fail,1156.737998843262,150.37593984962405,57836.8999421631
Argon,1,90,200.0,1.5,90.0,100.0,74.0,0,0.9,20.0,Gas,0.0,298.0,298.0,Fail,1481.4814814814813,133.33333333333334,74074.07407407409
Argon,1,90,200.0,1.5,110.0,100.0,74.0,0,0.9,20.0,Gas,0.0,298.0,298.0,Fail,1212.121212121212,133.33333333333334,60606.06060606061
Argon,1,90,200.0,1.5,130.0,100.0,74.0,0,0.9,20.0,Gas,0.0,298.0,298.0,Fail,1025.6410256410256,133.33333333333334,51282.05128205128
Argon,1,90,200.0,1.67,90.0,100.0,74.0,0,0.9,20.0,Gas,0.0,298.0,298.0,Fail,1330.6719893546242,119.76047904191617,66533.59946773121
Argon,1,90,200.0,1.67,110.0,100.0,74.0,0,0.9,20.0,Gas,0.0,298.0,298.0,Fail,1088.7316276537833,119.76047904191617,54436.58138268917
Argon,1,90,200.0,1.67,130.0,100.0,74.0,0,0.9,20.0,Gas,0.0,298.0,298.0,Fail,921.234454168586,119.76047904191617,46061.7227084293
Argon,1,90,200.0,0.167,130.0,100.0,74.0,0,0.9,30.0,Gas,0.0,298.0,298.0,Fail,9212.34454168586,1197.6047904191616,307078.1513895286
Argon,1,90,200.0,0.33,130.0,100.0,74.0,0,0.9,30.0,Gas,0.0,298.0,298.0,Fail,4662.004662004662,606.060606060606,155400.1554001554
Argon,1,90,200.0,0.5,130.0,100.0,74.0,0,0.9,30.0,Gas,0.0,298.0,298.0,Fail,3076.9230769230767,400.0,102564.10256410256
Argon,1,90,200.0,0.167,130.0,100.0,74.0,0,0.9,40.0,Gas,0.0,298.0,298.0,Fail,9212.34454168586,1197.6047904191616,230308.61354214646
Argon,1,90,200.0,0.33,130.0,100.0,74.0,0,0.9,40.0,Gas,0.0,298.0,298.0,Fail,4662.004662004662,606.060606060606,116550.11655011655
Argon,1,90,200.0,0.5,130.0,100.0,74.0,0,0.9,40.0,Gas,0.0,298.0,298.0,Fail,3076.9230769230767,400.0,76923.07692307692
Argon,1,90,195.0,1.083,90.0,80.0,45.0,0,0.9,20.0,Gas,0.0,298.0,298.0,Success,2000.6155740227762,180.05540166204986,100030.77870113881
Argon,1,90,185.0,1.2,70.0,110.0,48.0,0,0.8,20.0,Gas,0.0,298.0,353.0,Success,2202.3809523809523,154.16666666666669,110119.04761904763
Argon,1,90,185.0,0.6,110.0,110.0,48.0,0,0.8,20.0,Gas,0.0,298.0,353.0,Success,2803.030303030303,308.33333333333337,140151.51515151517
Argon,1,90,175.0,0.9,110.0,110.0,48.0,0,0.8,20.0,Gas,0.0,298.0,353.0,Success,1767.6767676767677,194.44444444444443,88383.83838383839
Argon,1,90,185.0,0.6,90.0,110.0,48.0,0,0.8,20.0,Gas,0.0,298.0,353.0,Success,3425.925925925926,308.33333333333337,171296.2962962963
Argon,1,90,185.0,0.9,90.0,110.0,48.0,0,0.8,20.0,Gas,0.0,298.0,353.0,Success,2283.9506172839506,205.55555555555554,114197.53086419754
Argon,1,90,185.0,1.2,110.0,110.0,48.0,0,0.8,20.0,Gas,0.0,298.0,353.0,Success,1401.5151515151515,154.16666666666669,70075.75757575758
Argon,1,90,185.0,0.9,70.0,110.0,48.0,0,0.8,20.0,Gas,0.0,298.0,353.0,Success,2936.5079365079364,205.55555555555554,146825.39682539683
Argon,1,90,175.0,1.2,110.0,110.0,48.0,0,0.8,20.0,Gas,0.0,298.0,353.0,Success,1325.7575757575758,145.83333333333334,66287.87878787878
Argon,1,90,195.0,0.6,110.0,110.0,48.0,0,0.8,20.0,Gas,0.0,298.0,353.0,Success,2954.5454545454545,325.0,147727.27272727274
Argon,1,90,175.0,0.6,70.0,110.0,48.0,0,0.8,20.0,Gas,0.0,298.0,353.0,Success,4166.666666666666,291.6666666666667,208333.33333333334
Argon,1,90,175.0,1.2,90.0,110.0,48.0,0,0.8,20.0,Gas,0.0,298.0,353.0,Success,1620.3703703703704,145.83333333333334,81018.51851851851
Argon,1,90,175.0,1.2,70.0,110.0,48.0,0,0.8,20.0,Gas,0.0,298.0,353.0,Success,2083.333333333333,145.83333333333334,104166.66666666667
Argon,1,90,185.0,1.2,90.0,110.0,48.0,0,0.8,20.0,Gas,0.0,298.0,353.0,Success,1712.962962962963,154.16666666666669,85648.14814814815
Argon,1,90,175.0,0.9,90.0,110.0,48.0,0,0.8,20.0,Gas,0.0,298.0,353.0,Success,2160.4938271604938,194.44444444444443,108024.69135802469
Argon,1,90,185.0,0.6,70.0,110.0,48.0,0,0.8,20.0,Gas,0.0,298.0,353.0,Success,4404.761904761905,308.33333333333337,220238.09523809527
Argon,1,90,195.0,1.2,110.0,110.0,48.0,0,0.8,20.0,Gas,0.0,298.0,353.0,Success,1477.2727272727273,162.5,73863.63636363637
Argon,1,90,195.0,0.9,110.0,110.0,48.0,0,0.8,20.0,Gas,0.0,298.0,353.0,Success,1969.6969696969695,216.66666666666666,98484.84848484848
Argon,1,90,195.0,0.6,90.0,110.0,48.0,0,0.8,20.0,Gas,0.0,298.0,353.0,Success,3611.1111111111113,325.0,180555.55555555556
Argon,1,90,195.0,0.9,70.0,110.0,48.0,0,0.8,20.0,Gas,0.0,298.0,353.0,Success,3095.2380952380954,216.66666666666666,154761.9047619048
Argon,1,90,185.0,0.9,110.0,110.0,48.0,0,0.8,20.0,Gas,0.0,298.0,353.0,Success,1868.6868686868686,205.55555555555554,93434.34343434343
Argon,1,90,195.0,0.9,90.0,110.0,48.0,0,0.8,20.0,Gas,0.0,298.0,353.0,Success,2407.4074074074074,216.66666666666666,120370.37037037038
Argon,1,90,175.0,0.6,110.0,110.0,48.0,0,0.8,20.0,Gas,0.0,298.0,353.0,Success,2651.5151515151515,291.6666666666667,132575.75757575757
Argon,1,90,195.0,1.2,70.0,110.0,48.0,0,0.8,20.0,Gas,0.0,298.0,353.0,Success,2321.428571428571,162.5,116071.42857142858
Argon,1,90,175.0,0.6,90.0,110.0,48.0,0,0.8,20.0,Gas,0.0,298.0,353.0,Success,3240.740740740741,291.6666666666667,162037.03703703702
Argon,1,90,175.0,0.9,70.0,110.0,48.0,0,0.8,20.0,Gas,0.0,298.0,353.0,Success,2777.777777777778,194.44444444444443,138888.8888888889
Argon,1,90,195.0,0.6,70.0,110.0,48.0,0,0.8,20.0,Gas,0.0,298.0,353.0,Success,4642.857142857142,325.0,232142.85714285716
Argon,1,90,195.0,1.2,90.0,110.0,48.0,0,0.8,20.0,Gas,0.0,298.0,353.0,Success,1805.5555555555557,162.5,90277.77777777778
Argon,1,90,35.0,0.0083,100.0,72.0,45.0,0,1,50.0,Gas,0.0,298.0,298.0,Fail,42168.67469879518,4216.8674698795185,843373.4939759036
Argon,1,90,35.0,0.017,100.0,72.0,45.0,0,1,50.0,Gas,0.0,298.0,298.0,Fail,20588.235294117647,2058.8235294117644,411764.7058823529
Argon,1,90,35.0,0.025,100.0,72.0,45.0,0,1,50.0,Gas,0.0,298.0,298.0,Fail,14000.0,1400.0,280000.0
Argon,1,90,35.0,0.03,100.0,72.0,45.0,0,1,50.0,Gas,0.0,298.0,298.0,Fail,11666.666666666666,1166.6666666666667,233333.33333333334
Argon,1,90,35.0,0.042,100.0,72.0,45.0,0,1,50.0,Gas,0.0,298.0,298.0,Fail,8333.333333333332,833.3333333333333,166666.6666666667
Argon,1,90,40.0,0.0083,100.0,72.0,45.0,0,1,50.0,Gas,0.0,298.0,298.0,Fail,48192.77108433735,4819.277108433735,963855.421686747
Argon,1,90,40.0,0.017,100.0,72.0,45.0,0,1,50.0,Gas,0.0,298.0,298.0,Fail,23529.41176470588,2352.9411764705883,470588.2352941176
Argon,1,90,40.0,0.025,100.0,72.0,45.0,0,1,50.0,Gas,0.0,298.0,298.0,Fail,16000.0,1600.0,320000.0
Argon,1,90,40.0,0.03,100.0,72.0,45.0,0,1,50.0,Gas,0.0,298.0,298.0,Fail,13333.333333333334,1333.3333333333335,266666.6666666667
Argon,1,90,40.0,0.042,100.0,72.0,45.0,0,1,50.0,Gas,0.0,298.0,298.0,Fail,9523.809523809523,952.3809523809523,190476.1904761905
Argon,1,90,45.0,0.0083,100.0,72.0,45.0,0,1,50.0,Gas,0.0,298.0,298.0,Fail,54216.867469879515,5421.686746987952,1084337.3493975904
Argon,1,90,45.0,0.017,100.0,72.0,45.0,0,1,50.0,Gas,0.0,298.0,298.0,Fail,26470.588235294115,2647.0588235294117,529411.7647058823
Argon,1,90,45.0,0.025,100.0,72.0,45.0,0,1,50.0,Gas,0.0,298.0,298.0,Fail,18000.0,1800.0,360000.0
Argon,1,90,45.0,0.03,100.0,72.0,45.0,0,1,50.0,Gas,0.0,298.0,298.0,Fail,15000.0,1500.0,300000.0
Argon,1,90,45.0,0.042,100.0,72.0,45.0,0,1,50.0,Gas,0.0,298.0,298.0,Fail,10714.285714285712,1071.4285714285713,214285.71428571432
Argon,1,90,50.0,0.0083,100.0,72.0,45.0,0,1,50.0,Gas,0.0,298.0,298.0,Fail,60240.96385542169,6024.096385542169,1204819.2771084337
Argon,1,90,50.0,0.017,100.0,72.0,45.0,0,1,50.0,Gas,0.0,298.0,298.0,Fail,29411.76470588235,2941.176470588235,588235.294117647
Argon,1,90,50.0,0.025,100.0,72.0,45.0,0,1,50.0,Gas,0.0,298.0,298.0,Fail,20000.0,2000.0,400000.0
Argon,1,90,50.0,0.03,100.0,72.0,45.0,0,1,50.0,Gas,0.0,298.0,298.0,Fail,16666.666666666668,1666.6666666666667,333333.3333333334
Argon,1,90,50.0,0.042,100.0,72.0,45.0,0,1,50.0,Gas,0.0,298.0,298.0,Fail,11904.761904761903,1190.4761904761904,238095.2380952381
Argon,1,90,55.0,0.0083,100.0,72.0,45.0,0,1,50.0,Gas,0.0,298.0,298.0,Fail,66265.06024096385,6626.506024096386,1325301.2048192772
Argon,1,90,55.0,0.017,100.0,72.0,45.0,0,1,50.0,Gas,0.0,298.0,298.0,Fail,32352.941176470587,3235.2941176470586,647058.8235294117
Argon,1,90,55.0,0.025,100.0,72.0,45.0,0,1,50.0,Gas,0.0,298.0,298.0,Fail,22000.0,2200.0,440000.0
Argon,1,90,55.0,0.03,100.0,72.0,45.0,0,1,50.0,Gas,0.0,298.0,298.0,Fail,18333.333333333332,1833.3333333333335,366666.6666666667
Argon,1,90,55.0,0.042,100.0,72.0,45.0,0,1,50.0,Gas,0.0,298.0,298.0,Fail,13095.238095238094,1309.5238095238094,261904.76190476192
Argon,1,90,60.0,0.0083,100.0,72.0,45.0,0,1,50.0,Gas,0.0,298.0,298.0,Fail,72289.15662650602,7228.915662650602,1445783.1325301204
Argon,1,90,60.0,0.017,100.0,72.0,45.0,0,1,50.0,Gas,0.0,298.0,298.0,Fail,35294.11764705882,3529.411764705882,705882.3529411764
Argon,1,90,60.0,0.025,100.0,72.0,45.0,0,1,50.0,Gas,0.0,298.0,298.0,Fail,24000.0,2400.0,480000.0
Argon,1,90,60.0,0.03,100.0,72.0,45.0,0,1,50.0,Gas,0.0,298.0,298.0,Fail,20000.0,2000.0,400000.00000000006
Argon,1,90,60.0,0.042,100.0,72.0,45.0,0,1,50.0,Gas,0.0,298.0,298.0,Fail,14285.714285714284,1428.5714285714284,285714.28571428574
Argon,1,90,65.0,0.0083,100.0,72.0,45.0,0,1,50.0,Gas,0.0,298.0,298.0,Fail,78313.2530120482,7831.325301204819,1566265.060240964
Argon,1,90,65.0,0.017,100.0,72.0,45.0,0,1,50.0,Gas,0.0,298.0,298.0,Fail,38235.294117647056,3823.5294117647054,764705.8823529411
Argon,1,90,65.0,0.025,100.0,72.0,45.0,0,1,50.0,Gas,0.0,298.0,298.0,Fail,26000.0,2600.0,520000.0
Argon,1,90,65.0,0.03,100.0,72.0,45.0,0,1,50.0,Gas,0.0,298.0,298.0,Fail,21666.666666666668,2166.666666666667,433333.3333333334
Argon,1,90,65.0,0.042,100.0,72.0,45.0,0,1,50.0,Gas,0.0,298.0,298.0,Fail,15476.190476190473,1547.6190476190475,309523.8095238095
Argon,1,90,70.0,0.0083,100.0,72.0,45.0,0,1,50.0,Gas,0.0,298.0,298.0,Fail,84337.34939759035,8433.734939759037,1686746.9879518072
Argon,1,90,70.0,0.017,100.0,72.0,45.0,0,1,50.0,Gas,0.0,298.0,298.0,Fail,41176.470588235294,4117.647058823529,823529.4117647058
Argon,1,90,70.0,0.025,100.0,72.0,45.0,0,1,50.0,Gas,0.0,298.0,298.0,Fail,28000.0,2800.0,560000.0
Argon,1,90,70.0,0.03,100.0,72.0,45.0,0,1,50.0,Gas,0.0,298.0,298.0,Fail,23333.333333333332,2333.3333333333335,466666.6666666667
Argon,1,90,70.0,0.042,100.0,72.0,45.0,0,1,50.0,Gas,0.0,298.0,298.0,Fail,16666.666666666664,1666.6666666666665,333333.3333333334
Argon,1,90,75.0,0.0083,100.0,72.0,45.0,0,1,50.0,Gas,0.0,298.0,298.0,Fail,90361.44578313253,9036.144578313253,1807228.9156626507
Argon,1,90,75.0,0.017,100.0,72.0,45.0,0,1,50.0,Gas,0.0,298.0,298.0,Fail,44117.647058823524,4411.764705882352,882352.9411764705
Argon,1,90,75.0,0.025,100.0,72.0,45.0,0,1,50.0,Gas,0.0,298.0,298.0,Fail,30000.0,3000.0,600000.0
Argon,1,90,75.0,0.03,100.0,72.0,45.0,0,1,50.0,Gas,0.0,298.0,298.0,Fail,25000.0,2500.0,500000.00000000006
Argon,1,90,75.0,0.042,100.0,72.0,45.0,0,1,50.0,Gas,0.0,298.0,298.0,Fail,17857.142857142855,1785.7142857142856,357142.85714285716
Argon,1,90,80.0,0.0083,100.0,72.0,45.0,0,1,50.0,Gas,0.0,298.0,298.0,Fail,96385.5421686747,9638.55421686747,1927710.843373494
Argon,1,90,80.0,0.017,100.0,72.0,45.0,0,1,50.0,Gas,0.0,298.0,298.0,Fail,47058.82352941176,4705.882352941177,941176.4705882352
Argon,1,90,80.0,0.025,100.0,72.0,45.0,0,1,50.0,Gas,0.0,298.0,298.0,Fail,32000.0,3200.0,640000.0
Argon,1,90,80.0,0.03,100.0,72.0,45.0,0,1,50.0,Gas,0.0,298.0,298.0,Fail,26666.666666666668,2666.666666666667,533333.3333333334
Argon,1,90,80.0,0.042,100.0,72.0,45.0,0,1,50.0,Gas,0.0,298.0,298.0,Fail,19047.619047619046,1904.7619047619046,380952.380952381
Argon,1,90,85.0,0.0083,100.0,72.0,45.0,0,1,50.0,Gas,0.0,298.0,298.0,Fail,102409.63855421687,10240.963855421687,2048192.7710843375
Argon,1,90,85.0,0.017,100.0,72.0,45.0,0,1,50.0,Gas,0.0,298.0,298.0,Fail,50000.0,5000.0,999999.9999999999
Argon,1,90,85.0,0.025,100.0,72.0,45.0,0,1,50.0,Gas,0.0,298.0,298.0,Fail,34000.0,3400.0,680000.0
Argon,1,90,85.0,0.03,100.0,72.0,45.0,0,1,50.0,Gas,0.0,298.0,298.0,Fail,28333.333333333332,2833.3333333333335,566666.6666666667
Argon,1,90,85.0,0.042,100.0,72.0,45.0,0,1,50.0,Gas,0.0,298.0,298.0,Fail,20238.095238095237,2023.8095238095236,404761.9047619048
Argon,1,90,90.0,0.0083,100.0,72.0,45.0,0,1,50.0,Gas,0.0,298.0,298.0,Fail,108433.73493975903,10843.373493975903,2168674.698795181
Argon,1,90,90.0,0.017,100.0,72.0,45.0,0,1,50.0,Gas,0.0,298.0,298.0,Fail,52941.17647058823,5294.117647058823,1058823.5294117646
Argon,1,90,90.0,0.025,100.0,72.0,45.0,0,1,50.0,Gas,0.0,298.0,298.0,Fail,36000.0,3600.0,720000.0
Argon,1,90,90.0,0.03,100.0,72.0,45.0,0,1,50.0,Gas,0.0,298.0,298.0,Fail,30000.0,3000.0,600000.0
Argon,1,90,90.0,0.042,100.0,72.0,45.0,0,1,50.0,Gas,0.0,298.0,298.0,Fail,21428.571428571424,2142.8571428571427,428571.42857142864
Argon,1,90,95.0,0.0083,100.0,72.0,45.0,0,1,50.0,Gas,0.0,298.0,298.0,Fail,114457.8313253012,11445.78313253012,2289156.626506024
Argon,1,90,95.0,0.017,100.0,72.0,45.0,0,1,50.0,Gas,0.0,298.0,298.0,Fail,55882.35294117647,5588.235294117647,1117647.0588235294
Argon,1,90,95.0,0.025,100.0,72.0,45.0,0,1,50.0,Gas,0.0,298.0,298.0,Fail,38000.0,3800.0,760000.0
Argon,1,90,95.0,0.03,100.0,72.0,45.0,0,1,50.0,Gas,0.0,298.0,298.0,Fail,31666.666666666664,3166.666666666667,633333.3333333334
Argon,1,90,95.0,0.042,100.0,72.0,45.0,0,1,50.0,Gas,0.0,298.0,298.0,Fail,22619.047619047615,2261.904761904762,452380.9523809524
Argon,1,90,168.0,0.149,110.0,55.0,54.1,0,0.6,30.0,Gas,0.0,298.0,298.0,Success,10250.152532031725,1127.51677852349,341671.75106772425
Argon,1,90,500.0,0.597,100.0,150.0,54.785714285714285,0,1,100.0,Gas,0.0,298.0,298.0,Fail,8375.209380234506,837.5209380234506,83752.09380234506
Argon,1,90,1500.0,0.597,100.0,150.0,55.471428571428575,0,1,100.0,Gas,0.0,298.0,298.0,Fail,25125.62814070352,2512.562814070352,251256.2814070352
Argon,1,90,2500.0,0.597,100.0,150.0,56.15714285714286,0,1,100.0,Gas,0.0,298.0,298.0,Fail,41876.04690117253,4187.604690117253,418760.46901172533
Argon,1,90,3000.0,0.597,100.0,150.0,56.84285714285714,0,1,100.0,Gas,0.0,298.0,298.0,Fail,50251.25628140704,5025.125628140704,502512.5628140704
Argon,1,90,4000.0,0.597,100.0,150.0,57.528571428571425,0,1,100.0,Gas,0.0,298.0,298.0,Fail,67001.67504187605,6700.167504187605,670016.7504187605
Argon,1,90,4500.0,0.597,100.0,150.0,58.214285714285715,0,1,100.0,Gas,0.0,298.0,298.0,Fail,75376.88442211055,7537.688442211055,753768.8442211056
Argon,1,90,500.0,0.597,100.0,150.0,58.9,0,1,100.0,Gas,0.0,298.0,298.0,Fail,8375.209380234506,837.5209380234506,83752.09380234506
Argon,1,90,1500.0,0.597,100.0,150.0,58.9,0,1,100.0,Gas,0.0,298.0,298.0,Fail,25125.62814070352,2512.562814070352,251256.2814070352
Argon,1,90,2500.0,0.597,100.0,150.0,58.9,0,1,100.0,Gas,0.0,298.0,298.0,Fail,41876.04690117253,4187.604690117253,418760.46901172533
Argon,1,90,3000.0,0.597,100.0,150.0,58.9,0,1,100.0,Gas,0.0,298.0,298.0,Fail,50251.25628140704,5025.125628140704,502512.5628140704
Argon,1,90,4000.0,0.597,100.0,150.0,58.9,0,1,100.0,Gas,0.0,298.0,298.0,Fail,67001.67504187605,6700.167504187605,670016.7504187605
Argon,1,90,4500.0,0.597,100.0,150.0,58.9,0,1,100.0,Gas,0.0,298.0,298.0,Fail,75376.88442211055,7537.688442211055,753768.8442211056
Argon,1,90,180.0,3.0,90.0,80.0,45.0,0,1,20.0,Gas,0.0,298.0,298.0,Fail,666.6666666666666,60.0,33333.333333333336
Argon,1,90,180.0,0.571,100.0,80.0,45.888888888888886,0,1,43.882,Gas,0.0,298.0,298.0,Fail,3152.364273204904,315.2364273204904,71837.29714244802
Argon,1,90,280.0,0.45,30.0,80.0,46.77777777777778,0,1,200.0,Gas,0.0,298.0,298.0,Fail,20740.74074074074,622.2222222222222,103703.70370370371
Argon,1,90,280.0,0.45,30.0,80.0,47.666666666666664,0,1,200.0,Gas,0.0,298.0,298.0,Fail,20740.74074074074,622.2222222222222,103703.70370370371
Argon,1,90,280.0,0.45,30.0,80.0,48.55555555555556,0,1,200.0,Gas,0.0,298.0,298.0,Fail,20740.74074074074,622.2222222222222,103703.70370370371
Argon,1,90,280.0,0.45,30.0,80.0,49.44444444444444,0,1,200.0,Gas,0.0,298.0,298.0,Fail,20740.74074074074,622.2222222222222,103703.70370370371
Argon,1,90,137.9,0.4,100.0,100.0,50.333333333333336,0,1,200.0,Gas,0.0,298.0,298.0,Fail,3447.5,344.75,17237.5
Argon,1,90,179.2,0.8,100.0,100.0,51.22222222222222,0,1,200.0,Gas,0.0,298.0,298.0,Fail,2240.0,223.99999999999997,11199.999999999998
Argon,1,90,179.2,1.2,100.0,100.0,52.111111111111114,0,1,200.0,Gas,0.0,298.0,298.0,Fail,1493.3333333333333,149.33333333333334,7466.666666666666
Argon,1,90,325.0,0.7,120.0,80.0,53.0,0,1,50.0,Gas,0.0,298.0,923.0,Fail,3869.047619047619,464.28571428571433,77380.95238095238
Argon,1,90,380.0,0.6,100.0,80.0,53.0,0,1,30.0,Gas,0.0,298.0,423.0,Fail,6333.333333333334,633.3333333333334,211111.11111111112
Argon,1,90,380.0,0.7,100.0,80.0,53.0,0,1,30.0,Gas,0.0,298.0,423.0,Fail,5428.571428571428,542.8571428571429,180952.38095238098
Argon,1,90,380.0,1.0,100.0,80.0,53.0,0,1,30.0,Gas,0.0,298.0,423.0,Fail,3800.0,380.0,126666.66666666666
Argon,1,90,380.0,1.2,100.0,80.0,53.0,0,1,30.0,Gas,0.0,298.0,423.0,Fail,3166.666666666667,316.6666666666667,105555.55555555556
Argon,1,90,380.0,1.5,100.0,80.0,53.0,0,1,30.0,Gas,0.0,298.0,423.0,Fail,2533.3333333333335,253.33333333333334,84444.44444444445
Argon,1,90,350.0,0.8,100.0,80.0,53.0,0,1,30.0,Gas,0.0,298.0,423.0,Fail,4375.0,437.5,145833.33333333334
Argon,1,90,350.0,1.0,100.0,80.0,53.0,0,1,30.0,Gas,0.0,298.0,423.0,Fail,3500.0,350.0,116666.66666666666
Argon,1,90,350.0,1.2,100.0,80.0,53.0,0,1,30.0,Gas,0.0,298.0,423.0,Fail,2916.666666666667,291.6666666666667,97222.22222222222
Argon,1,90,350.0,1.5,100.0,80.0,53.0,0,1,30.0,Gas,0.0,298.0,423.0,Fail,2333.3333333333335,233.33333333333334,77777.77777777778
Argon,1,90,380.0,0.8,100.0,80.0,53.0,0,1,30.0,Gas,0.0,298.0,423.0,Fail,4750.0,475.0,158333.33333333334
Argon,1,90,380.0,2.0,100.0,80.0,53.0,0,1,30.0,Gas,0.0,298.0,423.0,Fail,1900.0,190.0,63333.33333333333
Argon,1,90,235.0,0.524,100.0,250.0,53.04081632653061,0,1,48.12,Gas,0.0,298.0,298.0,Fail,4484.73282442748,448.4732824427481,93198.93650098672
Argon,1,90,235.0,0.524,100.0,250.0,53.08163265306123,0,1,47.49666666666667,Gas,0.0,298.0,973.0,Fail,4484.73282442748,448.4732824427481,94422.05399173585
Argon,1,90,125.0,0.205,100.0,250.0,53.12244897959184,0,1,45.13766666666666,Gas,0.0,298.0,517.0,Fail,6097.560975609756,609.7560975609756,135088.0855370553
Argon,1,90,250.0,0.444,100.0,250.0,53.16326530612245,0,1,47.516666666666666,Gas,0.0,298.0,1108.0,Fail,5630.630630630631,563.063063063063,118498.01397328582
Argon,1,90,500.0,0.6,80.0,80.0,53.204081632653065,0,1,50.0,Gas,0.0,298.0,298.0,Fail,10416.666666666666,833.3333333333334,208333.33333333334
Argon,1,90,500.0,0.6,110.0,80.0,53.244897959183675,0,1,50.0,Gas,0.0,298.0,298.0,Fail,7575.757575757575,833.3333333333334,151515.15151515152
Argon,1,90,500.0,0.6,130.0,80.0,53.285714285714285,0,1,50.0,Gas,0.0,298.0,298.0,Fail,6410.25641025641,833.3333333333334,128205.12820512822
Argon,1,90,500.0,0.6,150.0,80.0,53.326530612244895,0,1,50.0,Gas,0.0,298.0,298.0,Fail,5555.555555555556,833.3333333333334,111111.11111111112
Argon,1,90,500.0,0.6,170.0,80.0,53.36734693877551,0,1,50.0,Gas,0.0,298.0,298.0,Fail,4901.9607843137255,833.3333333333334,98039.21568627452
Argon,1,90,500.0,0.8,80.0,80.0,53.40816326530612,0,1,50.0,Gas,0.0,298.0,298.0,Fail,7812.5,625.0,156250.0
Argon,1,90,500.0,0.8,110.0,80.0,53.44897959183673,0,1,50.0,Gas,0.0,298.0,298.0,Fail,5681.818181818182,625.0,113636.36363636365
Argon,1,90,500.0,0.8,130.0,80.0,53.48979591836735,0,1,50.0,Gas,0.0,298.0,298.0,Fail,4807.692307692308,625.0,96153.84615384616
Argon,1,90,500.0,0.8,150.0,80.0,53.53061224489796,0,1,50.0,Gas,0.0,298.0,298.0,Fail,4166.666666666667,625.0,83333.33333333333
Argon,1,90,500.0,0.8,170.0,80.0,53.57142857142857,0,1,50.0,Gas,0.0,298.0,298.0,Fail,3676.4705882352937,625.0,73529.41176470589
Argon,1,90,500.0,1.0,80.0,80.0,53.61224489795919,0,1,50.0,Gas,0.0,298.0,298.0,Fail,6250.0,500.0,125000.0
Argon,1,90,500.0,1.0,110.0,80.0,53.6530612244898,0,1,50.0,Gas,0.0,298.0,298.0,Fail,4545.454545454545,500.0,90909.09090909091
Argon,1,90,500.0,1.0,130.0,80.0,53.69387755102041,0,1,50.0,Gas,0.0,298.0,298.0,Fail,3846.153846153846,500.0,76923.07692307692
Argon,1,90,500.0,1.0,150.0,80.0,53.734693877551024,0,1,50.0,Gas,0.0,298.0,298.0,Fail,3333.3333333333335,500.0,66666.66666666667
Argon,1,90,500.0,1.0,170.0,80.0,53.775510204081634,0,1,50.0,Gas,0.0,298.0,298.0,Fail,2941.176470588235,500.0,58823.52941176471
Argon,1,90,500.0,1.2,80.0,80.0,53.816326530612244,0,1,50.0,Gas,0.0,298.0,298.0,Fail,5208.333333333333,416.6666666666667,104166.66666666667
Argon,1,90,500.0,1.2,110.0,80.0,53.857142857142854,0,1,50.0,Gas,0.0,298.0,298.0,Fail,3787.8787878787875,416.6666666666667,75757.57575757576
Argon,1,90,500.0,1.2,130.0,80.0,53.89795918367347,0,1,50.0,Gas,0.0,298.0,298.0,Fail,3205.128205128205,416.6666666666667,64102.56410256411
Argon,1,90,500.0,1.2,150.0,80.0,53.93877551020408,0,1,50.0,Gas,0.0,298.0,298.0,Fail,2777.777777777778,416.6666666666667,55555.55555555556
Argon,1,90,500.0,1.2,170.0,80.0,53.97959183673469,0,1,50.0,Gas,0.0,298.0,298.0,Fail,2450.9803921568628,416.6666666666667,49019.60784313726
Argon,1,90,500.0,1.4,80.0,80.0,54.02040816326531,0,1,50.0,Gas,0.0,298.0,298.0,Fail,4464.285714285714,357.14285714285717,89285.71428571429
Argon,1,90,500.0,1.4,110.0,80.0,54.06122448979592,0,1,50.0,Gas,0.0,298.0,298.0,Fail,3246.753246753247,357.14285714285717,64935.06493506494
Argon,1,90,500.0,1.4,130.0,80.0,54.10204081632653,0,1,50.0,Gas,0.0,298.0,298.0,Fail,2747.252747252747,357.14285714285717,54945.054945054944
Argon,1,90,500.0,1.4,150.0,80.0,54.142857142857146,0,1,50.0,Gas,0.0,298.0,298.0,Fail,2380.952380952381,357.14285714285717,47619.047619047626
Argon,1,90,500.0,1.4,170.0,80.0,54.183673469387756,0,1,50.0,Gas,0.0,298.0,298.0,Fail,2100.840336134454,357.14285714285717,42016.806722689085
Argon,1,90,500.0,1.6,80.0,80.0,54.224489795918366,0,1,50.0,Gas,0.0,298.0,298.0,Fail,3906.25,312.5,78125.0
Argon,1,90,500.0,1.6,110.0,80.0,54.265306122448976,0,1,50.0,Gas,0.0,298.0,298.0,Fail,2840.909090909091,312.5,56818.18181818182
Argon,1,90,500.0,1.6,130.0,80.0,54.30612244897959,0,1,50.0,Gas,0.0,298.0,298.0,Fail,2403.846153846154,312.5,48076.92307692308
Argon,1,90,500.0,1.6,150.0,80.0,54.3469387755102,0,1,50.0,Gas,0.0,298.0,298.0,Fail,2083.3333333333335,312.5,41666.666666666664
Argon,1,90,500.0,1.6,170.0,80.0,54.38775510204081,0,1,50.0,Gas,0.0,298.0,298.0,Fail,1838.2352941176468,312.5,36764.705882352944
Argon,1,90,800.0,1.0,110.0,80.0,54.42857142857143,0,1,50.0,Gas,0.0,298.0,298.0,Fail,7272.727272727273,800.0,145454.54545454547
Argon,1,90,800.0,1.0,130.0,80.0,54.46938775510204,0,1,50.0,Gas,0.0,298.0,298.0,Fail,6153.846153846153,800.0,123076.92307692308
Argon,1,90,800.0,1.0,150.0,80.0,54.51020408163265,0,1,50.0,Gas,0.0,298.0,298.0,Fail,5333.333333333334,800.0,106666.66666666667
Argon,1,90,800.0,1.0,170.0,80.0,54.55102040816327,0,1,50.0,Gas,0.0,298.0,298.0,Fail,4705.882352941177,800.0,94117.64705882354
Argon,1,90,800.0,1.0,190.0,80.0,54.59183673469388,0,1,50.0,Gas,0.0,298.0,298.0,Fail,4210.526315789473,800.0,84210.52631578948
Argon,1,90,800.0,1.0,210.0,80.0,54.63265306122449,0,1,50.0,Gas,0.0,298.0,298.0,Fail,3809.5238095238096,800.0,76190.4761904762
Argon,1,90,800.0,1.2,110.0,80.0,54.673469387755105,0,1,50.0,Gas,0.0,298.0,298.0,Fail,6060.60606060606,666.6666666666667,121212.12121212122
Argon,1,90,800.0,1.2,130.0,80.0,54.714285714285715,0,1,50.0,Gas,0.0,298.0,298.0,Fail,5128.205128205128,666.6666666666667,102564.10256410256
Argon,1,90,800.0,1.2,150.0,80.0,54.755102040816325,0,1,50.0,Gas,0.0,298.0,298.0,Fail,4444.444444444444,666.6666666666667,88888.88888888889
Argon,1,90,800.0,1.2,170.0,80.0,54.795918367346935,0,1,50.0,Gas,0.0,298.0,298.0,Fail,3921.5686274509803,666.6666666666667,78431.37254901961
Argon,1,90,800.0,1.2,190.0,80.0,54.83673469387755,0,1,50.0,Gas,0.0,298.0,298.0,Fail,3508.771929824561,666.6666666666667,70175.43859649124
Argon,1,90,800.0,1.2,210.0,80.0,54.87755102040816,0,1,50.0,Gas,0.0,298.0,298.0,Fail,3174.6031746031745,666.6666666666667,63492.06349206349
Argon,1,90,800.0,1.4,110.0,80.0,54.91836734693877,0,1,50.0,Gas,0.0,298.0,298.0,Fail,5194.805194805195,571.4285714285714,103896.1038961039
Argon,1,90,800.0,1.4,130.0,80.0,54.95918367346939,0,1,50.0,Gas,0.0,298.0,298.0,Fail,4395.604395604396,571.4285714285714,87912.08791208791
Argon,1,90,800.0,1.4,150.0,80.0,55.0,0,1,50.0,Gas,0.0,298.0,298.0,Fail,3809.5238095238096,571.4285714285714,76190.4761904762
Argon,1,90,800.0,1.4,170.0,80.0,55.04081632653061,0,1,50.0,Gas,0.0,298.0,298.0,Fail,3361.3445378151264,571.4285714285714,67226.89075630254
Argon,1,90,800.0,1.4,190.0,80.0,55.08163265306123,0,1,50.0,Gas,0.0,298.0,298.0,Fail,3007.518796992481,571.4285714285714,60150.375939849626
Argon,1,90,800.0,1.4,210.0,80.0,55.12244897959184,0,1,50.0,Gas,0.0,298.0,298.0,Fail,2721.08843537415,571.4285714285714,54421.768707482996
Argon,1,90,800.0,1.6,110.0,80.0,55.16326530612245,0,1,50.0,Gas,0.0,298.0,298.0,Fail,4545.454545454546,500.0,90909.09090909093
Argon,1,90,800.0,1.6,130.0,80.0,55.20408163265306,0,1,50.0,Gas,0.0,298.0,298.0,Fail,3846.1538461538457,500.0,76923.07692307692
Argon,1,90,800.0,1.6,150.0,80.0,55.244897959183675,0,1,50.0,Gas,0.0,298.0,298.0,Fail,3333.3333333333335,500.0,66666.66666666667
Argon,1,90,800.0,1.6,170.0,80.0,55.285714285714285,0,1,50.0,Gas,0.0,298.0,298.0,Fail,2941.176470588235,500.0,58823.529411764706
Argon,1,90,800.0,1.6,190.0,80.0,55.326530612244895,0,1,50.0,Gas,0.0,298.0,298.0,Fail,2631.5789473684213,500.0,52631.57894736842
Argon,1,90,800.0,1.6,210.0,80.0,55.36734693877551,0,1,50.0,Gas,0.0,298.0,298.0,Fail,2380.9523809523807,500.0,47619.04761904762
Argon,1,90,800.0,1.8,110.0,80.0,55.40816326530612,0,1,50.0,Gas,0.0,298.0,298.0,Fail,4040.40404040404,444.44444444444446,80808.08080808082
Argon,1,90,800.0,1.8,130.0,80.0,55.44897959183673,0,1,50.0,Gas,0.0,298.0,298.0,Fail,3418.8034188034185,444.44444444444446,68376.06837606838
Argon,1,90,800.0,1.8,150.0,80.0,55.48979591836735,0,1,50.0,Gas,0.0,298.0,298.0,Fail,2962.9629629629626,444.44444444444446,59259.25925925926
Argon,1,90,800.0,1.8,170.0,80.0,55.53061224489796,0,1,50.0,Gas,0.0,298.0,298.0,Fail,2614.3790849673205,444.44444444444446,52287.58169934641
Argon,1,90,800.0,1.8,190.0,80.0,55.57142857142857,0,1,50.0,Gas,0.0,298.0,298.0,Fail,2339.1812865497072,444.44444444444446,46783.62573099415
Argon,1,90,800.0,1.8,210.0,80.0,55.61224489795919,0,1,50.0,Gas,0.0,298.0,298.0,Fail,2116.4021164021165,444.44444444444446,42328.04232804233
Argon,1,90,800.0,2.0,110.0,80.0,55.6530612244898,0,1,50.0,Gas,0.0,298.0,298.0,Fail,3636.3636363636365,400.0,72727.27272727274
Argon,1,90,800.0,2.0,130.0,80.0,55.69387755102041,0,1,50.0,Gas,0.0,298.0,298.0,Fail,3076.9230769230767,400.0,61538.46153846154
Argon,1,90,800.0,2.0,150.0,80.0,55.734693877551024,0,1,50.0,Gas,0.0,298.0,298.0,Fail,2666.666666666667,400.0,53333.333333333336
Argon,1,90,800.0,2.0,170.0,80.0,55.775510204081634,0,1,50.0,Gas,0.0,298.0,298.0,Fail,2352.9411764705883,400.0,47058.82352941177
Argon,1,90,800.0,2.0,190.0,80.0,55.816326530612244,0,1,50.0,Gas,0.0,298.0,298.0,Fail,2105.2631578947367,400.0,42105.26315789474
Argon,1,90,800.0,2.0,210.0,80.0,55.857142857142854,0,1,50.0,Gas,0.0,298.0,298.0,Fail,1904.7619047619048,400.0,38095.2380952381
Argon,1,90,1200.0,1.0,110.0,80.0,55.89795918367347,0,1,50.0,Gas,0.0,298.0,298.0,Fail,10909.09090909091,1200.0,218181.8181818182
Argon,1,90,1200.0,1.0,130.0,80.0,55.93877551020408,0,1,50.0,Gas,0.0,298.0,298.0,Fail,9230.76923076923,1200.0,184615.38461538462
Argon,1,90,1200.0,1.0,150.0,80.0,55.97959183673469,0,1,50.0,Gas,0.0,298.0,298.0,Fail,8000.0,1200.0,160000.0
Argon,1,90,1200.0,1.0,170.0,80.0,56.02040816326531,0,1,50.0,Gas,0.0,298.0,298.0,Fail,7058.823529411764,1200.0,141176.4705882353
Argon,1,90,1200.0,1.0,190.0,80.0,56.06122448979592,0,1,50.0,Gas,0.0,298.0,298.0,Fail,6315.789473684211,1200.0,126315.78947368421
Argon,1,90,1200.0,1.0,210.0,80.0,56.10204081632653,0,1,50.0,Gas,0.0,298.0,298.0,Fail,5714.285714285715,1200.0,114285.7142857143
Argon,1,90,1200.0,1.2,110.0,80.0,56.142857142857146,0,1,50.0,Gas,0.0,298.0,298.0,Fail,9090.90909090909,1000.0,181818.18181818182
Argon,1,90,1200.0,1.2,130.0,80.0,56.183673469387756,0,1,50.0,Gas,0.0,298.0,298.0,Fail,7692.307692307692,1000.0,153846.15384615384
Argon,1,90,1200.0,1.2,150.0,80.0,56.224489795918366,0,1,50.0,Gas,0.0,298.0,298.0,Fail,6666.666666666667,1000.0,133333.33333333334
Argon,1,90,1200.0,1.2,170.0,80.0,56.265306122448976,0,1,50.0,Gas,0.0,298.0,298.0,Fail,5882.35294117647,1000.0,117647.05882352943
Argon,1,90,1200.0,1.2,190.0,80.0,56.30612244897959,0,1,50.0,Gas,0.0,298.0,298.0,Fail,5263.157894736842,1000.0,105263.15789473685
Argon,1,90,1200.0,1.2,210.0,80.0,56.3469387755102,0,1,50.0,Gas,0.0,298.0,298.0,Fail,4761.9047619047615,1000.0,95238.09523809524
Argon,1,90,1200.0,1.4,110.0,80.0,56.38775510204081,0,1,50.0,Gas,0.0,298.0,298.0,Fail,7792.207792207792,857.1428571428572,155844.15584415584
Argon,1,90,1200.0,1.4,130.0,80.0,56.42857142857143,0,1,50.0,Gas,0.0,298.0,298.0,Fail,6593.406593406594,857.1428571428572,131868.13186813187
Argon,1,90,1200.0,1.4,150.0,80.0,56.46938775510204,0,1,50.0,Gas,0.0,298.0,298.0,Fail,5714.285714285715,857.1428571428572,114285.7142857143
Argon,1,90,1200.0,1.4,170.0,80.0,56.51020408163265,0,1,50.0,Gas,0.0,298.0,298.0,Fail,5042.01680672269,857.1428571428572,100840.3361344538
Argon,1,90,1200.0,1.4,190.0,80.0,56.55102040816327,0,1,50.0,Gas,0.0,298.0,298.0,Fail,4511.278195488721,857.1428571428572,90225.56390977444
Argon,1,90,1200.0,1.4,210.0,80.0,56.59183673469388,0,1,50.0,Gas,0.0,298.0,298.0,Fail,4081.6326530612246,857.1428571428572,81632.6530612245
Argon,1,90,1200.0,1.6,110.0,80.0,56.63265306122449,0,1,50.0,Gas,0.0,298.0,298.0,Fail,6818.181818181819,750.0,136363.63636363638
Argon,1,90,1200.0,1.6,130.0,80.0,56.673469387755105,0,1,50.0,Gas,0.0,298.0,298.0,Fail,5769.230769230769,750.0,115384.61538461539
Argon,1,90,1200.0,1.6,150.0,80.0,56.714285714285715,0,1,50.0,Gas,0.0,298.0,298.0,Fail,5000.0,750.0,100000.0
Argon,1,90,1200.0,1.6,170.0,80.0,56.755102040816325,0,1,50.0,Gas,0.0,298.0,298.0,Fail,4411.764705882352,750.0,88235.29411764706
Argon,1,90,1200.0,1.6,190.0,80.0,56.795918367346935,0,1,50.0,Gas,0.0,298.0,298.0,Fail,3947.3684210526317,750.0,78947.36842105263
Argon,1,90,1200.0,1.6,210.0,80.0,56.83673469387755,0,1,50.0,Gas,0.0,298.0,298.0,Fail,3571.428571428571,750.0,71428.57142857143
Argon,1,90,1200.0,1.8,110.0,80.0,56.87755102040816,0,1,50.0,Gas,0.0,298.0,298.0,Fail,6060.60606060606,666.6666666666666,121212.12121212123
Argon,1,90,1200.0,1.8,130.0,80.0,56.91836734693877,0,1,50.0,Gas,0.0,298.0,298.0,Fail,5128.205128205128,666.6666666666666,102564.10256410256
Argon,1,90,1200.0,1.8,150.0,80.0,56.95918367346939,0,1,50.0,Gas,0.0,298.0,298.0,Fail,4444.444444444444,666.6666666666666,88888.88888888889
Argon,1,90,1200.0,1.8,170.0,80.0,57.0,0,1,50.0,Gas,0.0,298.0,298.0,Fail,3921.5686274509803,666.6666666666666,78431.37254901961
Argon,1,90,1200.0,1.8,190.0,80.0,57.04081632653061,0,1,50.0,Gas,0.0,298.0,298.0,Fail,3508.771929824561,666.6666666666666,70175.43859649122
Argon,1,90,1200.0,1.8,210.0,80.0,57.08163265306123,0,1,50.0,Gas,0.0,298.0,298.0,Fail,3174.6031746031745,666.6666666666666,63492.06349206349
Argon,1,90,1200.0,2.0,110.0,80.0,57.12244897959184,0,1,50.0,Gas,0.0,298.0,298.0,Fail,5454.545454545455,600.0,109090.9090909091
Argon,1,90,1200.0,2.0,130.0,80.0,57.16326530612245,0,1,50.0,Gas,0.0,298.0,298.0,Fail,4615.384615384615,600.0,92307.69230769231
Argon,1,90,1200.0,2.0,150.0,80.0,57.20408163265306,0,1,50.0,Gas,0.0,298.0,298.0,Fail,4000.0,600.0,80000.0
Argon,1,90,1200.0,2.0,170.0,80.0,57.244897959183675,0,1,50.0,Gas,0.0,298.0,298.0,Fail,3529.411764705882,600.0,70588.23529411765
Argon,1,90,1200.0,2.0,190.0,80.0,57.285714285714285,0,1,50.0,Gas,0.0,298.0,298.0,Fail,3157.8947368421054,600.0,63157.89473684211
Argon,1,90,1200.0,2.0,210.0,80.0,57.326530612244895,0,1,50.0,Gas,0.0,298.0,298.0,Fail,2857.1428571428573,600.0,57142.85714285715
Argon,1,90,1500.0,1.1,130.0,80.0,57.36734693877551,0,1,50.0,Gas,0.0,298.0,298.0,Fail,10489.510489510489,1363.6363636363635,209790.20979020977
Argon,1,90,1500.0,1.1,150.0,80.0,57.40816326530612,0,1,50.0,Gas,0.0,298.0,298.0,Fail,9090.90909090909,1363.6363636363635,181818.18181818182
Argon,1,90,1500.0,1.1,180.0,80.0,57.44897959183673,0,1,50.0,Gas,0.0,298.0,298.0,Fail,7575.757575757574,1363.6363636363635,151515.1515151515
Argon,1,90,1500.0,1.1,200.0,80.0,57.48979591836735,0,1,50.0,Gas,0.0,298.0,298.0,Fail,6818.181818181817,1363.6363636363635,136363.63636363635
Argon,1,90,1500.0,1.1,220.0,80.0,57.53061224489796,0,1,50.0,Gas,0.0,298.0,298.0,Fail,6198.347107438016,1363.6363636363635,123966.94214876031
Argon,1,90,1500.0,1.1,250.0,80.0,57.57142857142857,0,1,50.0,Gas,0.0,298.0,298.0,Fail,5454.545454545454,1363.6363636363635,109090.90909090909
Argon,1,90,1500.0,1.3,130.0,80.0,57.61224489795919,0,1,50.0,Gas,0.0,298.0,298.0,Fail,8875.739644970414,1153.8461538461538,177514.7928994083
Argon,1,90,1500.0,1.3,150.0,80.0,57.6530612244898,0,1,50.0,Gas,0.0,298.0,298.0,Fail,7692.307692307692,1153.8461538461538,153846.15384615384
Argon,1,90,1500.0,1.3,180.0,80.0,57.69387755102041,0,1,50.0,Gas,0.0,298.0,298.0,Fail,6410.25641025641,1153.8461538461538,128205.1282051282
Argon,1,90,1500.0,1.3,200.0,80.0,57.734693877551024,0,1,50.0,Gas,0.0,298.0,298.0,Fail,5769.230769230769,1153.8461538461538,115384.61538461539
Argon,1,90,1500.0,1.3,220.0,80.0,57.775510204081634,0,1,50.0,Gas,0.0,298.0,298.0,Fail,5244.755244755244,1153.8461538461538,104895.10489510489
Argon,1,90,1500.0,1.3,250.0,80.0,57.816326530612244,0,1,50.0,Gas,0.0,298.0,298.0,Fail,4615.384615384615,1153.8461538461538,92307.6923076923
Argon,1,90,1500.0,1.5,130.0,80.0,57.857142857142854,0,1,50.0,Gas,0.0,298.0,298.0,Fail,7692.307692307692,1000.0,153846.15384615384
Argon,1,90,1500.0,1.5,150.0,80.0,57.89795918367347,0,1,50.0,Gas,0.0,298.0,298.0,Fail,6666.666666666666,1000.0,133333.33333333334
Argon,1,90,1500.0,1.5,180.0,80.0,57.93877551020408,0,1,50.0,Gas,0.0,298.0,298.0,Fail,5555.555555555555,1000.0,111111.11111111111
Argon,1,90,1500.0,1.5,200.0,80.0,57.97959183673469,0,1,50.0,Gas,0.0,298.0,298.0,Fail,5000.0,1000.0,100000.0
Argon,1,90,1500.0,1.5,220.0,80.0,58.02040816326531,0,1,50.0,Gas,0.0,298.0,298.0,Fail,4545.454545454545,1000.0,90909.09090909091
Argon,1,90,1500.0,1.5,250.0,80.0,58.06122448979592,0,1,50.0,Gas,0.0,298.0,298.0,Fail,4000.0,1000.0,80000.0
Argon,1,90,1500.0,1.7,130.0,80.0,58.10204081632653,0,1,50.0,Gas,0.0,298.0,298.0,Fail,6787.330316742082,882.3529411764706,135746.60633484164
Argon,1,90,1500.0,1.7,150.0,80.0,58.14285714285714,0,1,50.0,Gas,0.0,298.0,298.0,Fail,5882.35294117647,882.3529411764706,117647.05882352941
Argon,1,90,1500.0,1.7,180.0,80.0,58.183673469387756,0,1,50.0,Gas,0.0,298.0,298.0,Fail,4901.9607843137255,882.3529411764706,98039.21568627452
Argon,1,90,1500.0,1.7,200.0,80.0,58.224489795918366,0,1,50.0,Gas,0.0,298.0,298.0,Fail,4411.764705882352,882.3529411764706,88235.29411764708
Argon,1,90,1500.0,1.7,220.0,80.0,58.265306122448976,0,1,50.0,Gas,0.0,298.0,298.0,Fail,4010.695187165775,882.3529411764706,80213.90374331552
Argon,1,90,1500.0,1.7,250.0,80.0,58.30612244897959,0,1,50.0,Gas,0.0,298.0,298.0,Fail,3529.4117647058824,882.3529411764706,70588.23529411765
Argon,1,90,1500.0,1.9,130.0,80.0,58.3469387755102,0,1,50.0,Gas,0.0,298.0,298.0,Fail,6072.8744939271255,789.4736842105264,121457.48987854252
Argon,1,90,1500.0,1.9,150.0,80.0,58.38775510204081,0,1,50.0,Gas,0.0,298.0,298.0,Fail,5263.157894736842,789.4736842105264,105263.15789473685
Argon,1,90,1500.0,1.9,180.0,80.0,58.42857142857143,0,1,50.0,Gas,0.0,298.0,298.0,Fail,4385.964912280701,789.4736842105264,87719.29824561403
Argon,1,90,1500.0,1.9,200.0,80.0,58.46938775510204,0,1,50.0,Gas,0.0,298.0,298.0,Fail,3947.3684210526317,789.4736842105264,78947.36842105264
Argon,1,90,1500.0,1.9,220.0,80.0,58.51020408163265,0,1,50.0,Gas,0.0,298.0,298.0,Fail,3588.5167464114834,789.4736842105264,71770.33492822967
Argon,1,90,1500.0,1.9,250.0,80.0,58.55102040816327,0,1,50.0,Gas,0.0,298.0,298.0,Fail,3157.894736842105,789.4736842105264,63157.89473684211
Argon,1,90,1500.0,2.1,130.0,80.0,58.59183673469388,0,1,50.0,Gas,0.0,298.0,298.0,Fail,5494.505494505494,714.2857142857142,109890.1098901099
Argon,1,90,1500.0,2.1,150.0,80.0,58.63265306122449,0,1,50.0,Gas,0.0,298.0,298.0,Fail,4761.9047619047615,714.2857142857142,95238.09523809524
Argon,1,90,1500.0,2.1,180.0,80.0,58.673469387755105,0,1,50.0,Gas,0.0,298.0,298.0,Fail,3968.253968253968,714.2857142857142,79365.07936507936
Argon,1,90,1500.0,2.1,200.0,80.0,58.714285714285715,0,1,50.0,Gas,0.0,298.0,298.0,Fail,3571.4285714285716,714.2857142857142,71428.57142857143
Argon,1,90,1500.0,2.1,220.0,80.0,58.755102040816325,0,1,50.0,Gas,0.0,298.0,298.0,Fail,3246.7532467532465,714.2857142857142,64935.06493506494
Argon,1,90,1500.0,2.1,250.0,80.0,58.795918367346935,0,1,50.0,Gas,0.0,298.0,298.0,Fail,2857.142857142857,714.2857142857142,57142.857142857145
Argon,1,90,1800.0,1.55,130.0,80.0,58.83673469387755,0,1,50.0,Gas,0.0,298.0,298.0,Fail,8933.002481389578,1161.2903225806451,178660.0496277916
Argon,1,90,1800.0,1.55,150.0,80.0,58.87755102040816,0,1,50.0,Gas,0.0,298.0,298.0,Fail,7741.935483870967,1161.2903225806451,154838.70967741936
Argon,1,90,1800.0,1.55,170.0,80.0,58.91836734693877,0,1,50.0,Gas,0.0,298.0,298.0,Fail,6831.11954459203,1161.2903225806451,136622.39089184062
Argon,1,90,1800.0,1.55,190.0,80.0,58.95918367346939,0,1,50.0,Gas,0.0,298.0,298.0,Fail,6112.054329371817,1161.2903225806451,122241.08658743635
Argon,1,90,1800.0,1.55,210.0,80.0,59.0,0,1,50.0,Gas,0.0,298.0,298.0,Fail,5529.953917050691,1161.2903225806451,110599.07834101384
Argon,1,90,1800.0,1.55,225.0,80.0,59.04081632653061,0,1,50.0,Gas,0.0,298.0,298.0,Fail,5161.290322580645,1161.2903225806451,103225.80645161291
Argon,1,90,1800.0,1.7,130.0,80.0,59.08163265306122,0,1,50.0,Gas,0.0,298.0,298.0,Fail,8144.796380090497,1058.8235294117646,162895.92760180996
Argon,1,90,1800.0,1.7,150.0,80.0,59.12244897959184,0,1,50.0,Gas,0.0,298.0,298.0,Fail,7058.823529411765,1058.8235294117646,141176.4705882353
Argon,1,90,1800.0,1.7,170.0,80.0,59.16326530612245,0,1,50.0,Gas,0.0,298.0,298.0,Fail,6228.3737024221455,1058.8235294117646,124567.4740484429
Argon,1,90,1800.0,1.7,190.0,80.0,59.20408163265306,0,1,50.0,Gas,0.0,298.0,298.0,Fail,5572.755417956656,1058.8235294117646,111455.10835913314
Argon,1,90,1800.0,1.7,210.0,80.0,59.244897959183675,0,1,50.0,Gas,0.0,298.0,298.0,Fail,5042.01680672269,1058.8235294117646,100840.3361344538
Argon,1,90,1800.0,1.7,225.0,80.0,59.285714285714285,0,1,50.0,Gas,0.0,298.0,298.0,Fail,4705.882352941177,1058.8235294117646,94117.64705882352
Argon,1,90,1800.0,1.9,130.0,80.0,59.326530612244895,0,1,50.0,Gas,0.0,298.0,298.0,Fail,7287.44939271255,947.3684210526317,145748.98785425103
Argon,1,90,1800.0,1.9,150.0,80.0,59.36734693877551,0,1,50.0,Gas,0.0,298.0,298.0,Fail,6315.78947368421,947.3684210526317,126315.78947368423
Argon,1,90,1800.0,1.9,170.0,80.0,59.40816326530612,0,1,50.0,Gas,0.0,298.0,298.0,Fail,5572.755417956656,947.3684210526317,111455.10835913314
Argon,1,90,1800.0,1.9,190.0,80.0,59.44897959183673,0,1,50.0,Gas,0.0,298.0,298.0,Fail,4986.149584487534,947.3684210526317,99722.99168975069
Argon,1,90,1800.0,1.9,210.0,80.0,59.48979591836735,0,1,50.0,Gas,0.0,298.0,298.0,Fail,4511.278195488721,947.3684210526317,90225.56390977444
Argon,1,90,1800.0,1.9,225.0,80.0,59.53061224489796,0,1,50.0,Gas,0.0,298.0,298.0,Fail,4210.526315789474,947.3684210526317,84210.52631578948
Argon,1,90,1800.0,2.1,130.0,80.0,59.57142857142857,0,1,50.0,Gas,0.0,298.0,298.0,Fail,6593.406593406593,857.1428571428571,131868.13186813187
Argon,1,90,1800.0,2.1,150.0,80.0,59.61224489795919,0,1,50.0,Gas,0.0,298.0,298.0,Fail,5714.285714285715,857.1428571428571,114285.71428571429
Argon,1,90,1800.0,2.1,170.0,80.0,59.6530612244898,0,1,50.0,Gas,0.0,298.0,298.0,Fail,5042.01680672269,857.1428571428571,100840.3361344538
Argon,1,90,1800.0,2.1,190.0,80.0,59.69387755102041,0,1,50.0,Gas,0.0,298.0,298.0,Fail,4511.278195488721,857.1428571428571,90225.56390977444
Argon,1,90,1800.0,2.1,210.0,80.0,59.73469387755102,0,1,50.0,Gas,0.0,298.0,298.0,Fail,4081.6326530612246,857.1428571428571,81632.65306122448
Argon,1,90,1800.0,2.1,225.0,80.0,59.775510204081634,0,1,50.0,Gas,0.0,298.0,298.0,Fail,3809.523809523809,857.1428571428571,76190.47619047618
Argon,1,90,1800.0,2.3,130.0,80.0,59.816326530612244,0,1,50.0,Gas,0.0,298.0,298.0,Fail,6020.066889632108,782.608695652174,120401.33779264214
Argon,1,90,1800.0,2.3,150.0,80.0,59.857142857142854,0,1,50.0,Gas,0.0,298.0,298.0,Fail,5217.391304347826,782.608695652174,104347.82608695653
Argon,1,90,1800.0,2.3,170.0,80.0,59.89795918367347,0,1,50.0,Gas,0.0,298.0,298.0,Fail,4603.580562659847,782.608695652174,92071.61125319696
Argon,1,90,1800.0,2.3,190.0,80.0,59.93877551020408,0,1,50.0,Gas,0.0,298.0,298.0,Fail,4118.993135011442,782.608695652174,82379.86270022886
Argon,1,90,1800.0,2.3,210.0,80.0,59.97959183673469,0,1,50.0,Gas,0.0,298.0,298.0,Fail,3726.708074534162,782.608695652174,74534.16149068324
Argon,1,90,1800.0,2.3,225.0,80.0,60.02040816326531,0,1,50.0,Gas,0.0,298.0,298.0,Fail,3478.2608695652175,782.608695652174,69565.21739130435
Argon,1,90,1800.0,2.45,130.0,80.0,60.06122448979592,0,1,50.0,Gas,0.0,298.0,298.0,Fail,5651.49136577708,734.6938775510204,113029.82731554161
Argon,1,90,1800.0,2.45,150.0,80.0,60.10204081632653,0,1,50.0,Gas,0.0,298.0,298.0,Fail,4897.95918367347,734.6938775510204,97959.1836734694
Argon,1,90,1800.0,2.45,170.0,80.0,60.14285714285714,0,1,50.0,Gas,0.0,298.0,298.0,Fail,4321.72869147659,734.6938775510204,86434.5738295318
Argon,1,90,1800.0,2.45,190.0,80.0,60.183673469387756,0,1,50.0,Gas,0.0,298.0,298.0,Fail,3866.809881847475,734.6938775510204,77336.19763694951
Argon,1,90,1800.0,2.45,210.0,80.0,60.224489795918366,0,1,50.0,Gas,0.0,298.0,298.0,Fail,3498.542274052478,734.6938775510204,69970.84548104958
Argon,1,90,1800.0,2.45,225.0,80.0,60.265306122448976,0,1,50.0,Gas,0.0,298.0,298.0,Fail,3265.3061224489793,734.6938775510204,65306.12244897959
Argon,1,90,2000.0,1.8,110.0,80.0,60.30612244897959,0,1,50.0,Gas,0.0,298.0,298.0,Fail,10101.0101010101,1111.111111111111,202020.20202020204
Argon,1,90,2000.0,1.8,130.0,80.0,60.3469387755102,0,1,50.0,Gas,0.0,298.0,298.0,Fail,8547.008547008547,1111.111111111111,170940.17094017094
Argon,1,90,2000.0,1.8,150.0,80.0,60.38775510204081,0,1,50.0,Gas,0.0,298.0,298.0,Fail,7407.407407407407,1111.111111111111,148148.14814814815
Argon,1,90,2000.0,1.8,170.0,80.0,60.42857142857143,0,1,50.0,Gas,0.0,298.0,298.0,Fail,6535.9477124183,1111.111111111111,130718.95424836602
Argon,1,90,2000.0,1.8,190.0,80.0,60.46938775510204,0,1,50.0,Gas,0.0,298.0,298.0,Fail,5847.953216374269,1111.111111111111,116959.06432748538
Argon,1,90,2000.0,1.8,210.0,80.0,60.51020408163265,0,1,50.0,Gas,0.0,298.0,298.0,Fail,5291.005291005291,1111.111111111111,105820.10582010582
Argon,1,90,2000.0,2.0,110.0,80.0,60.55102040816327,0,1,50.0,Gas,0.0,298.0,298.0,Fail,9090.90909090909,1000.0,181818.18181818182
Argon,1,90,2000.0,2.0,130.0,80.0,60.59183673469388,0,1,50.0,Gas,0.0,298.0,298.0,Fail,7692.307692307692,1000.0,153846.15384615384
Argon,1,90,2000.0,2.0,150.0,80.0,60.63265306122449,0,1,50.0,Gas,0.0,298.0,298.0,Fail,6666.666666666667,1000.0,133333.33333333334
Argon,1,90,2000.0,2.0,170.0,80.0,60.673469387755105,0,1,50.0,Gas,0.0,298.0,298.0,Fail,5882.35294117647,1000.0,117647.05882352943
Argon,1,90,2000.0,2.0,190.0,80.0,60.714285714285715,0,1,50.0,Gas,0.0,298.0,298.0,Fail,5263.157894736842,1000.0,105263.15789473684
Argon,1,90,2000.0,2.0,210.0,80.0,60.755102040816325,0,1,50.0,Gas,0.0,298.0,298.0,Fail,4761.904761904762,1000.0,95238.09523809525
Argon,1,90,2000.0,2.2,110.0,80.0,60.795918367346935,0,1,50.0,Gas,0.0,298.0,298.0,Fail,8264.462809917355,909.090909090909,165289.25619834708
Argon,1,90,2000.0,2.2,130.0,80.0,60.83673469387755,0,1,50.0,Gas,0.0,298.0,298.0,Fail,6993.006993006992,909.090909090909,139860.13986013987
Argon,1,90,2000.0,2.2,150.0,80.0,60.87755102040816,0,1,50.0,Gas,0.0,298.0,298.0,Fail,6060.60606060606,909.090909090909,121212.1212121212
Argon,1,90,2000.0,2.2,170.0,80.0,60.91836734693877,0,1,50.0,Gas,0.0,298.0,298.0,Fail,5347.5935828877,909.090909090909,106951.871657754
Argon,1,90,2000.0,2.2,190.0,80.0,60.95918367346939,0,1,50.0,Gas,0.0,298.0,298.0,Fail,4784.688995215311,909.090909090909,95693.77990430621
Argon,1,90,2000.0,2.2,210.0,80.0,61.0,0,1,50.0,Gas,0.0,298.0,298.0,Fail,4329.004329004329,909.090909090909,86580.08658008657
Argon,1,90,2000.0,2.4,110.0,80.0,61.04081632653061,0,1,50.0,Gas,0.0,298.0,298.0,Fail,7575.757575757575,833.3333333333334,151515.15151515152
Argon,1,90,2000.0,2.4,130.0,80.0,61.08163265306122,0,1,50.0,Gas,0.0,298.0,298.0,Fail,6410.25641025641,833.3333333333334,128205.12820512822
Argon,1,90,2000.0,2.4,150.0,80.0,61.12244897959184,0,1,50.0,Gas,0.0,298.0,298.0,Fail,5555.555555555556,833.3333333333334,111111.11111111112
Argon,1,90,2000.0,2.4,170.0,80.0,61.16326530612245,0,1,50.0,Gas,0.0,298.0,298.0,Fail,4901.9607843137255,833.3333333333334,98039.21568627452
Argon,1,90,2000.0,2.4,190.0,80.0,61.20408163265306,0,1,50.0,Gas,0.0,298.0,298.0,Fail,4385.964912280701,833.3333333333334,87719.29824561405
Argon,1,90,2000.0,2.4,210.0,80.0,61.244897959183675,0,1,50.0,Gas,0.0,298.0,298.0,Fail,3968.253968253968,833.3333333333334,79365.07936507936
Argon,1,90,2000.0,2.6,110.0,80.0,61.285714285714285,0,1,50.0,Gas,0.0,298.0,298.0,Fail,6993.006993006992,769.2307692307692,139860.13986013987
Argon,1,90,2000.0,2.6,130.0,80.0,61.326530612244895,0,1,50.0,Gas,0.0,298.0,298.0,Fail,5917.159763313609,769.2307692307692,118343.1952662722
Argon,1,90,2000.0,2.6,150.0,80.0,61.36734693877551,0,1,50.0,Gas,0.0,298.0,298.0,Fail,5128.205128205128,769.2307692307692,102564.10256410256
Argon,1,90,2000.0,2.6,170.0,80.0,61.40816326530612,0,1,50.0,Gas,0.0,298.0,298.0,Fail,4524.886877828054,769.2307692307692,90497.7375565611
Argon,1,90,2000.0,2.6,190.0,80.0,61.44897959183673,0,1,50.0,Gas,0.0,298.0,298.0,Fail,4048.582995951417,769.2307692307692,80971.65991902835
Argon,1,90,2000.0,2.6,210.0,80.0,61.48979591836735,0,1,50.0,Gas,0.0,298.0,298.0,Fail,3663.003663003663,769.2307692307692,73260.07326007326
Argon,1,90,2000.0,2.8,110.0,80.0,61.53061224489796,0,1,50.0,Gas,0.0,298.0,298.0,Fail,6493.506493506494,714.2857142857143,129870.12987012988
Argon,1,90,2000.0,2.8,130.0,80.0,61.57142857142857,0,1,50.0,Gas,0.0,298.0,298.0,Fail,5494.505494505494,714.2857142857143,109890.10989010989
Argon,1,90,2000.0,2.8,150.0,80.0,61.61224489795919,0,1,50.0,Gas,0.0,298.0,298.0,Fail,4761.904761904762,714.2857142857143,95238.09523809525
Argon,1,90,2000.0,2.8,170.0,80.0,61.6530612244898,0,1,50.0,Gas,0.0,298.0,298.0,Fail,4201.680672268908,714.2857142857143,84033.61344537817
Argon,1,90,2000.0,2.8,190.0,80.0,61.69387755102041,0,1,50.0,Gas,0.0,298.0,298.0,Fail,3759.398496240601,714.2857142857143,75187.96992481203
Argon,1,90,2000.0,2.8,210.0,80.0,61.734693877551024,0,1,50.0,Gas,0.0,298.0,298.0,Fail,3401.360544217687,714.2857142857143,68027.21088435374
Argon,1,90,250.0,0.4,45.0,80.0,61.775510204081634,0,1,25.0,Gas,0.0,298.0,298.0,Fail,13888.888888888887,625.0,555555.5555555556
Argon,1,90,250.0,0.4,45.0,80.0,61.816326530612244,0,1,25.0,Gas,0.0,298.0,298.0,Fail,13888.888888888887,625.0,555555.5555555556
Argon,1,90,250.0,0.4,45.0,80.0,61.857142857142854,0,1,25.0,Gas,0.0,298.0,298.0,Fail,13888.888888888887,625.0,555555.5555555556
Argon,1,90,250.0,0.4,45.0,80.0,61.89795918367347,0,1,25.0,Gas,0.0,298.0,298.0,Fail,13888.888888888887,625.0,555555.5555555556
Argon,1,90,350.0,1.0,80.0,80.0,61.93877551020408,0,1,40.0,Gas,0.0,298.0,298.0,Fail,4375.0,350.0,109375.00000000001
Argon,1,90,350.0,1.0,80.0,80.0,61.97959183673469,0,1,40.0,Gas,0.0,298.0,298.0,Fail,4375.0,350.0,109375.00000000001
Argon,1,90,350.0,1.0,80.0,80.0,62.0204081632653,0,1,40.0,Gas,0.0,298.0,298.0,Fail,4375.0,350.0,109375.00000000001
Argon,1,90,350.0,1.0,80.0,80.0,62.06122448979592,0,1,40.0,Gas,0.0,298.0,298.0,Fail,4375.0,350.0,109375.00000000001
Argon,1,90,350.0,1.0,80.0,80.0,62.10204081632653,0,1,40.0,Gas,0.0,298.0,298.0,Fail,4375.0,350.0,109375.00000000001
Argon,1,90,350.0,1.0,80.0,80.0,62.14285714285714,0,1,40.0,Gas,0.0,298.0,298.0,Fail,4375.0,350.0,109375.00000000001
Argon,1,90,350.0,1.0,80.0,80.0,62.183673469387756,0,1,40.0,Gas,0.0,298.0,298.0,Fail,4375.0,350.0,109375.00000000001
Argon,1,90,350.0,1.0,80.0,80.0,62.224489795918366,0,1,40.0,Gas,0.0,298.0,298.0,Fail,4375.0,350.0,109375.00000000001
Argon,1,90,350.0,1.0,80.0,80.0,62.265306122448976,0,1,40.0,Gas,0.0,298.0,298.0,Fail,4375.0,350.0,109375.00000000001
Argon,1,90,350.0,1.0,80.0,80.0,62.30612244897959,0,1,40.0,Gas,0.0,298.0,298.0,Fail,4375.0,350.0,109375.00000000001
Argon,1,90,350.0,1.0,80.0,80.0,62.3469387755102,0,1,40.0,Gas,0.0,298.0,298.0,Fail,4375.0,350.0,109375.00000000001
Argon,1,90,350.0,1.0,80.0,80.0,62.38775510204081,0,1,40.0,Gas,0.0,298.0,298.0,Fail,4375.0,350.0,109375.00000000001
Argon,1,90,350.0,1.0,100.0,80.0,62.42857142857143,0,1,40.0,Gas,0.0,298.0,298.0,Fail,3500.0,350.0,87500.0
Argon,1,90,350.0,1.0,100.0,80.0,62.46938775510204,0,1,40.0,Gas,0.0,298.0,298.0,Fail,3500.0,350.0,87500.0
Argon,1,90,350.0,1.0,100.0,80.0,62.51020408163265,0,1,40.0,Gas,0.0,298.0,298.0,Fail,3500.0,350.0,87500.0
Argon,1,90,350.0,1.0,100.0,80.0,62.55102040816327,0,1,40.0,Gas,0.0,298.0,298.0,Fail,3500.0,350.0,87500.0
Argon,1,90,350.0,1.0,100.0,80.0,62.59183673469388,0,1,40.0,Gas,0.0,298.0,298.0,Fail,3500.0,350.0,87500.0
Argon,1,90,350.0,1.0,100.0,80.0,62.63265306122449,0,1,40.0,Gas,0.0,298.0,298.0,Fail,3500.0,350.0,87500.0
Argon,1,90,350.0,1.0,100.0,80.0,62.673469387755105,0,1,40.0,Gas,0.0,298.0,298.0,Fail,3500.0,350.0,87500.0
Argon,1,90,350.0,1.0,100.0,80.0,62.714285714285715,0,1,40.0,Gas,0.0,298.0,298.0,Fail,3500.0,350.0,87500.0
Argon,1,90,350.0,1.0,100.0,80.0,62.755102040816325,0,1,40.0,Gas,0.0,298.0,298.0,Fail,3500.0,350.0,87500.0
Argon,1,90,350.0,1.0,100.0,80.0,62.795918367346935,0,1,40.0,Gas,0.0,298.0,298.0,Fail,3500.0,350.0,87500.0
Argon,1,90,350.0,1.0,100.0,80.0,62.83673469387755,0,1,40.0,Gas,0.0,298.0,298.0,Fail,3500.0,350.0,87500.0
Argon,1,90,350.0,1.0,100.0,80.0,62.87755102040816,0,1,40.0,Gas,0.0,298.0,298.0,Fail,3500.0,350.0,87500.0
Argon,1,90,350.0,1.0,100.0,80.0,62.91836734693877,0,1,40.0,Gas,0.0,298.0,298.0,Fail,3500.0,350.0,87500.0
Argon,1,90,350.0,1.0,100.0,80.0,62.95918367346938,0,1,40.0,Gas,0.0,298.0,298.0,Fail,3500.0,350.0,87500.0
Argon,1,90,195.0,1.0,90.0,80.0,63.0,0,1,28.096666666666668,Gas,0.0,298.0,298.0,Fail,2166.666666666667,195.0,77114.72298018745
Argon,1,90,150.0,0.3,50.0,80.0,63.0,0,1,30.0,Gas,0.0,298.0,298.0,Fail,10000.0,500.0,333333.3333333333
Argon,1,90,150.0,0.35,50.0,80.0,63.0,0,1,30.0,Gas,0.0,298.0,298.0,Fail,8571.42857142857,428.5714285714286,285714.28571428574
Argon,1,90,150.0,0.4,50.0,80.0,63.0,0,1,30.0,Gas,0.0,298.0,298.0,Fail,7500.0,375.0,250000.00000000003
Argon,1,90,150.0,0.45,50.0,80.0,63.0,0,1,30.0,Gas,0.0,298.0,298.0,Fail,6666.666666666667,333.3333333333333,222222.22222222225
Argon,1,90,150.0,0.5,50.0,80.0,63.0,0,1,30.0,Gas,0.0,298.0,298.0,Fail,6000.0,300.0,200000.0
Argon,1,90,150.0,0.55,50.0,80.0,63.0,0,1,30.0,Gas,0.0,298.0,298.0,Fail,5454.545454545454,272.7272727272727,181818.1818181818
Argon,1,90,150.0,0.6,50.0,80.0,63.0,0,1,30.0,Gas,0.0,298.0,298.0,Fail,5000.0,250.0,166666.66666666666
Argon,1,90,150.0,0.4,30.0,80.0,63.0,0,1,30.0,Gas,0.0,298.0,298.0,Fail,12500.0,375.0,416666.6666666667
Argon,1,90,150.0,0.4,40.0,80.0,63.0,0,1,30.0,Gas,0.0,298.0,298.0,Fail,9375.0,375.0,312500.0
Argon,1,90,150.0,0.4,60.0,80.0,63.0,0,1,30.0,Gas,0.0,298.0,298.0,Fail,6250.0,375.0,208333.33333333334
Argon,1,90,150.0,0.4,70.0,80.0,63.0,0,1,30.0,Gas,0.0,298.0,298.0,Fail,5357.142857142857,375.0,178571.42857142858
Argon,>=2,90,200.0,0.5714285714285714,100.0,75.0,43.0,0,0.3,25.0,Gas,0.0,298.0,298.0,Fail,3500.0,350.0,140000.00000000003
Argon,1,90,285.0,0.96,100.0,80.0,53.0,0,1,40.0,Gas,0.0,298.0,353.0,Fail,2968.75,296.875,74218.75
Argon,1,90,1200.0,0.0028,100.0,800.0,53.0,0,1,400.0,Gas,0.0,298.0,298.0,Fail,4285714.285714286,428571.4285714286,10714285.714285716
Argon,1,90,1400.0,0.0028,100.0,800.0,53.0,0,1,400.0,Gas,0.0,298.0,298.0,Fail,5000000.0,500000.0,12500000.000000002
Argon,1,90,1600.0,0.0028,100.0,800.0,53.0,0,1,400.0,Gas,0.0,298.0,298.0,Fail,5714285.714285715,571428.5714285715,14285714.285714287
Argon,1,90,1800.0,0.0028,100.0,800.0,53.0,0,1,400.0,Gas,0.0,298.0,298.0,Fail,6428571.428571429,642857.1428571428,16071428.571428573
Argon,1,90,187.0,0.176,140.0,100.0,53.0,0,0.9,40.0,Gas,0.0,298.0,298.0,Fail,7589.285714285715,1062.5,189732.14285714287
Argon,1,90,193.0,0.176,140.0,100.0,53.0,0,0.9,40.0,Gas,0.0,298.0,298.0,Fail,7832.7922077922085,1096.5909090909092,195819.80519480523
Argon,1,90,187.0,0.194,140.0,100.0,53.0,0,0.9,40.0,Gas,0.0,298.0,298.0,Fail,6885.125184094256,963.9175257731958,172128.1296023564
Argon,1,90,193.0,0.194,140.0,100.0,53.0,0,0.9,40.0,Gas,0.0,298.0,298.0,Fail,7106.038291605302,994.8453608247422,177650.95729013256
Argon,1,90,187.0,0.176,180.0,100.0,53.0,0,0.9,40.0,Gas,0.0,298.0,298.0,Fail,5902.777777777777,1062.5,147569.44444444444
Argon,1,90,193.0,0.176,180.0,100.0,53.0,0,0.9,40.0,Gas,0.0,298.0,298.0,Fail,6092.171717171717,1096.5909090909092,152304.29292929292
Argon,1,90,185.0,0.194,160.0,100.0,53.0,0,0.9,40.0,Gas,0.0,298.0,298.0,Fail,5960.051546391753,953.6082474226804,149001.28865979385
Argon,1,90,195.0,0.194,160.0,100.0,53.0,0,0.9,40.0,Gas,0.0,298.0,298.0,Fail,6282.216494845361,1005.1546391752577,157055.41237113404
Argon,1,90,190.0,0.185,160.0,100.0,53.0,0,0.9,40.0,Gas,0.0,298.0,298.0,Fail,6418.918918918918,1027.027027027027,160472.972972973
Argon,1,90,190.0,0.17,120.0,100.0,53.0,0,0.9,40.0,Gas,0.0,298.0,298.0,Fail,9313.725490196077,1117.6470588235293,232843.13725490193
Argon,1,90,190.0,0.2,200.0,100.0,53.0,0,0.9,40.0,Gas,0.0,298.0,298.0,Fail,4750.0,950.0,118750.00000000001
Argon,1,90,40.0,0.06,100.0,70.0,10.0,0,1,50.0,Gas,0.0,298.0,298.0,Fail,6666.666666666667,666.6666666666667,133333.33333333334
Argon,1,90,40.0,0.08,100.0,70.0,10.0,0,1,50.0,Gas,0.0,298.0,298.0,Fail,5000.0,500.0,100000.00000000001
Argon,1,90,40.0,0.1,100.0,70.0,10.0,0,1,50.0,Gas,0.0,298.0,298.0,Fail,4000.0,400.0,80000.0
Argon,1,90,40.0,0.12,100.0,70.0,10.0,0,1,50.0,Gas,0.0,298.0,298.0,Fail,3333.3333333333335,333.33333333333337,66666.66666666667
Argon,1,90,50.0,0.06,100.0,70.0,10.0,0,1,50.0,Gas,0.0,298.0,298.0,Fail,8333.333333333334,833.3333333333334,166666.6666666667
Argon,1,90,50.0,0.08,100.0,70.0,10.0,0,1,50.0,Gas,0.0,298.0,298.0,Fail,6250.0,625.0,125000.00000000001
Argon,1,90,50.0,0.1,100.0,70.0,10.0,0,1,50.0,Gas,0.0,298.0,298.0,Fail,5000.0,500.0,100000.0
Argon,1,90,50.0,0.12,100.0,70.0,10.0,0,1,50.0,Gas,0.0,298.0,298.0,Fail,4166.666666666667,416.6666666666667,83333.33333333334
Argon,1,90,50.0,0.15,100.0,70.0,10.0,0,1,50.0,Gas,0.0,298.0,298.0,Fail,3333.3333333333335,333.33333333333337,66666.66666666667
Argon,1,90,50.0,0.18,100.0,70.0,10.0,0,1,50.0,Gas,0.0,298.0,298.0,Fail,2777.7777777777774,277.77777777777777,55555.555555555555
Argon,1,90,50.0,0.21,100.0,70.0,10.0,0,1,50.0,Gas,0.0,298.0,298.0,Fail,2380.9523809523807,238.0952380952381,47619.04761904762
Argon,1,90,50.0,0.24,100.0,70.0,10.0,0,1,50.0,Gas,0.0,298.0,298.0,Fail,2083.3333333333335,208.33333333333334,41666.66666666667
Argon,1,90,50.0,0.14,100.0,70.0,10.0,0,1,50.0,Gas,0.0,298.0,298.0,Fail,3571.428571428571,357.1428571428571,71428.57142857142
Argon,1,90,60.0,0.06,100.0,70.0,10.0,0,1,50.0,Gas,0.0,298.0,298.0,Fail,10000.0,1000.0,200000.00000000003
Argon,1,90,60.0,0.08,100.0,70.0,10.0,0,1,50.0,Gas,0.0,298.0,298.0,Fail,7500.0,750.0,150000.0
Argon,1,90,60.0,0.1,100.0,70.0,10.0,0,1,50.0,Gas,0.0,298.0,298.0,Fail,6000.0,600.0,120000.0
Argon,1,90,60.0,0.12,100.0,70.0,10.0,0,1,50.0,Gas,0.0,298.0,298.0,Fail,5000.0,500.0,100000.00000000001
Argon,1,90,60.0,0.15,100.0,70.0,10.0,0,1,50.0,Gas,0.0,298.0,298.0,Fail,4000.0,400.0,80000.0
Argon,1,90,60.0,0.18,100.0,70.0,10.0,0,1,50.0,Gas,0.0,298.0,298.0,Fail,3333.333333333333,333.33333333333337,66666.66666666667
Argon,1,90,60.0,0.21,100.0,70.0,10.0,0,1,50.0,Gas,0.0,298.0,298.0,Fail,2857.142857142857,285.7142857142857,57142.857142857145
Argon,1,90,60.0,0.24,100.0,70.0,10.0,0,1,50.0,Gas,0.0,298.0,298.0,Fail,2500.0,250.0,50000.00000000001
Argon,1,90,60.0,0.14,100.0,70.0,10.0,0,1,50.0,Gas,0.0,298.0,298.0,Fail,4285.714285714285,428.57142857142856,85714.2857142857
Argon,1,90,60.0,0.16,100.0,70.0,10.0,0,1,50.0,Gas,0.0,298.0,298.0,Fail,3750.0,375.0,75000.0
Argon,1,90,70.0,0.06,100.0,70.0,10.0,0,1,50.0,Gas,0.0,298.0,298.0,Fail,11666.666666666666,1166.6666666666667,233333.33333333334
Argon,1,90,70.0,0.08,100.0,70.0,10.0,0,1,50.0,Gas,0.0,298.0,298.0,Fail,8750.0,875.0,175000.00000000003
Argon,1,90,70.0,0.1,100.0,70.0,10.0,0,1,50.0,Gas,0.0,298.0,298.0,Fail,7000.0,700.0,140000.0
Argon,1,90,70.0,0.12,100.0,70.0,10.0,0,1,50.0,Gas,0.0,298.0,298.0,Fail,5833.333333333333,583.3333333333334,116666.66666666667
Argon,1,90,70.0,0.15,100.0,70.0,10.0,0,1,50.0,Gas,0.0,298.0,298.0,Fail,4666.666666666667,466.6666666666667,93333.33333333333
Argon,1,90,70.0,0.18,100.0,70.0,10.0,0,1,50.0,Gas,0.0,298.0,298.0,Fail,3888.8888888888882,388.8888888888889,77777.77777777778
Argon,1,90,70.0,0.21,100.0,70.0,10.0,0,1,50.0,Gas,0.0,298.0,298.0,Fail,3333.333333333333,333.33333333333337,66666.66666666667
Argon,1,90,70.0,0.24,100.0,70.0,10.0,0,1,50.0,Gas,0.0,298.0,298.0,Fail,2916.6666666666665,291.6666666666667,58333.333333333336
Argon,1,90,70.0,0.14,100.0,70.0,10.0,0,1,50.0,Gas,0.0,298.0,298.0,Fail,4999.999999999999,499.99999999999994,99999.99999999999
Argon,1,90,70.0,0.16,100.0,70.0,10.0,0,1,50.0,Gas,0.0,298.0,298.0,Fail,4375.0,437.5,87500.00000000001
Argon,1,90,70.0,0.2,100.0,70.0,10.0,0,1,50.0,Gas,0.0,298.0,298.0,Fail,3500.0,350.0,70000.0
Nitrogen,1,90,50.0,0.06,90.0,70.0,10.0,0,0.8,50.0,Argon,0.0,298.0,298.0,Fail,9259.259259259261,833.3333333333334,185185.1851851852
Nitrogen,1,90,50.0,0.08,90.0,70.0,10.0,0,0.8,50.0,Argon,0.0,298.0,298.0,Fail,6944.444444444443,625.0,138888.8888888889
Nitrogen,1,90,50.0,0.1,90.0,70.0,10.0,0,0.8,50.0,Argon,0.0,298.0,298.0,Fail,5555.555555555555,500.0,111111.11111111111
Nitrogen,1,90,50.0,0.12,90.0,70.0,10.0,0,0.8,50.0,Argon,0.0,298.0,298.0,Fail,4629.6296296296305,416.6666666666667,92592.5925925926
Argon,1,90,200.0,1.0,80.0,70.0,53.0,0,0.8,50.0,Gas,0.0,298.0,298.0,Success,2500.0,200.0,50000.0
Argon,1,90,2000.0,0.5,800.0,2000.0,53.0,0,0.8,100.0,Gas,0.0,298.0,298.0,Success,5000.0,4000.0,50000.0
Argon,1,90,6000.0,0.48,5000.0,80.0,53.0,0,1,50.0,Gas,0.0,298.0,298.0,Fail,2500.0,12500.0,50000.0
Argon,1,90,200.0,0.9,90.0,70.0,45.0,0,0.9,30.0,Gas,0.0,298.0,298.0,Success,2469.135802469136,222.22222222222223,82304.5267489712
Argon,1,90,55.0,0.4,100.0,60.0,45.0,0,1,41.69433333333333,Gas,0.0,298.0,298.0,Fail,1375.0,137.5,32978.1025399135
Argon,1,90,55.0,0.6,100.0,60.0,45.0,0,1,42.306666666666665,Gas,0.0,298.0,298.0,Fail,916.6666666666667,91.66666666666667,21667.191931925623
Argon,1,90,55.0,0.8,100.0,60.0,45.0,0,1,40.69433333333333,Gas,0.0,298.0,298.0,Fail,687.5,68.75,16894.244079847318
Argon,1,90,55.0,1.0,100.0,60.0,45.0,0,1,37.99,Gas,0.0,298.0,298.0,Fail,550.0,55.0,14477.494077388787
Argon,1,90,110.0,0.4,100.0,60.0,45.0,0,1,45.233333333333334,Gas,0.0,298.0,298.0,Fail,2750.0,275.0,60795.87324981577
Argon,1,90,110.0,0.6,100.0,60.0,45.0,0,1,42.983333333333334,Gas,0.0,298.0,298.0,Fail,1833.3333333333335,183.33333333333334,42652.19077161691
Argon,1,90,110.0,0.8,100.0,60.0,45.0,0,1,41.3,Gas,0.0,298.0,298.0,Fail,1375.0,137.5,33292.978208232445
Argon,1,90,110.0,1.0,100.0,60.0,45.0,0,1,37.7,Gas,0.0,298.0,298.0,Fail,1100.0,110.0,29177.718832891245
Argon,1,90,165.0,0.4,100.0,60.0,45.0,0,1,46.18333333333333,Gas,0.0,298.0,298.0,Fail,4125.0,412.5,89317.93576326237
Argon,1,90,165.0,0.6,100.0,60.0,45.0,0,1,44.31666666666667,Gas,0.0,298.0,298.0,Fail,2750.0,275.0,62053.4035351636
Argon,1,90,165.0,0.8,100.0,60.0,45.0,0,1,41.13333333333333,Gas,0.0,298.0,298.0,Fail,2062.5,206.25,50141.81523500811
Argon,1,90,165.0,1.0,100.0,60.0,45.0,0,1,37.7,Gas,0.0,298.0,298.0,Fail,1650.0,165.0,43766.57824933687
Argon,1,90,220.0,0.4,100.0,60.0,45.0,0,1,45.71422222222222,Gas,0.0,298.0,298.0,Fail,5500.0,550.0,120312.66710092654
Argon,1,90,220.0,0.6,100.0,60.0,45.0,0,1,45.087666666666664,Gas,0.0,298.0,298.0,Fail,3666.666666666667,366.6666666666667,81323.05212807642
Argon,1,90,220.0,0.8,100.0,60.0,45.0,0,1,41.61666666666667,Gas,0.0,298.0,298.0,Fail,2750.0,275.0,66079.29515418502
Argon,1,90,220.0,1.0,100.0,60.0,45.0,0,1,35.3,Gas,0.0,298.0,298.0,Fail,2200.0,220.0,62322.94617563741
Argon,1,90,275.0,0.4,100.0,60.0,45.0,0,1,45.755333333333326,Gas,0.0,298.0,298.0,Fail,6875.0,687.5,150255.70789561875
Argon,1,90,275.0,0.6,100.0,60.0,45.0,0,1,45.406666666666666,Gas,0.0,298.0,298.0,Fail,4583.333333333334,458.33333333333337,100939.6564381148
Argon,1,90,275.0,0.8,100.0,60.0,45.0,0,1,44.20666666666666,Gas,0.0,298.0,298.0,Fail,3437.5,343.75,77759.76474136632
Argon,1,90,275.0,1.0,100.0,60.0,45.0,0,1,37.233333333333334,Gas,0.0,298.0,298.0,Fail,2750.0,275.0,73858.5496866607
Argon,1,90,180.0,0.6,100.0,80.0,55.21,0,1,40.0,Gas,0.0,298.0,298.0,Fail,3000.0,300.0,75000.0
Argon,1,90,180.0,0.8,100.0,80.0,55.21,0,1,40.0,Gas,0.0,298.0,298.0,Fail,2250.0,225.0,56250.00000000001
Argon,1,90,180.0,1.0,100.0,80.0,55.21,0,1,40.0,Gas,0.0,298.0,298.0,Fail,1800.0,180.0,45000.0
Argon,1,90,180.0,1.2,100.0,80.0,55.21,0,1,40.0,Gas,0.0,298.0,298.0,Fail,1500.0,150.0,37500.0
Argon,1,90,180.0,1.4,100.0,80.0,55.21,0,1,40.0,Gas,0.0,298.0,298.0,Fail,1285.7142857142856,128.57142857142858,32142.857142857145
Argon,1,90,240.0,0.6,100.0,80.0,55.21,0,1,40.0,Gas,0.0,298.0,298.0,Fail,4000.0,400.0,100000.00000000001
Argon,1,90,240.0,0.8,100.0,80.0,55.21,0,1,40.0,Gas,0.0,298.0,298.0,Fail,3000.0,300.0,75000.0
Argon,1,90,240.0,1.0,100.0,80.0,55.21,0,1,40.0,Gas,0.0,298.0,298.0,Fail,2400.0,240.0,60000.0
Argon,1,90,240.0,1.2,100.0,80.0,55.21,0,1,40.0,Gas,0.0,298.0,298.0,Fail,2000.0,200.0,50000.00000000001
Argon,1,90,240.0,1.4,100.0,80.0,55.21,0,1,40.0,Gas,0.0,298.0,298.0,Fail,1714.2857142857142,171.42857142857144,42857.142857142855
Argon,1,90,300.0,0.6,100.0,80.0,55.21,0,1,40.0,Gas,0.0,298.0,298.0,Fail,5000.0,500.0,125000.00000000001
Argon,1,90,300.0,0.8,100.0,80.0,55.21,0,1,40.0,Gas,0.0,298.0,298.0,Fail,3750.0,375.0,93750.00000000001
Argon,1,90,300.0,1.0,100.0,80.0,55.21,0,1,40.0,Gas,0.0,298.0,298.0,Fail,3000.0,300.0,75000.0
Argon,1,90,300.0,1.2,100.0,80.0,55.21,0,1,40.0,Gas,0.0,298.0,298.0,Fail,2500.0,250.0,62500.00000000001
Argon,1,90,300.0,1.4,100.0,80.0,55.21,0,1,40.0,Gas,0.0,298.0,298.0,Fail,2142.8571428571427,214.2857142857143,53571.42857142857
Argon,1,90,360.0,0.6,100.0,80.0,55.21,0,1,40.0,Gas,0.0,298.0,298.0,Fail,6000.0,600.0,150000.0
Argon,1,90,360.0,0.8,100.0,80.0,55.21,0,1,40.0,Gas,0.0,298.0,298.0,Fail,4500.0,450.0,112500.00000000001
Argon,1,90,360.0,1.0,100.0,80.0,55.21,0,1,40.0,Gas,0.0,298.0,298.0,Fail,3600.0,360.0,90000.0
Argon,1,90,360.0,1.2,100.0,80.0,55.21,0,1,40.0,Gas,0.0,298.0,298.0,Fail,3000.0,300.0,75000.0
Argon,1,90,360.0,1.4,100.0,80.0,55.21,0,1,40.0,Gas,0.0,298.0,298.0,Fail,2571.428571428571,257.14285714285717,64285.71428571429
Argon,1,90,420.0,0.6,100.0,80.0,55.21,0,1,40.0,Gas,0.0,298.0,298.0,Fail,7000.0,700.0,175000.00000000003
Argon,1,90,420.0,0.8,100.0,80.0,55.21,0,1,40.0,Gas,0.0,298.0,298.0,Fail,5250.0,525.0,131250.0
Argon,1,90,420.0,1.0,100.0,80.0,55.21,0,1,40.0,Gas,0.0,298.0,298.0,Fail,4200.0,420.0,105000.0
Argon,1,90,420.0,1.2,100.0,80.0,55.21,0,1,40.0,Gas,0.0,298.0,298.0,Fail,3500.0,350.0,87500.00000000001
Argon,1,90,420.0,1.4,100.0,80.0,55.21,0,1,40.0,Gas,0.0,298.0,298.0,Fail,2999.9999999999995,300.0,75000.0
Argon,1,90,100.0,1.2,80.0,85.0,45.0,0,0.8,30.0,Gas,0.0,298.0,298.0,Success,1041.6666666666667,83.33333333333334,34722.222222222226
Argon,1,90,100.0,0.6,80.0,85.0,45.0,0,0.8,30.0,Gas,0.0,298.0,298.0,Success,2083.3333333333335,166.66666666666669,69444.44444444445
Argon,1,90,100.0,0.4,80.0,85.0,45.0,0,0.8,30.0,Gas,0.0,298.0,298.0,Fail,3125.0,250.0,104166.66666666667
Argon,1,90,100.0,0.3,80.0,85.0,45.0,0,0.8,30.0,Gas,0.0,298.0,298.0,Fail,4166.666666666667,333.33333333333337,138888.8888888889
Argon,1,90,100.0,0.6,100.0,85.0,45.0,0,0.8,30.0,Gas,0.0,298.0,298.0,Success,1666.6666666666667,166.66666666666669,55555.555555555555
Argon,1,90,100.0,0.4,100.0,85.0,45.0,0,0.8,30.0,Gas,0.0,298.0,298.0,Fail,2500.0,250.0,83333.33333333334
Argon,1,90,100.0,0.3,100.0,85.0,45.0,0,0.8,30.0,Gas,0.0,298.0,298.0,Fail,3333.3333333333335,333.33333333333337,111111.11111111111
Argon,1,90,100.0,0.24,100.0,85.0,45.0,0,0.8,30.0,Gas,0.0,298.0,298.0,Fail,4166.666666666667,416.6666666666667,138888.8888888889
Argon,1,90,100.0,0.2,100.0,85.0,45.0,0,0.8,30.0,Gas,0.0,298.0,298.0,Fail,5000.0,500.0,166666.6666666667
Argon,1,90,100.0,0.6,120.0,85.0,45.0,0,0.8,30.0,Gas,0.0,298.0,298.0,Success,1388.8888888888887,166.66666666666669,46296.2962962963
Argon,1,90,100.0,0.4,120.0,85.0,45.0,0,0.8,30.0,Gas,0.0,298.0,298.0,Success,2083.3333333333335,250.0,69444.44444444445
Argon,1,90,100.0,0.3,120.0,85.0,45.0,0,0.8,30.0,Gas,0.0,298.0,298.0,Fail,2777.7777777777774,333.33333333333337,92592.5925925926
Argon,1,90,100.0,0.24,120.0,85.0,45.0,0,0.8,30.0,Gas,0.0,298.0,298.0,Fail,3472.222222222222,416.6666666666667,115740.74074074076
Argon,1,90,100.0,0.2,120.0,85.0,45.0,0,0.8,30.0,Gas,0.0,298.0,298.0,Fail,4166.666666666667,500.0,138888.8888888889
Gas,1,90,80.0,0.025,100.0,72.0,45.0,0,1,50.0,Gas,0.0,298.0,298.0,Success,32000.0,3200.0,640000.0
Argon,1,90,200.0,0.8,100.0,80.0,50.0,0,1,25.0,Gas,0.0,298.0,298.0,Fail,2500.0,250.0,100000.0
Argon,1,90,380.0,1.4,90.0,80.0,55.0,0,1,30.0,Gas,0.0,298.0,298.0,Fail,3015.873015873016,271.42857142857144,100529.10052910054
Argon,1,0,107.0,0.8,70.0,40.0,60.0,0,0.8,20.0,Gas,0.0,298.0,298.0,Success,1910.7142857142858,133.75,95535.71428571429
Argon,1,90,240.0,2.0,50.0,75.0,57.3875,0,1,40.0,Gas,0.0,298.0,298.0,Success,2400.0,120.0,60000.0
Argon,1,90,150.0,0.05,100.0,35.0,54.775,0,1,35.02333333333333,Gas,0.0,298.0,298.0,Fail,30000.0,3000.0,856571.8092700104
Argon,1,90,150.0,0.1,100.0,35.0,52.1625,0,1,29.35,Gas,0.0,298.0,298.0,Fail,15000.0,1500.0,511073.25383304944
Argon,1,90,150.0,0.15,100.0,35.0,49.55,0,1,27.516666666666666,Gas,0.0,298.0,298.0,Fail,10000.0,1000.0,363416.1114476075
Argon,1,90,150.0,0.2,100.0,35.0,46.9375,0,1,26.883333333333333,Gas,0.0,298.0,298.0,Fail,7500.0,750.0,278983.2610043397
Argon,1,90,150.0,0.25,100.0,35.0,44.325,0,1,26.7,Gas,0.0,298.0,298.0,Fail,6000.0,600.0,224719.1011235955
Argon,1,90,150.0,0.3,100.0,35.0,41.712500000000006,0,1,26.65,Gas,0.0,298.0,298.0,Fail,5000.0,500.0,187617.2607879925
Argon,1,90,175.0,0.6,90.0,100.0,39.1,0,0.95,20.0,Gas,0.0,298.0,298.0,Success,3240.740740740741,291.6666666666667,162037.03703703702
Argon,1,90,195.0,0.6,90.0,100.0,39.1,0,0.95,20.0,Gas,0.0,298.0,298.0,Success,3611.1111111111113,325.0,180555.55555555556
Argon,1,90,175.0,0.9,70.0,100.0,39.1,0,0.95,20.0,Gas,0.0,298.0,298.0,Success,2777.777777777778,194.44444444444443,138888.8888888889
Argon,1,90,175.0,1.2,110.0,100.0,39.1,0,0.95,20.0,Gas,0.0,298.0,298.0,Success,1325.7575757575758,145.83333333333334,66287.87878787878
Argon,1,90,175.0,1.2,70.0,100.0,39.1,0,0.95,20.0,Gas,0.0,298.0,298.0,Success,2083.333333333333,145.83333333333334,104166.66666666667
Argon,1,90,185.0,0.6,90.0,100.0,39.1,0,0.95,20.0,Gas,0.0,298.0,298.0,Success,3425.925925925926,308.33333333333337,171296.2962962963
Argon,1,90,185.0,1.2,110.0,100.0,39.1,0,0.95,20.0,Gas,0.0,298.0,298.0,Success,1401.5151515151515,154.16666666666669,70075.75757575758
Argon,1,90,185.0,0.9,70.0,100.0,39.1,0,0.95,20.0,Gas,0.0,298.0,298.0,Success,2936.5079365079364,205.55555555555554,146825.39682539683
Argon,1,90,175.0,1.2,90.0,100.0,39.1,0,0.95,20.0,Gas,0.0,298.0,298.0,Success,1620.3703703703704,145.83333333333334,81018.51851851851
Argon,1,90,185.0,0.9,110.0,100.0,39.1,0,0.95,20.0,Gas,0.0,298.0,298.0,Success,1868.6868686868686,205.55555555555554,93434.34343434343
Argon,1,90,195.0,0.9,70.0,100.0,39.1,0,0.95,20.0,Gas,0.0,298.0,298.0,Success,3095.2380952380954,216.66666666666666,154761.9047619048
Argon,1,90,185.0,0.6,70.0,100.0,39.1,0,0.95,20.0,Gas,0.0,298.0,298.0,Success,4404.761904761905,308.33333333333337,220238.09523809527
Argon,1,90,195.0,0.6,70.0,100.0,39.1,0,0.95,20.0,Gas,0.0,298.0,298.0,Success,4642.857142857142,325.0,232142.85714285716
Argon,1,90,195.0,1.2,90.0,100.0,39.1,0,0.95,20.0,Gas,0.0,298.0,298.0,Success,1805.5555555555557,162.5,90277.77777777778
Argon,1,90,175.0,0.6,70.0,100.0,39.1,0,0.95,20.0,Gas,0.0,298.0,298.0,Success,4166.666666666666,291.6666666666667,208333.33333333334
Argon,1,90,195.0,1.2,110.0,100.0,39.1,0,0.95,20.0,Gas,0.0,298.0,298.0,Success,1477.2727272727273,162.5,73863.63636363637
Argon,1,90,195.0,0.9,90.0,100.0,39.1,0,0.95,20.0,Gas,0.0,298.0,298.0,Success,2407.4074074074074,216.66666666666666,120370.37037037038
Argon,1,90,185.0,0.9,90.0,100.0,39.1,0,0.95,20.0,Gas,0.0,298.0,298.0,Success,2283.9506172839506,205.55555555555554,114197.53086419754
Argon,1,90,185.0,1.2,70.0,100.0,39.1,0,0.95,20.0,Gas,0.0,298.0,298.0,Success,2202.3809523809523,154.16666666666669,110119.04761904763
Argon,1,90,185.0,1.2,90.0,100.0,39.1,0,0.95,20.0,Gas,0.0,298.0,298.0,Success,1712.962962962963,154.16666666666669,85648.14814814815
Argon,1,90,175.0,0.9,90.0,100.0,39.1,0,0.95,20.0,Gas,0.0,298.0,298.0,Success,2160.4938271604938,194.44444444444443,108024.69135802469
Argon,1,90,175.0,0.6,110.0,100.0,39.1,0,0.95,20.0,Gas,0.0,298.0,298.0,Success,2651.5151515151515,291.6666666666667,132575.75757575757
Argon,1,90,195.0,0.6,110.0,100.0,39.1,0,0.95,20.0,Gas,0.0,298.0,298.0,Success,2954.5454545454545,325.0,147727.27272727274
Argon,1,90,195.0,1.2,70.0,100.0,39.1,0,0.95,20.0,Gas,0.0,298.0,298.0,Success,2321.428571428571,162.5,116071.42857142858
Argon,1,90,185.0,0.6,110.0,100.0,39.1,0,0.95,20.0,Gas,0.0,298.0,298.0,Success,2803.030303030303,308.33333333333337,140151.51515151517
Argon,1,90,195.0,0.9,110.0,100.0,39.1,0,0.95,20.0,Gas,0.0,298.0,298.0,Success,1969.6969696969695,216.66666666666666,98484.84848484848
Argon,1,90,175.0,0.9,110.0,100.0,39.1,0,0.95,20.0,Gas,0.0,298.0,298.0,Success,1767.6767676767677,194.44444444444443,88383.83838383839
Argon,1,90,190.0,1.2,100.0,100.0,45.0,0,1,30.0,Gas,0.0,300.0,353.0,Fail,1583.3333333333335,158.33333333333334,52777.77777777778
Nitrogen,1,90,105.0,0.05,50.0,50.0,43.7,0,0.95,30.0,Gas,0.0,298.0,298.0,Success,42000.0,2100.0,1400000.0000000002
Nitrogen,1,90,105.0,0.1,50.0,50.0,43.7,0,0.95,30.0,Gas,0.0,298.0,298.0,Success,21000.0,1050.0,700000.0000000001
Nitrogen,1,90,105.0,0.15,50.0,50.0,43.7,0,0.95,30.0,Gas,0.0,298.0,298.0,Fail,14000.0,700.0,466666.6666666667
Nitrogen,1,90,105.0,0.2,50.0,50.0,43.7,0,0.95,30.0,Gas,0.0,298.0,298.0,Fail,10500.0,525.0,350000.00000000006
Nitrogen,1,90,105.0,0.25,50.0,50.0,43.7,0,0.95,30.0,Gas,0.0,298.0,298.0,Fail,8400.0,420.0,280000.0
Nitrogen,1,90,105.0,0.3,50.0,50.0,43.7,0,0.95,30.0,Gas,0.0,298.0,298.0,Fail,7000.0,350.0,233333.33333333334
Nitrogen,1,90,105.0,0.35,50.0,50.0,43.7,0,0.95,30.0,Gas,0.0,298.0,298.0,Fail,5999.999999999999,300.0,200000.0
Nitrogen,1,90,105.0,0.4,50.0,50.0,43.7,0,0.95,30.0,Gas,0.0,298.0,298.0,Fail,5250.0,262.5,175000.00000000003
Nitrogen,1,90,105.0,0.45,50.0,50.0,43.7,0,0.95,30.0,Gas,0.0,298.0,298.0,Fail,4666.666666666667,233.33333333333331,155555.55555555556
Nitrogen,1,90,105.0,0.5,50.0,50.0,43.7,0,0.95,30.0,Gas,0.0,298.0,298.0,Fail,4200.0,210.0,140000.0
Nitrogen,1,90,105.0,0.55,50.0,50.0,43.7,0,0.95,30.0,Gas,0.0,298.0,298.0,Fail,3818.1818181818176,190.9090909090909,127272.72727272725
Nitrogen,1,90,105.0,0.6,50.0,50.0,43.7,0,0.95,30.0,Gas,0.0,298.0,298.0,Fail,3500.0,175.0,116666.66666666667
Argon,1,90,100.0,0.5,100.0,100.0,45.0,0,0.7,30.0,Gas,0.0,298.0,308.0,Fail,2000.0,200.0,66666.66666666667
Argon,1,90,175.0,0.5,100.0,100.0,45.0,0,0.7,30.0,Gas,0.0,298.0,308.0,Fail,3500.0,350.0,116666.66666666666
Argon,1,90,225.0,0.5,100.0,100.0,45.0,0,0.7,30.0,Gas,0.0,298.0,308.0,Success,4500.0,450.0,150000.0
Argon,1,90,300.0,0.5,100.0,100.0,45.0,0,0.7,30.0,Gas,0.0,298.0,308.0,Fail,6000.0,600.0,200000.0
Argon,1,90,370.0,0.5,100.0,100.0,45.0,0,0.7,30.0,Gas,0.0,298.0,308.0,Fail,7400.0,740.0,246666.66666666666
Argon,1,90,100.0,1.0,100.0,100.0,45.0,0,0.7,30.0,Gas,0.0,298.0,308.0,Fail,1000.0,100.0,33333.333333333336
Argon,1,90,175.0,1.0,100.0,100.0,45.0,0,0.7,30.0,Gas,0.0,298.0,308.0,Fail,1750.0,175.0,58333.33333333333
Argon,1,90,225.0,1.0,100.0,100.0,45.0,0,0.7,30.0,Gas,0.0,298.0,308.0,Fail,2250.0,225.0,75000.0
Argon,1,90,300.0,1.0,100.0,100.0,45.0,0,0.7,30.0,Gas,0.0,298.0,308.0,Success,3000.0,300.0,100000.0
Argon,1,90,370.0,1.0,100.0,100.0,45.0,0,0.7,30.0,Gas,0.0,298.0,308.0,Success,3700.0,370.0,123333.33333333333
Argon,1,90,100.0,2.0,100.0,100.0,45.0,0,0.7,30.0,Gas,0.0,298.0,308.0,Fail,500.0,50.0,16666.666666666668
Argon,1,90,175.0,2.0,100.0,100.0,45.0,0,0.7,30.0,Gas,0.0,298.0,308.0,Fail,875.0,87.5,29166.666666666664
Argon,1,90,225.0,2.0,100.0,100.0,45.0,0,0.7,30.0,Gas,0.0,298.0,308.0,Fail,1125.0,112.5,37500.0
Argon,1,90,300.0,2.0,100.0,100.0,45.0,0,0.7,30.0,Gas,0.0,298.0,308.0,Fail,1500.0,150.0,50000.0
Argon,1,90,370.0,2.0,100.0,100.0,45.0,0,0.7,30.0,Gas,0.0,298.0,308.0,Fail,1850.0,185.0,61666.666666666664
Argon,1,90,100.0,3.0,100.0,100.0,45.0,0,0.7,30.0,Gas,0.0,298.0,308.0,Fail,333.33333333333337,33.333333333333336,11111.111111111111
Argon,1,90,175.0,3.0,100.0,100.0,45.0,0,0.7,30.0,Gas,0.0,298.0,308.0,Fail,583.3333333333334,58.333333333333336,19444.444444444445
Argon,1,90,225.0,3.0,100.0,100.0,45.0,0,0.7,30.0,Gas,0.0,298.0,308.0,Fail,750.0,75.0,25000.000000000004
Argon,1,90,300.0,3.0,100.0,100.0,45.0,0,0.7,30.0,Gas,0.0,298.0,308.0,Fail,1000.0,100.0,33333.333333333336
Argon,1,90,370.0,3.0,100.0,100.0,45.0,0,0.7,30.0,Gas,0.0,298.0,308.0,Fail,1233.3333333333335,123.33333333333333,41111.11111111112
Argon,1,90,100.0,4.0,100.0,100.0,45.0,0,0.7,30.0,Gas,0.0,298.0,308.0,Fail,250.0,25.0,8333.333333333334
Argon,1,90,175.0,4.0,100.0,100.0,45.0,0,0.7,30.0,Gas,0.0,298.0,308.0,Fail,437.5,43.75,14583.333333333332
Argon,1,90,225.0,4.0,100.0,100.0,45.0,0,0.7,30.0,Gas,0.0,298.0,308.0,Fail,562.5,56.25,18750.0
Argon,1,90,300.0,4.0,100.0,100.0,45.0,0,0.7,30.0,Gas,0.0,298.0,308.0,Fail,750.0,75.0,25000.0
Argon,1,90,370.0,4.0,100.0,100.0,45.0,0,0.7,30.0,Gas,0.0,298.0,308.0,Fail,925.0,92.5,30833.333333333332
Argon,1,90,100.0,5.0,100.0,100.0,45.0,0,0.7,30.0,Gas,0.0,298.0,308.0,Fail,200.0,20.0,6666.666666666667
Argon,1,90,175.0,5.0,100.0,100.0,45.0,0,0.7,30.0,Gas,0.0,298.0,308.0,Fail,350.0,35.0,11666.666666666668
Argon,1,90,225.0,5.0,100.0,100.0,45.0,0,0.7,30.0,Gas,0.0,298.0,308.0,Fail,450.0,45.0,15000.0
Argon,1,90,300.0,5.0,100.0,100.0,45.0,0,0.7,30.0,Gas,0.0,298.0,308.0,Fail,600.0,60.0,20000.0
Argon,1,90,370.0,5.0,100.0,100.0,45.0,0,0.7,30.0,Gas,0.0,298.0,308.0,Fail,740.0,74.0,24666.666666666668
Argon,1,90,100.0,0.5,100.0,100.0,45.0,0,0.7,30.0,Gas,0.0,298.0,473.0,Fail,2000.0,200.0,66666.66666666667
Argon,1,90,175.0,0.5,100.0,100.0,45.0,0,0.7,30.0,Gas,0.0,298.0,473.0,Fail,3500.0,350.0,116666.66666666666
Argon,1,90,225.0,0.5,100.0,100.0,45.0,0,0.7,30.0,Gas,0.0,298.0,473.0,Success,4500.0,450.0,150000.0
Argon,1,90,300.0,0.5,100.0,100.0,45.0,0,0.7,30.0,Gas,0.0,298.0,473.0,Success,6000.0,600.0,200000.0
Argon,1,90,370.0,0.5,100.0,100.0,45.0,0,0.7,30.0,Gas,0.0,298.0,473.0,Fail,7400.0,740.0,246666.66666666666
Argon,1,90,100.0,1.0,100.0,100.0,45.0,0,0.7,30.0,Gas,0.0,298.0,473.0,Fail,1000.0,100.0,33333.333333333336
Argon,1,90,175.0,1.0,100.0,100.0,45.0,0,0.7,30.0,Gas,0.0,298.0,473.0,Fail,1750.0,175.0,58333.33333333333
Argon,1,90,225.0,1.0,100.0,100.0,45.0,0,0.7,30.0,Gas,0.0,298.0,473.0,Fail,2250.0,225.0,75000.0
Argon,1,90,300.0,1.0,100.0,100.0,45.0,0,0.7,30.0,Gas,0.0,298.0,473.0,Success,3000.0,300.0,100000.0
Argon,1,90,370.0,1.0,100.0,100.0,45.0,0,0.7,30.0,Gas,0.0,298.0,473.0,Success,3700.0,370.0,123333.33333333333
Argon,1,90,100.0,2.0,100.0,100.0,45.0,0,0.7,30.0,Gas,0.0,298.0,473.0,Fail,500.0,50.0,16666.666666666668
Argon,1,90,175.0,2.0,100.0,100.0,45.0,0,0.7,30.0,Gas,0.0,298.0,473.0,Success,875.0,87.5,29166.666666666664
Argon,1,90,225.0,2.0,100.0,100.0,45.0,0,0.7,30.0,Gas,0.0,298.0,473.0,Fail,1125.0,112.5,37500.0
Argon,1,90,300.0,2.0,100.0,100.0,45.0,0,0.7,30.0,Gas,0.0,298.0,473.0,Success,1500.0,150.0,50000.0
Argon,1,90,370.0,2.0,100.0,100.0,45.0,0,0.7,30.0,Gas,0.0,298.0,473.0,Fail,1850.0,185.0,61666.666666666664
Argon,1,90,100.0,3.0,100.0,100.0,45.0,0,0.7,30.0,Gas,0.0,298.0,473.0,Fail,333.33333333333337,33.333333333333336,11111.111111111111
Argon,1,90,175.0,3.0,100.0,100.0,45.0,0,0.7,30.0,Gas,0.0,298.0,473.0,Fail,583.3333333333334,58.333333333333336,19444.444444444445
Argon,1,90,225.0,3.0,100.0,100.0,45.0,0,0.7,30.0,Gas,0.0,298.0,473.0,Fail,750.0,75.0,25000.000000000004
Argon,1,90,300.0,3.0,100.0,100.0,45.0,0,0.7,30.0,Gas,0.0,298.0,473.0,Fail,1000.0,100.0,33333.333333333336
Argon,1,90,370.0,3.0,100.0,100.0,45.0,0,0.7,30.0,Gas,0.0,298.0,473.0,Fail,1233.3333333333335,123.33333333333333,41111.11111111112
Argon,1,90,100.0,4.0,100.0,100.0,45.0,0,0.7,30.0,Gas,0.0,298.0,473.0,Fail,250.0,25.0,8333.333333333334
Argon,1,90,175.0,4.0,100.0,100.0,45.0,0,0.7,30.0,Gas,0.0,298.0,473.0,Fail,437.5,43.75,14583.333333333332
Argon,1,90,225.0,4.0,100.0,100.0,45.0,0,0.7,30.0,Gas,0.0,298.0,473.0,Fail,562.5,56.25,18750.0
Argon,1,90,300.0,4.0,100.0,100.0,45.0,0,0.7,30.0,Gas,0.0,298.0,473.0,Fail,750.0,75.0,25000.0
Argon,1,90,370.0,4.0,100.0,100.0,45.0,0,0.7,30.0,Gas,0.0,298.0,473.0,Fail,925.0,92.5,30833.333333333332
Argon,1,90,100.0,5.0,100.0,100.0,45.0,0,0.7,30.0,Gas,0.0,298.0,473.0,Fail,200.0,20.0,6666.666666666667
Argon,1,90,175.0,5.0,100.0,100.0,45.0,0,0.7,30.0,Gas,0.0,298.0,473.0,Fail,350.0,35.0,11666.666666666668
Argon,1,90,225.0,5.0,100.0,100.0,45.0,0,0.7,30.0,Gas,0.0,298.0,473.0,Fail,450.0,45.0,15000.0
Argon,1,90,300.0,5.0,100.0,100.0,45.0,0,0.7,30.0,Gas,0.0,298.0,473.0,Fail,600.0,60.0,20000.0
Argon,1,90,370.0,5.0,100.0,100.0,45.0,0,0.7,30.0,Gas,0.0,298.0,473.0,Fail,740.0,74.0,24666.666666666668
Argon,1,90,275.0,0.76,120.0,80.0,70.0,0,1,50.0,Gas,0.0,298.0,298.0,Fail,3015.3508771929824,361.8421052631579,60307.01754385965
Argon,1,90,250.0,2.2,100.0,80.0,63.0,N7,1,30.0,Gas,0.0,298.0,473.15,Fail,1136.3636363636363,113.63636363636363,37878.78787878787
Argon,1,90,250.0,1.8,100.0,80.0,63.0,N7,1,30.0,Gas,0.0,298.0,473.15,Fail,1388.888888888889,138.88888888888889,46296.2962962963
Argon,1,90,350.0,1.4,100.0,80.0,63.0,N7,1,30.0,Gas,0.0,298.0,473.15,Fail,2499.9999999999995,250.00000000000003,83333.33333333334
Argon,1,90,200.0,0.6,100.0,80.0,63.0,N7,1,30.0,Gas,0.0,298.0,473.15,Fail,3333.3333333333335,333.33333333333337,111111.11111111111
Argon,1,90,250.0,0.6,100.0,80.0,63.0,N7,1,30.0,Gas,0.0,298.0,473.15,Fail,4166.666666666667,416.6666666666667,138888.8888888889
Argon,1,90,350.0,0.6,100.0,80.0,63.0,N7,1,30.0,Gas,0.0,298.0,473.15,Fail,5833.333333333334,583.3333333333334,194444.44444444444
Argon,1,90,350.0,1.4,100.0,80.0,63.0,N7,1,30.0,Gas,0.0,298.0,473.15,Success,2499.9999999999995,250.00000000000003,83333.33333333334
Argon,1,90,200.0,0.6,100.0,80.0,63.0,N7,1,30.0,Gas,0.0,298.0,473.15,Success,3333.3333333333335,333.33333333333337,111111.11111111111
Argon,1,90,250.0,1.8,100.0,80.0,63.0,N7,1,30.0,Gas,0.0,298.0,473.15,Success,1388.888888888889,138.88888888888889,46296.2962962963
Argon,1,90,250.0,0.6,100.0,80.0,63.0,N7,1,30.0,Gas,0.0,298.0,473.15,Success,4166.666666666667,416.6666666666667,138888.8888888889
Argon,1,90,350.0,0.6,100.0,80.0,63.0,N7,1,30.0,Gas,0.0,298.0,473.15,Success,5833.333333333334,583.3333333333334,194444.44444444444
Argon,1,90,300.0,0.3,60.0,50.0,45.0,0,1,30.0,Gas,0.0,298.0,473.15,Success,16666.666666666664,1000.0,555555.5555555555
Argon,1,90,300.0,0.3,60.0,50.0,45.0,0,1,30.0,Gas,0.0,873.15,473.15,Success,16666.666666666664,1000.0,555555.5555555555
Argon,1,90,300.0,0.3,60.0,50.0,45.0,0,1,30.0,Gas,0.0,1073.15,473.15,Success,16666.666666666664,1000.0,555555.5555555555
Argon,1,90,300.0,0.3,60.0,50.0,45.0,0,1,30.0,Gas,0.0,1273.15,473.15,Success,16666.666666666664,1000.0,555555.5555555555
Argon,1,90,320.0,0.3,80.0,75.0,52.1,0,0.6,30.0,Gas,0.0,298.0,473.15,Fail,13333.333333333334,1066.6666666666667,444444.4444444445
Argon,1,90,320.0,0.4,80.0,75.0,52.1,0,0.6,30.0,Gas,0.0,298.0,473.15,Fail,10000.0,800.0,333333.3333333334
Argon,1,90,320.0,0.5,80.0,75.0,52.1,0,0.6,30.0,Gas,0.0,298.0,473.15,Fail,8000.0,640.0,266666.6666666667
Argon,1,90,320.0,0.3,100.0,75.0,52.1,0,0.6,30.0,Gas,0.0,298.0,473.15,Fail,10666.666666666668,1066.6666666666667,355555.55555555556
Argon,1,90,320.0,0.4,100.0,75.0,52.1,0,0.6,30.0,Gas,0.0,298.0,473.15,Fail,8000.0,800.0,266666.6666666667
Argon,1,90,320.0,0.5,100.0,75.0,52.1,0,0.6,30.0,Gas,0.0,298.0,473.15,Fail,6400.0,640.0,213333.33333333334
Argon,1,90,320.0,0.3,120.0,75.0,52.1,0,0.6,30.0,Gas,0.0,298.0,473.15,Fail,8888.888888888889,1066.6666666666667,296296.2962962963
Argon,1,90,320.0,0.4,120.0,75.0,52.1,0,0.6,30.0,Gas,0.0,298.0,473.15,Fail,6666.666666666667,800.0,222222.22222222225
Argon,1,90,320.0,0.5,120.0,75.0,52.1,0,0.6,30.0,Gas,0.0,298.0,473.15,Fail,5333.333333333334,640.0,177777.77777777778
Argon,1,90,360.0,0.3,80.0,75.0,52.1,0,0.6,30.0,Gas,0.0,298.0,473.15,Fail,15000.0,1200.0,500000.00000000006
Argon,1,90,360.0,0.4,80.0,75.0,52.1,0,0.6,30.0,Gas,0.0,298.0,473.15,Fail,11250.0,900.0,375000.00000000006
Argon,1,90,360.0,0.5,80.0,75.0,52.1,0,0.6,30.0,Gas,0.0,298.0,473.15,Fail,9000.0,720.0,300000.0
Argon,1,90,360.0,0.3,100.0,75.0,52.1,0,0.6,30.0,Gas,0.0,298.0,473.15,Fail,12000.0,1200.0,400000.0
Argon,1,90,360.0,0.4,100.0,75.0,52.1,0,0.6,30.0,Gas,0.0,298.0,473.15,Fail,9000.0,900.0,300000.0
Argon,1,90,360.0,0.5,100.0,75.0,52.1,0,0.6,30.0,Gas,0.0,298.0,473.15,Fail,7200.0,720.0,240000.0
Argon,1,90,360.0,0.3,120.0,75.0,52.1,0,0.6,30.0,Gas,0.0,298.0,473.15,Fail,9999.999999999998,1200.0,333333.3333333333
Argon,1,90,360.0,0.4,120.0,75.0,52.1,0,0.6,30.0,Gas,0.0,298.0,473.15,Fail,7500.0,900.0,250000.00000000003
Argon,1,90,360.0,0.5,120.0,75.0,52.1,0,0.6,30.0,Gas,0.0,298.0,473.15,Fail,6000.0,720.0,200000.0
Argon,1,90,320.0,0.2,90.0,80.0,58.0,0,1,30.0,Gas,0.0,298.0,453.15,Fail,17777.777777777777,1600.0,592592.5925925926
Argon,1,90,320.0,0.4,90.0,80.0,58.0,0,1,30.0,Gas,0.0,298.0,453.15,Fail,8888.888888888889,800.0,296296.2962962963
Argon,1,90,320.0,0.6,90.0,80.0,58.0,0,1,30.0,Gas,0.0,298.0,453.15,Fail,5925.925925925926,533.3333333333334,197530.86419753087
Argon,1,90,320.0,0.8,90.0,80.0,58.0,0,1,30.0,Gas,0.0,298.0,453.15,Fail,4444.444444444444,400.0,148148.14814814815
Argon,1,90,300.0,0.8,50.0,80.0,50.0,0,1,50.0,Gas,0.0,298.0,298.0,Fail,7500.0,375.0,150000.0
Argon,1,90,125.0,0.1,50.0,70.0,45.0,0,1,50.0,Gas,0.0,298.0,298.0,Fail,25000.0,1250.0,500000.0
Argon,1,90,180.0,1.6,100.0,75.0,46.25,0,1,30.0,Gas,0.0,298.0,298.0,Fail,1125.0,112.5,37500.0
Argon,1,90,180.0,1.6,100.0,75.0,47.5,0,1,30.0,Gas,0.0,298.0,298.0,Fail,1125.0,112.5,37500.0
Argon,1,90,180.0,1.6,100.0,75.0,48.75,0,1,30.0,Gas,0.0,298.0,298.0,Fail,1125.0,112.5,37500.0
Argon,1,90,200.0,1.0,100.0,70.0,50.0,0,1,20.0,Gas,0.0,298.0,298.0,Success,2000.0,200.0,100000.0
Argon,1,90,200.0,0.9,100.0,70.0,45.0,0,1,30.0,Gas,0.0,298.0,298.0,Fail,2222.222222222222,222.22222222222223,74074.07407407409
Argon,1,90,275.0,0.76,120.0,80.0,44.0,0,1,50.0,Gas,0.0,298.0,298.0,Fail,3015.3508771929824,361.8421052631579,60307.01754385965
Argon,1,45,285.0,0.96,110.0,100.0,45.5,0,0.7,40.0,Gas,0.0,298.0,353.15,Fail,2698.8636363636365,296.875,67471.59090909091
Argon,1,45,285.0,0.96,110.0,100.0,47.0,0,0.7,40.0,Gas,0.0,298.0,353.15,Fail,2698.8636363636365,296.875,67471.59090909091
Argon,1,45,285.0,0.96,110.0,100.0,48.5,0,0.7,40.0,Gas,0.0,298.0,353.15,Fail,2698.8636363636365,296.875,67471.59090909091
Argon,1,90,200.0,0.8,120.0,80.0,50.0,0,1,30.0,Gas,0.0,298.0,298.0,Fail,2083.3333333333335,250.0,69444.44444444445
Argon,1,90,300.0,0.8,120.0,80.0,50.0,0,1,40.0,Gas,0.0,298.0,298.0,Fail,3125.0,375.0,78125.0
Argon,1,90,400.0,1.0,120.0,80.0,50.0,0,1,50.0,Gas,0.0,298.0,298.0,Fail,3333.3333333333335,400.0,66666.66666666667
Argon,1,90,500.0,1.0,120.0,80.0,50.0,0,1,60.0,Gas,0.0,298.0,298.0,Fail,4166.666666666667,500.0,69444.44444444445
Argon,1,90,1400.0,2.0,150.0,80.0,50.0,0,1,80.0,Gas,0.0,298.0,298.0,Fail,4666.666666666667,700.0,58333.33333333333
Argon,1,90,1600.0,2.0,150.0,80.0,50.0,0,1,100.0,Gas,0.0,298.0,298.0,Fail,5333.333333333334,800.0,53333.333333333336
Argon,1,90,1800.0,2.2,150.0,80.0,50.0,0,1,120.0,Gas,0.0,298.0,298.0,Fail,5454.545454545454,818.1818181818181,45454.545454545456
Argon,1,90,2000.0,2.2,150.0,80.0,50.0,0,1,140.0,Gas,0.0,298.0,298.0,Fail,6060.60606060606,909.090909090909,43290.04329004329
Argon,1,90,400.0,1.3,190.0,80.0,100.0,0,1,30.0,Gas,0.0,298.0,298.0,Fail,1619.4331983805669,307.6923076923077,53981.10661268556
Argon,1,90,195.0,0.33,100.0,100.0,36.7,0,1,20.0,Gas,0.0,298.0,298.0,Fail,5909.090909090909,590.9090909090909,295454.54545454547
Argon,1,90,195.0,0.33,100.0,100.0,36.7,0,1,30.0,Gas,0.0,298.0,298.0,Fail,5909.090909090909,590.9090909090909,196969.69696969696
Argon,1,90,195.0,0.33,100.0,100.0,36.7,0,1,40.0,Gas,0.0,298.0,298.0,Fail,5909.090909090909,590.9090909090909,147727.27272727274
Argon,1,90,195.0,0.33,110.0,100.0,36.7,0,0.9,20.0,Gas,0.0,298.0,298.0,Success,5371.90082644628,590.9090909090909,268595.041322314
Argon,1,90,195.0,0.33,75.0,100.0,36.7,0,0.9,20.0,Gas,0.0,298.0,298.0,Fail,7878.787878787878,590.9090909090909,393939.3939393939
Argon,1,90,195.0,0.33,110.0,100.0,36.7,0,0.9,20.0,Gas,0.0,298.0,298.0,Fail,5371.90082644628,590.9090909090909,268595.041322314
Argon,1,90,200.0,0.08,100.0,80.0,37.23720930232558,0,1,50.0,Gas,0.0,298.0,473.15,Fail,25000.0,2500.0,500000.00000000006
Argon,1,90,200.0,0.08,100.0,80.0,37.77441860465117,0,1,50.0,Gas,0.0,298.0,473.15,Fail,25000.0,2500.0,500000.00000000006
Argon,1,90,200.0,0.08,100.0,80.0,38.311627906976746,0,1,50.0,Gas,0.0,298.0,473.15,Fail,25000.0,2500.0,500000.00000000006
Argon,1,90,200.0,0.08,100.0,80.0,38.84883720930233,0,1,50.0,Gas,0.0,298.0,473.15,Fail,25000.0,2500.0,500000.00000000006
Argon,1,90,200.0,0.08,100.0,80.0,39.38604651162791,0,1,50.0,Gas,0.0,298.0,473.15,Fail,25000.0,2500.0,500000.00000000006
Argon,1,90,200.0,0.08,100.0,80.0,39.92325581395349,0,1,50.0,Gas,0.0,298.0,473.15,Fail,25000.0,2500.0,500000.00000000006
Argon,1,90,200.0,0.08,100.0,80.0,40.460465116279074,0,1,50.0,Gas,0.0,298.0,473.15,Fail,25000.0,2500.0,500000.00000000006
Argon,1,90,200.0,0.08,100.0,80.0,40.99767441860465,0,1,50.0,Gas,0.0,298.0,473.15,Fail,25000.0,2500.0,500000.00000000006
Argon,1,90,200.0,0.08,100.0,80.0,41.53488372093023,0,1,50.0,Gas,0.0,298.0,473.15,Fail,25000.0,2500.0,500000.00000000006
Argon,1,90,200.0,0.08,100.0,80.0,42.07209302325582,0,1,50.0,Gas,0.0,298.0,473.15,Fail,25000.0,2500.0,500000.00000000006
Argon,1,90,200.0,0.08,100.0,80.0,42.609302325581396,0,1,50.0,Gas,0.0,298.0,473.15,Fail,25000.0,2500.0,500000.00000000006
Argon,1,90,200.0,0.08,100.0,80.0,43.146511627906975,0,1,50.0,Gas,0.0,298.0,473.15,Fail,25000.0,2500.0,500000.00000000006
Argon,1,90,200.0,0.1,50.0,115.0,43.68372093023256,0,1,30.0,Gas,0.0,298.0,298.0,Success,40000.0,2000.0,1333333.3333333335
Argon,1,90,200.0,0.15,50.0,115.0,44.22093023255814,0,1,30.0,Gas,0.0,298.0,298.0,Success,26666.666666666668,1333.3333333333335,888888.8888888889
Argon,1,90,200.0,0.2,50.0,115.0,44.758139534883725,0,1,30.0,Gas,0.0,298.0,298.0,Success,20000.0,1000.0,666666.6666666667
Argon,1,90,200.0,0.25,50.0,115.0,45.2953488372093,0,1,30.0,Gas,0.0,298.0,298.0,Fail,16000.0,800.0,533333.3333333334
Argon,1,90,200.0,0.3,50.0,115.0,45.83255813953488,0,1,30.0,Gas,0.0,298.0,298.0,Fail,13333.333333333334,666.6666666666667,444444.44444444444
Argon,1,90,200.0,0.35,50.0,115.0,46.36976744186047,0,1,30.0,Gas,0.0,298.0,298.0,Fail,11428.571428571428,571.4285714285714,380952.38095238095
Argon,1,90,200.0,0.1,100.0,115.0,46.906976744186046,0,1,30.0,Gas,0.0,298.0,298.0,Success,20000.0,2000.0,666666.6666666667
Argon,1,90,200.0,0.15,100.0,115.0,47.44418604651163,0,1,30.0,Gas,0.0,298.0,298.0,Success,13333.333333333334,1333.3333333333335,444444.44444444444
Argon,1,90,200.0,0.2,100.0,115.0,47.98139534883721,0,1,30.0,Gas,0.0,298.0,298.0,Success,10000.0,1000.0,333333.3333333334
Argon,1,90,200.0,0.25,100.0,115.0,48.51860465116279,0,1,30.0,Gas,0.0,298.0,298.0,Fail,8000.0,800.0,266666.6666666667
Argon,1,90,200.0,0.3,100.0,115.0,49.05581395348837,0,1,30.0,Gas,0.0,298.0,298.0,Fail,6666.666666666667,666.6666666666667,222222.22222222222
Argon,1,90,200.0,0.35,100.0,115.0,49.593023255813954,0,1,30.0,Gas,0.0,298.0,298.0,Fail,5714.285714285714,571.4285714285714,190476.19047619047
Argon,1,90,200.0,0.1,150.0,115.0,50.13023255813954,0,1,30.0,Gas,0.0,298.0,298.0,Success,13333.333333333334,2000.0,444444.44444444444
Argon,1,90,200.0,0.15,150.0,115.0,50.66744186046512,0,1,30.0,Gas,0.0,298.0,298.0,Success,8888.888888888889,1333.3333333333335,296296.29629629635
Argon,1,90,200.0,0.2,150.0,115.0,51.2046511627907,0,1,30.0,Gas,0.0,298.0,298.0,Success,6666.666666666667,1000.0,222222.22222222222
Argon,1,90,200.0,0.25,150.0,115.0,51.741860465116275,0,1,30.0,Gas,0.0,298.0,298.0,Fail,5333.333333333334,800.0,177777.77777777778
Argon,1,90,200.0,0.3,150.0,115.0,52.27906976744186,0,1,30.0,Gas,0.0,298.0,298.0,Fail,4444.444444444444,666.6666666666667,148148.14814814818
Argon,1,90,200.0,0.35,150.0,115.0,52.81627906976744,0,1,30.0,Gas,0.0,298.0,298.0,Fail,3809.5238095238096,571.4285714285714,126984.12698412698
Argon,1,90,200.0,0.1,200.0,115.0,53.353488372093025,0,1,30.0,Gas,0.0,298.0,298.0,Success,10000.0,2000.0,333333.3333333334
Argon,1,90,200.0,0.15,200.0,115.0,53.890697674418604,0,1,30.0,Gas,0.0,298.0,298.0,Success,6666.666666666667,1333.3333333333335,222222.22222222222
Argon,1,90,200.0,0.2,200.0,115.0,54.42790697674418,0,1,30.0,Gas,0.0,298.0,298.0,Success,5000.0,1000.0,166666.6666666667
Argon,1,90,200.0,0.25,200.0,115.0,54.96511627906977,0,1,30.0,Gas,0.0,298.0,298.0,Fail,4000.0,800.0,133333.33333333334
Argon,1,90,200.0,0.3,200.0,115.0,55.50232558139535,0,1,30.0,Gas,0.0,298.0,298.0,Fail,3333.3333333333335,666.6666666666667,111111.11111111111
Argon,1,90,200.0,0.35,200.0,115.0,56.03953488372093,0,1,30.0,Gas,0.0,298.0,298.0,Fail,2857.142857142857,571.4285714285714,95238.09523809524
Argon,1,90,200.0,0.083,90.0,115.0,56.57674418604651,0,1,40.0,Gas,0.0,298.0,298.0,Success,26773.761713520747,2409.6385542168673,669344.0428380187
Argon,1,90,200.0,0.167,90.0,115.0,57.11395348837209,0,1,40.0,Gas,0.0,298.0,298.0,Success,13306.71989354624,1197.6047904191616,332667.99733865605
Argon,1,90,200.0,0.25,90.0,115.0,57.65116279069767,0,1,40.0,Gas,0.0,298.0,298.0,Fail,8888.888888888889,800.0,222222.22222222222
Argon,1,90,200.0,0.33,90.0,115.0,58.188372093023254,0,1,40.0,Gas,0.0,298.0,298.0,Fail,6734.0067340067335,606.060606060606,168350.16835016836
Argon,1,90,200.0,0.416,90.0,115.0,58.72558139534884,0,1,40.0,Gas,0.0,298.0,298.0,Fail,5341.880341880342,480.7692307692308,133547.00854700856
Argon,1,90,200.0,0.5,90.0,115.0,59.26279069767442,0,1,40.0,Gas,0.0,298.0,298.0,Fail,4444.444444444444,400.0,111111.11111111111
Argon,1,90,185.0,0.597,90.0,80.0,59.8,0,1,40.0,Gas,0.0,298.0,443.15,Fail,3443.141634096408,309.88274706867674,86078.54085241022
Argon,1,90,300.0,0.4,80.0,70.0,59.81818181818181,0,1,30.0,Gas,0.0,298.0,298.0,Fail,9375.0,750.0,312500.0
Argon,1,90,300.0,0.8,80.0,70.0,59.836363636363636,0,1,30.0,Gas,0.0,298.0,298.0,Fail,4687.5,375.0,156250.0
Argon,1,90,300.0,1.0,80.0,70.0,59.85454545454545,0,1,30.0,Gas,0.0,298.0,298.0,Fail,3750.0,300.0,125000.00000000001
Argon,1,90,300.0,1.2,80.0,70.0,59.87272727272727,0,1,30.0,Gas,0.0,298.0,298.0,Fail,3125.0,250.0,104166.66666666667
Argon,1,90,200.0,0.597,150.0,72.0,59.89090909090909,0,1,60.0,Gas,0.0,298.0,298.0,Fail,2233.3891680625347,335.00837520938023,37223.15280104225
Argon,1,90,300.0,0.01,100.0,80.0,59.90909090909091,0,1,40.0,Gas,0.0,298.0,298.0,Fail,300000.0,30000.0,7500000.000000001
Argon,1,90,300.0,0.01,300.0,80.0,59.92727272727273,0,1,80.0,Gas,0.0,298.0,298.0,Fail,100000.0,30000.0,1250000.0
Argon,1,90,300.0,0.01,500.0,80.0,59.945454545454545,0,1,80.0,Gas,0.0,298.0,298.0,Fail,60000.0,30000.0,750000.0000000001
Argon,1,90,300.0,0.01,800.0,80.0,59.96363636363636,0,1,80.0,Gas,0.0,298.0,298.0,Fail,37500.0,30000.0,468750.00000000006
Argon,1,90,300.0,0.01,1000.0,80.0,59.981818181818184,0,1,80.0,Gas,0.0,298.0,298.0,Fail,30000.0,30000.0,375000.00000000006
Argon,1,0,175.0,0.5,140.0,70.0,60.0,0,1,30.0,Gas,0.0,298.0,353.15,Success,2499.9999999999995,350.0,83333.33333333334
Argon,1,90,175.0,0.5,140.0,70.0,60.0,0,1,30.0,Gas,0.0,298.0,353.15,Fail,2499.9999999999995,350.0,83333.33333333334
Argon,1,0,400.0,1.1,140.0,70.0,60.0,0,1,30.0,Gas,0.0,298.0,353.15,Fail,2597.4025974025976,363.6363636363636,86580.08658008659
Argon,1,90,370.0,1.3,150.0,100.0,56.5,0,1,40.0,Gas,0.0,298.0,298.0,Fail,1897.4358974358975,284.6153846153846,47435.89743589744
Argon,1,90,200.0,0.8,120.0,80.0,53.0,0,1,30.0,Gas,0.0,298.0,373.15,Fail,2083.3333333333335,250.0,69444.44444444445
Argon,1,90,400.0,1.3,150.0,80.0,52.94237288135593,0,1,50.0,Gas,0.0,298.0,298.0,Fail,2051.2820512820513,307.6923076923077,41025.64102564102
Argon,1,90,400.0,0.5,16.0,80.0,52.884745762711866,0,1,50.0,Gas,0.0,298.0,298.0,Fail,50000.0,800.0,1000000.0000000001
Argon,1,90,400.0,0.5,16.0,80.0,52.827118644067795,0,1,50.0,Gas,0.0,298.0,298.0,Fail,50000.0,800.0,1000000.0000000001
Argon,1,90,400.0,0.5,16.0,80.0,52.76949152542373,0,1,50.0,Gas,0.0,298.0,298.0,Fail,50000.0,800.0,1000000.0000000001
Argon,1,90,400.0,0.5,16.0,80.0,52.71186440677966,0,1,50.0,Gas,0.0,298.0,298.0,Fail,50000.0,800.0,1000000.0000000001
Argon,1,90,400.0,0.5,16.0,80.0,52.65423728813559,0,1,50.0,Gas,0.0,298.0,298.0,Fail,50000.0,800.0,1000000.0000000001
Argon,1,90,400.0,0.5,16.0,80.0,52.59661016949153,0,1,50.0,Gas,0.0,298.0,298.0,Fail,50000.0,800.0,1000000.0000000001
Argon,1,90,400.0,0.5,16.0,80.0,52.538983050847456,0,1,50.0,Gas,0.0,298.0,298.0,Fail,50000.0,800.0,1000000.0000000001
Argon,1,90,400.0,0.5,16.0,80.0,52.48135593220339,0,1,50.0,Gas,0.0,298.0,298.0,Fail,50000.0,800.0,1000000.0000000001
Argon,1,90,170.0,0.6,90.0,80.0,52.42372881355932,0,1,50.0,Gas,0.0,298.0,298.0,Fail,3148.1481481481483,283.33333333333337,62962.96296296297
Argon,1,90,170.0,0.8,110.0,80.0,52.36610169491525,0,1,50.0,Gas,0.0,298.0,298.0,Fail,1931.818181818182,212.5,38636.36363636364
Argon,1,90,250.0,0.6,120.0,80.0,52.30847457627119,0,1,50.0,Gas,0.0,298.0,298.0,Fail,3472.2222222222217,416.6666666666667,69444.44444444445
Argon,1,90,250.0,0.8,90.0,80.0,52.25084745762712,0,1,50.0,Gas,0.0,298.0,298.0,Fail,3472.2222222222217,312.5,69444.44444444445
Argon,1,90,250.0,1.0,110.0,80.0,52.19322033898305,0,1,50.0,Gas,0.0,298.0,298.0,Fail,2272.7272727272725,250.0,45454.545454545456
Argon,1,90,320.0,0.6,110.0,80.0,52.13559322033898,0,1,50.0,Gas,0.0,298.0,298.0,Fail,4848.484848484848,533.3333333333334,96969.69696969698
Argon,1,90,320.0,0.8,120.0,80.0,52.07796610169492,0,1,50.0,Gas,0.0,298.0,298.0,Fail,3333.3333333333335,400.0,66666.66666666667
Argon,1,90,320.0,1.0,90.0,80.0,52.02033898305085,0,1,50.0,Gas,0.0,298.0,298.0,Fail,3555.5555555555557,320.0,71111.11111111111
Argon,1,90,242.0,0.73,110.0,80.0,51.96271186440678,0,1,50.0,Gas,0.0,298.0,298.0,Fail,3013.6986301369866,331.5068493150685,60273.972602739734
Argon,1,90,170.0,0.6,90.0,80.0,51.905084745762714,0,1,50.0,Gas,0.0,298.0,298.0,Fail,3148.1481481481483,283.33333333333337,62962.96296296297
Argon,1,90,170.0,0.8,110.0,80.0,51.847457627118644,0,1,50.0,Gas,0.0,298.0,298.0,Fail,1931.818181818182,212.5,38636.36363636364
Argon,1,90,250.0,0.6,120.0,80.0,51.78983050847458,0,1,50.0,Gas,0.0,298.0,298.0,Fail,3472.2222222222217,416.6666666666667,69444.44444444445
Argon,1,90,250.0,0.8,90.0,80.0,51.73220338983051,0,1,50.0,Gas,0.0,298.0,298.0,Fail,3472.2222222222217,312.5,69444.44444444445
Argon,1,90,250.0,1.0,110.0,80.0,51.67457627118644,0,1,50.0,Gas,0.0,298.0,298.0,Fail,2272.7272727272725,250.0,45454.545454545456
Argon,1,90,320.0,0.6,110.0,80.0,51.616949152542375,0,1,50.0,Gas,0.0,298.0,298.0,Fail,4848.484848484848,533.3333333333334,96969.69696969698
Argon,1,90,320.0,0.8,120.0,80.0,51.559322033898304,0,1,50.0,Gas,0.0,298.0,298.0,Fail,3333.3333333333335,400.0,66666.66666666667
Argon,1,90,320.0,1.0,90.0,80.0,51.50169491525424,0,1,50.0,Gas,0.0,298.0,298.0,Fail,3555.5555555555557,320.0,71111.11111111111
Argon,1,90,242.0,0.73,110.0,80.0,51.44406779661017,0,1,50.0,Gas,0.0,298.0,298.0,Fail,3013.6986301369866,331.5068493150685,60273.972602739734
Argon,1,90,212.5,0.85,110.0,80.0,51.3864406779661,0,1,50.0,Gas,0.0,298.0,443.15,Success,2272.7272727272725,250.0,45454.54545454546
Argon,1,90,212.5,0.85,110.0,80.0,51.328813559322036,0,1,50.0,Gas,0.0,298.0,443.15,Success,2272.7272727272725,250.0,45454.54545454546
Argon,1,90,212.5,0.85,110.0,80.0,51.271186440677965,0,1,50.0,Gas,0.0,298.0,443.15,Success,2272.7272727272725,250.0,45454.54545454546
Argon,1,90,212.5,0.85,110.0,80.0,51.2135593220339,0,1,50.0,Gas,0.0,298.0,443.15,Success,2272.7272727272725,250.0,45454.54545454546
Argon,1,90,240.0,0.65,70.0,80.0,51.15593220338983,0,1,50.0,Gas,0.0,298.0,443.15,Fail,5274.725274725275,369.2307692307692,105494.50549450549
Argon,1,90,240.0,0.75,70.0,80.0,51.09830508474576,0,1,50.0,Gas,0.0,298.0,443.15,Fail,4571.428571428572,320.0,91428.57142857143
Argon,1,90,240.0,0.85,70.0,80.0,51.0406779661017,0,1,50.0,Gas,0.0,298.0,443.15,Fail,4033.613445378151,282.3529411764706,80672.26890756303
Argon,1,90,240.0,0.95,70.0,80.0,50.983050847457626,0,1,50.0,Gas,0.0,298.0,443.15,Success,3609.022556390977,252.63157894736844,72180.45112781956
Argon,1,90,240.0,0.65,90.0,80.0,50.92542372881356,0,1,50.0,Gas,0.0,298.0,443.15,Fail,4102.5641025641025,369.2307692307692,82051.28205128205
Argon,1,90,240.0,0.75,90.0,80.0,50.86779661016949,0,1,50.0,Gas,0.0,298.0,443.15,Success,3555.555555555555,320.0,71111.11111111111
Argon,1,90,240.0,0.85,90.0,80.0,50.81016949152543,0,1,50.0,Gas,0.0,298.0,443.15,Success,3137.2549019607845,282.3529411764706,62745.098039215685
Argon,1,90,240.0,0.95,90.0,80.0,50.75254237288136,0,1,50.0,Gas,0.0,298.0,443.15,Success,2807.017543859649,252.63157894736844,56140.35087719298
Argon,1,90,240.0,0.65,110.0,80.0,50.69491525423729,0,1,50.0,Gas,0.0,298.0,443.15,Success,3356.643356643356,369.2307692307692,67132.86713286713
Argon,1,90,240.0,0.75,110.0,80.0,50.637288135593224,0,1,50.0,Gas,0.0,298.0,443.15,Success,2909.090909090909,320.0,58181.81818181818
Argon,1,90,240.0,0.85,110.0,80.0,50.57966101694915,0,1,50.0,Gas,0.0,298.0,443.15,Success,2566.8449197860964,282.3529411764706,51336.89839572193
Argon,1,90,240.0,0.95,110.0,80.0,50.52203389830508,0,1,50.0,Gas,0.0,298.0,443.15,Success,2296.6507177033495,252.63157894736844,45933.01435406699
Argon,1,0,212.5,0.85,110.0,80.0,50.46440677966102,0,1,50.0,Gas,0.0,298.0,443.15,Success,2272.7272727272725,250.0,45454.54545454546
Argon,1,0,212.5,0.85,110.0,80.0,50.40677966101695,0,1,50.0,Gas,0.0,298.0,443.15,Success,2272.7272727272725,250.0,45454.54545454546
Argon,1,0,212.5,0.85,110.0,80.0,50.349152542372885,0,1,50.0,Gas,0.0,298.0,443.15,Success,2272.7272727272725,250.0,45454.54545454546
Argon,1,0,212.5,0.85,110.0,80.0,50.291525423728814,0,1,50.0,Gas,0.0,298.0,443.15,Success,2272.7272727272725,250.0,45454.54545454546
Argon,1,90,212.5,0.65,70.0,80.0,50.23389830508475,0,1,50.0,Gas,0.0,298.0,443.15,Fail,4670.32967032967,326.9230769230769,93406.5934065934
Argon,1,90,212.5,0.75,70.0,80.0,50.17627118644068,0,1,50.0,Gas,0.0,298.0,443.15,Fail,4047.6190476190477,283.3333333333333,80952.38095238096
Argon,1,90,212.5,0.85,70.0,80.0,50.11864406779661,0,1,50.0,Gas,0.0,298.0,443.15,Success,3571.428571428571,250.0,71428.57142857143
Argon,1,90,212.5,0.95,70.0,80.0,50.061016949152545,0,1,50.0,Gas,0.0,298.0,443.15,Success,3195.488721804511,223.6842105263158,63909.77443609023
Argon,1,90,212.5,0.65,90.0,80.0,50.003389830508475,0,1,50.0,Gas,0.0,298.0,443.15,Success,3632.4786324786323,326.9230769230769,72649.57264957264
Argon,1,90,212.5,0.75,90.0,80.0,49.94576271186441,0,1,50.0,Gas,0.0,298.0,443.15,Success,3148.148148148148,283.3333333333333,62962.96296296296
Argon,1,90,212.5,0.85,90.0,80.0,49.88813559322034,0,1,50.0,Gas,0.0,298.0,443.15,Success,2777.777777777778,250.0,55555.555555555555
Argon,1,90,212.5,0.95,90.0,80.0,49.83050847457627,0,1,50.0,Gas,0.0,298.0,443.15,Success,2485.3801169590643,223.6842105263158,49707.602339181285
Argon,1,90,212.5,0.65,110.0,80.0,49.772881355932206,0,1,50.0,Gas,0.0,298.0,443.15,Success,2972.027972027972,326.9230769230769,59440.55944055944
Argon,1,90,212.5,0.75,110.0,80.0,49.715254237288136,0,1,50.0,Gas,0.0,298.0,443.15,Success,2575.7575757575755,283.3333333333333,51515.15151515151
Argon,1,90,212.5,0.95,110.0,80.0,49.65762711864407,0,1,50.0,Gas,0.0,298.0,443.15,Success,2033.4928229665072,223.6842105263158,40669.85645933015
Nitrogen,1,0,280.0,0.95,110.0,100.0,49.6,0,0.9,30.0,Gas,0.0,298.0,298.0,Success,2679.4258373205744,294.7368421052632,89314.19457735248
Nitrogen,1,45,280.0,0.95,110.0,100.0,49.6,0,0.9,30.0,Gas,0.0,298.0,298.0,Fail,2679.4258373205744,294.7368421052632,89314.19457735248
Nitrogen,1,90,280.0,0.95,110.0,100.0,49.6,0,0.9,30.0,Gas,0.0,298.0,298.0,Fail,2679.4258373205744,294.7368421052632,89314.19457735248
Argon,1,90,200.0,0.1,115.0,43.0,52.32857142857143,0,1,50.0,Plasma,0.0,298.0,298.0,Fail,17391.304347826088,2000.0,347826.0869565217
Argon,1,90,200.0,0.1,135.0,43.0,55.05714285714286,0,1,50.0,Gas,0.0,298.0,298.0,Fail,14814.814814814816,2000.0,296296.29629629635
Argon,1,90,200.0,0.1,155.0,43.0,57.78571428571429,0,1,50.0,Gas,0.0,298.0,298.0,Fail,12903.225806451614,2000.0,258064.51612903227
Argon,1,90,200.0,0.145,115.0,43.0,60.51428571428572,0,1,50.0,Gas,0.0,298.0,298.0,Fail,11994.002998500751,1379.3103448275863,239880.05997001502
Argon,1,90,200.0,0.145,135.0,43.0,63.24285714285715,0,1,50.0,Gas,0.0,298.0,298.0,Fail,10217.113665389528,1379.3103448275863,204342.27330779054
Argon,1,90,200.0,0.145,155.0,43.0,65.97142857142858,0,1,50.0,Gas,0.0,298.0,298.0,Fail,8898.776418242493,1379.3103448275863,177975.52836484983
Argon,1,90,60.0,0.3,80.0,60.0,68.7,0,1,20.0,Gas,0.0,298.0,473.15,Fail,2500.0,200.0,125000.00000000001
Argon,1,90,70.0,0.3,80.0,60.0,68.7,0,1,20.0,Gas,0.0,298.0,473.15,Fail,2916.6666666666665,233.33333333333334,145833.33333333334
Argon,1,90,80.0,0.3,80.0,60.0,68.7,0,1,20.0,Gas,0.0,298.0,473.15,Fail,3333.3333333333335,266.6666666666667,166666.6666666667
Argon,1,90,90.0,0.3,80.0,60.0,68.7,0,1,20.0,Gas,0.0,298.0,473.15,Fail,3750.0,300.0,187500.00000000003
Argon,1,90,100.0,0.3,80.0,60.0,68.7,0,1,20.0,Gas,0.0,298.0,473.15,Fail,4166.666666666667,333.33333333333337,208333.33333333334
Argon,1,90,200.0,5.0,110.0,75.0,45.0,0,1,50.0,Gas,0.0,298.0,298.0,Success,363.6363636363636,40.0,7272.727272727273
Argon,1,90,170.0,5.0,110.0,75.0,45.0,0,1,50.0,Gas,0.0,298.0,298.0,Success,309.09090909090907,34.0,6181.818181818182
Argon,1,90,140.0,5.0,110.0,75.0,45.0,0,1,50.0,Gas,0.0,298.0,298.0,Fail,254.54545454545453,28.0,5090.909090909091
Argon,1,90,110.0,5.0,110.0,75.0,45.0,0,1,50.0,Gas,0.0,298.0,298.0,Fail,199.99999999999997,22.0,4000.0
Argon,1,Z-direction,200.0,0.6,70.0,100.0,41.0,0,1,30.0,Gas,0.0,298.0,298.0,Fail,4761.9047619047615,333.33333333333337,158730.15873015876
Argon,1,Z-direction,200.0,0.7,70.0,100.0,41.0,0,1,30.0,Gas,0.0,298.0,298.0,Fail,4081.632653061224,285.7142857142857,136054.42176870749
Argon,1,Z-direction,200.0,0.9,70.0,100.0,41.0,0,1,30.0,Gas,0.0,298.0,298.0,Fail,3174.6031746031745,222.22222222222223,105820.10582010582
Argon,1,Z-direction,200.0,1.05,70.0,100.0,41.0,0,1,30.0,Gas,0.0,298.0,298.0,Fail,2721.08843537415,190.47619047619048,90702.94784580499
Argon,1,Z-direction,200.0,1.2,70.0,100.0,41.0,0,1,30.0,Gas,0.0,298.0,298.0,Fail,2380.9523809523807,166.66666666666669,79365.07936507938
Argon,1,90,100.0,0.25,100.0,80.0,53.0,0,1,30.0,Gas,0.0,298.0,298.0,Fail,4000.0,400.0,133333.33333333334
Argon,1,90,340.0,1.6,100.0,70.0,52.5,0,0.8,30.0,Gas,0.0,298.0,423.15,Success,2125.0,212.5,70833.33333333334
Argon,1,90,340.0,1.6,100.0,70.0,52.0,0,0.8,30.0,Gas,0.0,298.0,423.15,Success,2125.0,212.5,70833.33333333334
Argon,1,90,340.0,1.6,100.0,70.0,51.5,0,0.8,30.0,Gas,0.0,298.0,423.15,Success,2125.0,212.5,70833.33333333334
Argon,1,90,340.0,1.6,100.0,70.0,51.0,0,0.8,30.0,Gas,0.0,298.0,423.15,Success,2125.0,212.5,70833.33333333334
Argon,1,90,340.0,1.6,100.0,70.0,50.5,0,0.8,30.0,Gas,0.0,298.0,423.15,Success,2125.0,212.5,70833.33333333334
Argon,1,90,285.0,0.96,100.0,70.0,50.0,0,1,31.170999999999996,Gas,0.0,298.0,378.0,Fail,2968.75,296.875,95240.76866318054
Argon,1,90,90.0,0.02,250.0,400.0,45.0,0,1,100.0,Argon,0.0,298.0,298.0,Fail,18000.0,4500.0,180000.0
Argon,1,90,90.0,0.02,250.0,400.0,45.0,N24,1,100.0,Argon,0.0,298.0,298.0,Success,18000.0,4500.0,180000.0
Argon,1,90,90.0,0.02,250.0,400.0,45.0,N26,1,100.0,Argon,0.0,298.0,298.0,Success,18000.0,4500.0,180000.0
Argon,1,90,110.0,0.02,250.0,400.0,45.0,0,1,100.0,Argon,0.0,298.0,298.0,Fail,22000.0,5500.0,220000.0
Argon,1,90,110.0,0.02,250.0,400.0,45.0,N24,1,100.0,Argon,0.0,298.0,298.0,Success,22000.0,5500.0,220000.0
Argon,1,90,110.0,0.02,250.0,400.0,45.0,N25,1,100.0,Argon,0.0,298.0,298.0,Success,22000.0,5500.0,220000.0
Argon,1,90,110.0,0.02,250.0,400.0,45.0,N26,1,100.0,Argon,0.0,298.0,298.0,Success,22000.0,5500.0,220000.0
Argon,1,90,130.0,0.02,250.0,400.0,45.0,0,1,100.0,Argon,0.0,298.0,298.0,Fail,26000.0,6500.0,260000.0
Argon,1,90,130.0,0.02,250.0,400.0,45.0,N24,1,100.0,Argon,0.0,298.0,298.0,Success,26000.0,6500.0,260000.0
Argon,1,90,130.0,0.02,250.0,400.0,45.0,N25,1,100.0,Argon,0.0,298.0,298.0,Success,26000.0,6500.0,260000.0
Argon,1,90,130.0,0.02,250.0,400.0,45.0,N26,1,100.0,Argon,0.0,298.0,298.0,Success,26000.0,6500.0,260000.0
Argon,1,90,200.0,0.5,50.0,80.0,47.22222222222222,0,1,40.0,Gas,0.0,298.0,298.0,Fail,8000.0,400.0,200000.0
Argon,1,90,370.0,2.3,150.0,80.0,49.44444444444444,0,1,40.0,Gas,0.0,298.0,298.0,Fail,1072.463768115942,160.8695652173913,26811.594202898552
Argon,1,90,200.0,0.5,50.0,80.0,51.666666666666664,0,1,40.0,Gas,0.0,298.0,298.0,Fail,8000.0,400.0,200000.0
Argon,1,90,370.0,2.3,150.0,80.0,53.888888888888886,0,1,40.0,Gas,0.0,298.0,298.0,Fail,1072.463768115942,160.8695652173913,26811.594202898552
Argon,1,90,200.0,0.5,50.0,80.0,56.111111111111114,0,1,40.0,Gas,0.0,298.0,298.0,Fail,8000.0,400.0,200000.0
Argon,1,90,370.0,2.3,150.0,80.0,58.333333333333336,0,1,40.0,Gas,0.0,298.0,298.0,Fail,1072.463768115942,160.8695652173913,26811.594202898552
Argon,1,90,100.0,0.15,112.0,180.0,60.55555555555556,0,1,30.0,Gas,0.0,298.0,298.0,Success,5952.380952380951,666.6666666666667,198412.6984126984
Argon,1,90,100.0,0.15,112.0,180.0,62.77777777777778,0,1,30.0,Gas,0.0,298.0,298.0,Success,5952.380952380951,666.6666666666667,198412.6984126984
Argon,1,90,300.0,1.65,130.0,80.0,65.0,0,1,30.0,Gas,0.0,298.0,498.0,Fail,1398.6013986013986,181.81818181818184,46620.046620046625
Argon,1,90,200.0,1.0,100.0,100.0,50.0,0,1,40.0,Gas,0.0,298.0,298.0,Fail,2000.0,200.0,50000.0
Argon,1,90,240.0,1.0,100.0,100.0,50.0,0,1,40.0,Gas,0.0,298.0,298.0,Fail,2400.0,240.0,60000.0
Argon,1,90,360.0,1.0,100.0,100.0,50.0,0,1,40.0,Gas,0.0,298.0,298.0,Fail,3600.0,360.0,90000.0
Argon,1,90,360.0,3.0,100.0,100.0,50.0,0,1,40.0,Gas,0.0,298.0,298.0,Fail,1200.0,120.0,30000.0
Argon,1,90,360.0,5.0,100.0,100.0,50.0,0,1,40.0,Gas,0.0,298.0,298.0,Fail,720.0,72.0,18000.0
Argon,1,90,200.0,0.2,135.0,90.0,45.0,0,1,30.0,Argon,0.0,298.0,298.0,Success,7407.407407407408,1000.0,246913.5802469136
Argon,1,90,200.0,0.2,135.0,90.0,45.0,0,1,40.0,Argon,0.0,298.0,298.0,Success,7407.407407407408,1000.0,185185.1851851852
Argon,1,90,400.0,0.967,100.0,80.0,46.4,0,1,30.0,Gas,0.0,298.0,298.0,Fail,4136.504653567735,413.65046535677357,137883.48845225785
Argon,1,90,80.0,0.969,100.0,80.0,46.4,0,1,30.0,Gas,0.0,298.0,298.0,Fail,825.5933952528379,82.5593395252838,27519.779841761272
Argon,1,90,80.0,1.938,100.0,80.0,46.4,0,1,30.0,Gas,0.0,298.0,298.0,Fail,412.79669762641896,41.2796697626419,13759.889920880636
Argon,1,90,80.0,3.858,100.0,80.0,46.4,0,1,30.0,Gas,0.0,298.0,298.0,Fail,207.3613271124935,20.73613271124935,6912.044237083118
Argon,1,90,0.8,0.003,100.0,80.0,45.0,0,1,50.0,Gas,0.0,298.0,1173.0,Fail,2666.666666666667,266.6666666666667,53333.33333333334
Argon,1,90,0.5,0.003,100.0,80.0,45.0,0,1,50.0,Gas,0.0,298.0,298.0,Fail,1666.6666666666667,166.66666666666666,33333.333333333336
Argon,1,90,185.0,0.597,100.0,80.0,45.0,0,1,43.93333333333333,Gas,0.0,298.0,298.0,Fail,3098.8274706867674,309.88274706867674,70534.7679215501
Argon,1,90,300.0,1.0,100.0,80.0,45.30434782608695,0,1,30.0,Gas,0.0,298.0,298.0,Fail,3000.0,300.0,100000.0
Argon,1,90,300.0,1.0,100.0,80.0,45.608695652173914,0,1,30.0,Gas,0.0,298.0,298.0,Fail,3000.0,300.0,100000.0
Argon,1,90,295.0,0.96,100.0,90.0,45.91304347826087,0,1,40.0,Gas,0.0,298.0,298.0,Fail,3072.9166666666665,307.2916666666667,76822.91666666667
Argon,1,90,295.0,0.96,100.0,90.0,46.21739130434783,0,1,40.0,Gas,0.0,298.0,298.0,Fail,3072.9166666666665,307.2916666666667,76822.91666666667
Argon,1,90,295.0,0.96,100.0,90.0,46.52173913043478,0,1,40.0,Gas,0.0,298.0,298.0,Fail,3072.9166666666665,307.2916666666667,76822.91666666667
Argon,1,90,295.0,0.96,100.0,90.0,46.82608695652174,0,1,40.0,Gas,0.0,298.0,298.0,Fail,3072.9166666666665,307.2916666666667,76822.91666666667
Argon,1,90,295.0,0.96,100.0,90.0,47.130434782608695,0,1,40.0,Gas,0.0,298.0,298.0,Fail,3072.9166666666665,307.2916666666667,76822.91666666667
Argon,1,90,185.0,0.597,80.0,80.0,47.434782608695656,0,1,40.0,Gas,0.0,298.0,298.0,Fail,3873.534338358459,309.88274706867674,96838.35845896148
Argon,1,90,185.0,0.597,80.0,80.0,47.73913043478261,0,1,40.0,Gas,0.0,298.0,298.0,Fail,3873.534338358459,309.88274706867674,96838.35845896148
Argon,1,90,185.0,0.597,80.0,80.0,48.04347826086956,0,1,40.0,Gas,0.0,298.0,298.0,Fail,3873.534338358459,309.88274706867674,96838.35845896148
Argon,1,90,185.0,0.597,80.0,80.0,48.34782608695652,0,1,40.0,Gas,0.0,298.0,298.0,Fail,3873.534338358459,309.88274706867674,96838.35845896148
Argon,1,90,185.0,0.597,80.0,80.0,48.65217391304348,0,1,40.0,Gas,0.0,298.0,298.0,Fail,3873.534338358459,309.88274706867674,96838.35845896148
Argon,1,90,185.0,0.597,110.0,80.0,48.95652173913044,0,1,40.0,Gas,0.0,298.0,298.0,Fail,2817.115882442515,309.88274706867674,70427.89706106289
Argon,1,90,185.0,0.597,110.0,80.0,49.26086956521739,0,1,40.0,Gas,0.0,298.0,298.0,Fail,2817.115882442515,309.88274706867674,70427.89706106289
Argon,1,90,185.0,0.597,110.0,80.0,49.565217391304344,0,1,40.0,Gas,0.0,298.0,298.0,Fail,2817.115882442515,309.88274706867674,70427.89706106289
Argon,1,90,185.0,0.597,110.0,80.0,49.869565217391305,0,1,40.0,Gas,0.0,298.0,298.0,Fail,2817.115882442515,309.88274706867674,70427.89706106289
Argon,1,90,185.0,0.597,110.0,80.0,50.173913043478265,0,1,40.0,Gas,0.0,298.0,298.0,Fail,2817.115882442515,309.88274706867674,70427.89706106289
Argon,1,90,185.0,0.597,140.0,80.0,50.47826086956522,0,1,40.0,Gas,0.0,298.0,298.0,Fail,2213.448193347691,309.88274706867674,55336.204833692274
Argon,1,90,185.0,0.597,140.0,80.0,50.78260869565217,0,1,40.0,Gas,0.0,298.0,298.0,Fail,2213.448193347691,309.88274706867674,55336.204833692274
Argon,1,90,185.0,0.597,140.0,80.0,51.08695652173913,0,1,40.0,Gas,0.0,298.0,298.0,Fail,2213.448193347691,309.88274706867674,55336.204833692274
Argon,1,90,185.0,0.597,140.0,80.0,51.391304347826086,0,1,40.0,Gas,0.0,298.0,298.0,Fail,2213.448193347691,309.88274706867674,55336.204833692274
Argon,1,90,185.0,0.597,140.0,80.0,51.69565217391305,0,1,40.0,Gas,0.0,298.0,298.0,Fail,2213.448193347691,309.88274706867674,55336.204833692274
Argon,1,90,220.0,0.8,100.0,80.0,52.0,0,1,50.0,Gas,0.0,298.0,298.0,Fail,2750.0,275.0,55000.0
Argon,1,90,220.0,1.0,100.0,80.0,52.0,0,1,50.0,Gas,0.0,298.0,298.0,Fail,2200.0,220.0,44000.0
Argon,1,90,220.0,1.2,100.0,80.0,52.0,0,1,50.0,Gas,0.0,298.0,298.0,Fail,1833.3333333333335,183.33333333333334,36666.666666666664
Argon,1,90,220.0,1.4,100.0,80.0,52.0,0,1,50.0,Gas,0.0,298.0,298.0,Fail,1571.4285714285713,157.14285714285714,31428.57142857143
Argon,1,90,260.0,0.945,100.0,80.0,52.0,0,1,50.0,Gas,0.0,298.0,298.0,Fail,2751.322751322751,275.13227513227514,55026.45502645503
Argon,1,90,190.0,0.7,50.0,75.0,56.666666666666664,0,1,61.1,Gas,0.0,298.0,298.0,Fail,5428.571428571428,271.42857142857144,88847.32288987609
Argon,1,90,190.0,0.7,125.0,75.0,61.333333333333336,0,1,28.133333333333333,Gas,0.0,298.0,298.0,Fail,2171.428571428571,271.42857142857144,77183.48002708194
Argon,1,90,200.0,0.261,100.0,35.0,66.0,0,1,50.0,Gas,0.0,298.0,653.0,Fail,7662.835249042145,766.2835249042146,153256.70498084291
Argon,1,90,200.0,0.261,100.0,35.0,59.0,0,1,50.0,Gas,0.0,298.0,653.0,Fail,7662.835249042145,766.2835249042146,153256.70498084291
Argon,1,90,400.0,0.375,100.0,75.0,58.5,0,1,76.33333333333333,Gas,0.0,298.0,298.0,Fail,10666.666666666668,1066.6666666666667,139737.99126637555
Argon,1,90,400.0,0.375,100.0,75.0,58.0,0,1,76.33333333333333,Gas,0.0,298.0,298.0,Fail,10666.666666666668,1066.6666666666667,139737.99126637555
Argon,1,90,400.0,0.375,100.0,75.0,57.5,0,0.5,30.0,Plasma,0.0,298.0,298.0,Fail,10666.666666666668,1066.6666666666667,355555.55555555556
Argon,1,90,400.0,0.375,100.0,75.0,57.0,0,0.5,30.0,Plasma,0.0,298.0,298.0,Fail,10666.666666666668,1066.6666666666667,355555.55555555556
Argon,>=2,90,400.0,0.375,100.0,75.0,56.5,0,0.5,30.0,Plasma,0.0,298.0,298.0,Fail,10666.666666666668,1066.6666666666667,355555.55555555556
Argon,1,90,150.0,0.75,100.0,75.0,56.0,0,0.5,30.0,Plasma,0.0,298.0,298.0,Fail,2000.0,200.0,66666.66666666667
Argon,1,90,150.0,0.375,100.0,75.0,55.5,0,0.5,30.0,Plasma,0.0,298.0,298.0,Fail,4000.0,400.0,133333.33333333334
Argon,1,90,150.0,0.3,100.0,75.0,55.0,0,0.5,30.0,Plasma,0.0,298.0,298.0,Fail,5000.0,500.0,166666.66666666666
Argon,1,90,150.0,0.25,100.0,75.0,54.5,0,0.5,30.0,Plasma,0.0,298.0,298.0,Fail,6000.0,600.0,200000.0
Argon,1,90,150.0,0.2142857142857142,100.0,75.0,54.0,0,0.5,30.0,Plasma,0.0,298.0,298.0,Fail,7000.000000000002,700.0000000000003,233333.33333333346
Argon,1,90,150.0,0.1875,100.0,75.0,53.5,0,0.5,30.0,Plasma,0.0,298.0,298.0,Fail,8000.0,800.0,266666.6666666667
Argon,1,90,150.0,0.15,100.0,75.0,53.0,0,0.5,30.0,Plasma,0.0,298.0,298.0,Fail,10000.0,1000.0,333333.3333333333
Argon,1,90,200.0,0.75,100.0,75.0,52.5,0,0.5,30.0,Plasma,0.0,298.0,298.0,Fail,2666.666666666667,266.6666666666667,88888.88888888889
Argon,1,90,200.0,0.375,100.0,75.0,52.0,0,0.5,30.0,Plasma,0.0,298.0,298.0,Fail,5333.333333333334,533.3333333333334,177777.77777777778
Argon,1,90,200.0,0.3,100.0,75.0,51.5,0,0.5,30.0,Plasma,0.0,298.0,298.0,Fail,6666.666666666667,666.6666666666667,222222.22222222222
Argon,1,90,200.0,0.25,100.0,75.0,51.0,0,0.5,30.0,Plasma,0.0,298.0,298.0,Fail,8000.0,800.0,266666.6666666667
Argon,1,90,200.0,0.2142857142857142,100.0,75.0,50.5,0,0.5,30.0,Plasma,0.0,298.0,298.0,Fail,9333.333333333336,933.3333333333337,311111.1111111113
Argon,1,90,200.0,0.1875,100.0,75.0,50.0,0,0.5,30.0,Plasma,0.0,298.0,298.0,Fail,10666.666666666668,1066.6666666666667,355555.55555555556
Argon,1,90,200.0,0.15,100.0,75.0,49.5,0,0.5,30.0,Plasma,0.0,298.0,298.0,Fail,13333.333333333334,1333.3333333333335,444444.44444444444
Argon,1,90,250.0,0.75,100.0,75.0,49.0,0,0.5,30.0,Plasma,0.0,298.0,298.0,Fail,3333.3333333333335,333.3333333333333,111111.11111111112
Argon,1,90,250.0,0.375,100.0,75.0,48.5,0,0.5,30.0,Plasma,0.0,298.0,298.0,Fail,6666.666666666667,666.6666666666666,222222.22222222225
Argon,1,90,250.0,0.3,100.0,75.0,48.0,0,0.5,30.0,Plasma,0.0,298.0,298.0,Fail,8333.333333333334,833.3333333333334,277777.7777777778
Argon,1,90,250.0,0.25,100.0,75.0,47.5,0,0.5,30.0,Plasma,0.0,298.0,298.0,Fail,10000.0,1000.0,333333.3333333333
Argon,1,90,250.0,0.2142857142857142,100.0,75.0,47.0,0,0.5,30.0,Plasma,0.0,298.0,298.0,Fail,11666.66666666667,1166.6666666666672,388888.8888888891
Argon,1,90,250.0,0.1875,100.0,75.0,46.5,0,0.5,30.0,Plasma,0.0,298.0,298.0,Fail,13333.333333333334,1333.3333333333333,444444.4444444445
Argon,1,90,250.0,0.15,100.0,75.0,46.0,0,0.5,30.0,Plasma,0.0,298.0,298.0,Fail,16666.666666666668,1666.6666666666667,555555.5555555556
Argon,1,90,300.0,0.75,100.0,75.0,45.5,0,0.5,30.0,Plasma,0.0,298.0,298.0,Fail,4000.0,400.0,133333.33333333334
Argon,1,90,300.0,0.375,100.0,75.0,45.0,0,0.5,30.0,Plasma,0.0,298.0,298.0,Fail,8000.0,800.0,266666.6666666667
Argon,1,90,300.0,0.3,100.0,75.0,44.5,0,0.5,30.0,Plasma,0.0,298.0,298.0,Fail,10000.0,1000.0,333333.3333333333
Argon,1,90,300.0,0.25,100.0,75.0,44.0,0,0.5,30.0,Plasma,0.0,298.0,298.0,Fail,12000.0,1200.0,400000.0
Argon,1,90,300.0,0.2142857142857142,100.0,75.0,43.5,0,0.5,30.0,Plasma,0.0,298.0,298.0,Fail,14000.000000000004,1400.0000000000007,466666.6666666669
Argon,1,90,300.0,0.1875,100.0,75.0,43.0,0,0.5,30.0,Plasma,0.0,298.0,298.0,Fail,16000.0,1600.0,533333.3333333334
Argon,1,90,300.0,0.15,100.0,75.0,42.5,0,0.5,30.0,Plasma,0.0,298.0,298.0,Fail,20000.0,2000.0,666666.6666666666
Argon,1,90,350.0,0.75,100.0,75.0,42.0,0,0.5,30.0,Plasma,0.0,298.0,298.0,Fail,4666.666666666667,466.6666666666667,155555.55555555556
Argon,1,90,350.0,0.375,100.0,75.0,41.5,0,0.5,30.0,Plasma,0.0,298.0,298.0,Fail,9333.333333333334,933.3333333333334,311111.1111111111
Argon,1,90,350.0,0.3,100.0,75.0,41.0,0,0.5,30.0,Plasma,0.0,298.0,298.0,Fail,11666.666666666668,1166.6666666666667,388888.8888888889
Argon,1,90,350.0,0.25,100.0,75.0,40.5,0,0.5,30.0,Plasma,0.0,298.0,298.0,Fail,14000.0,1400.0,466666.6666666666
Argon,1,90,350.0,0.2142857142857142,100.0,75.0,40.0,0,0.5,30.0,Plasma,0.0,298.0,298.0,Fail,16333.333333333338,1633.3333333333342,544444.4444444447
Argon,1,90,350.0,0.1875,100.0,75.0,39.5,0,0.5,30.0,Plasma,0.0,298.0,298.0,Fail,18666.666666666668,1866.6666666666667,622222.2222222222
Argon,1,90,350.0,0.15,100.0,75.0,39.0,0,0.5,30.0,Plasma,0.0,298.0,298.0,Fail,23333.333333333336,2333.3333333333335,777777.7777777778
Argon,1,90,400.0,0.75,100.0,75.0,38.5,0,0.5,30.0,Plasma,0.0,298.0,298.0,Fail,5333.333333333334,533.3333333333334,177777.77777777778
Argon,1,90,400.0,0.375,100.0,75.0,38.0,0,0.5,30.0,Plasma,0.0,298.0,298.0,Fail,10666.666666666668,1066.6666666666667,355555.55555555556
Argon,1,90,400.0,0.3,100.0,75.0,37.5,0,0.5,30.0,Plasma,0.0,298.0,298.0,Fail,13333.333333333334,1333.3333333333335,444444.44444444444
Argon,1,90,400.0,0.25,100.0,75.0,37.0,0,0.5,30.0,Plasma,0.0,298.0,298.0,Fail,16000.0,1600.0,533333.3333333334
Argon,1,90,400.0,0.2142857142857142,100.0,75.0,36.5,0,0.5,30.0,Plasma,0.0,298.0,298.0,Fail,18666.66666666667,1866.6666666666674,622222.2222222226
Argon,1,90,400.0,0.1875,100.0,75.0,36.0,0,0.5,30.0,Plasma,0.0,298.0,298.0,Fail,21333.333333333336,2133.3333333333335,711111.1111111111
Argon,1,90,400.0,0.15,100.0,75.0,35.5,0,0.5,30.0,Plasma,0.0,298.0,298.0,Fail,26666.666666666668,2666.666666666667,888888.8888888889
Argon,1,90,400.0,0.7,75.0,75.0,35.0,0,0.5,30.0,Plasma,0.0,298.0,298.0,Fail,7619.047619047619,571.4285714285714,253968.25396825396
Argon,1,90,400.0,0.9,75.0,75.0,34.5,0,0.5,30.0,Plasma,0.0,298.0,298.0,Fail,5925.925925925925,444.44444444444446,197530.86419753087
Argon,1,90,400.0,1.1,75.0,75.0,34.0,0,0.5,30.0,Plasma,0.0,298.0,298.0,Fail,4848.484848484848,363.6363636363636,161616.16161616164
Argon,1,90,400.0,1.3,75.0,75.0,33.5,0,0.5,30.0,Plasma,0.0,298.0,298.0,Fail,4102.5641025641025,307.6923076923077,136752.13675213675
Argon,1,90,400.0,1.5,75.0,75.0,33.0,0,0.5,30.0,Plasma,0.0,298.0,298.0,Fail,3555.5555555555557,266.6666666666667,118518.51851851853
Argon,1,90,400.0,0.7,100.0,75.0,32.5,0,0.5,30.0,Plasma,0.0,298.0,298.0,Fail,5714.285714285714,571.4285714285714,190476.19047619047
Argon,1,90,400.0,0.9,100.0,75.0,32.0,0,0.5,30.0,Plasma,0.0,298.0,298.0,Fail,4444.444444444444,444.44444444444446,148148.14814814818
Argon,1,90,400.0,1.1,100.0,75.0,31.5,0,0.5,30.0,Plasma,0.0,298.0,298.0,Fail,3636.363636363636,363.6363636363636,121212.1212121212
Argon,1,90,400.0,1.3,100.0,75.0,31.0,0,0.5,30.0,Plasma,0.0,298.0,298.0,Fail,3076.9230769230767,307.6923076923077,102564.10256410256
Argon,1,90,400.0,1.5,100.0,75.0,30.5,0,0.5,30.0,Plasma,0.0,298.0,298.0,Fail,2666.666666666667,266.6666666666667,88888.88888888889
Argon,1,90,400.0,0.7,125.0,75.0,30.0,0,0.5,30.0,Plasma,0.0,298.0,298.0,Fail,4571.428571428571,571.4285714285714,152380.9523809524
Argon,1,90,400.0,0.9,125.0,75.0,29.5,0,0.5,30.0,Plasma,0.0,298.0,298.0,Fail,3555.5555555555557,444.44444444444446,118518.51851851853
Argon,1,90,400.0,1.1,125.0,75.0,29.0,0,0.5,30.0,Plasma,0.0,298.0,298.0,Fail,2909.090909090909,363.6363636363636,96969.69696969696
Argon,1,90,400.0,1.3,125.0,75.0,28.5,0,0.5,30.0,Plasma,0.0,298.0,298.0,Fail,2461.5384615384614,307.6923076923077,82051.28205128205
Argon,1,90,400.0,1.5,125.0,75.0,28.0,0,0.5,30.0,Plasma,0.0,298.0,298.0,Fail,2133.3333333333335,266.6666666666667,71111.11111111111
Argon,1,90,400.0,0.7,150.0,75.0,27.5,0,0.5,30.0,Plasma,0.0,298.0,298.0,Fail,3809.5238095238096,571.4285714285714,126984.12698412698
Argon,1,90,400.0,0.9,150.0,75.0,27.0,0,0.5,30.0,Plasma,0.0,298.0,298.0,Fail,2962.9629629629626,444.44444444444446,98765.43209876544
Argon,1,90,400.0,1.1,150.0,75.0,26.5,0,0.5,30.0,Plasma,0.0,298.0,298.0,Fail,2424.242424242424,363.6363636363636,80808.08080808082
Argon,1,90,400.0,1.3,150.0,75.0,26.0,0,0.5,30.0,Plasma,0.0,298.0,298.0,Fail,2051.2820512820513,307.6923076923077,68376.06837606838
Argon,1,90,400.0,1.5,150.0,75.0,25.5,0,0.5,30.0,Plasma,0.0,298.0,298.0,Fail,1777.7777777777778,266.6666666666667,59259.25925925926
Argon,1,90,400.0,0.4,70.0,130.0,25.0,0,1,30.0,Gas,0.0,298.0,398.0,Fail,14285.714285714286,1000.0,476190.4761904762
Argon,1,90,400.0,0.5,70.0,130.0,25.0,0,1,30.0,Gas,0.0,298.0,398.0,Fail,11428.571428571428,800.0,380952.38095238095
Argon,1,90,400.0,0.6,70.0,130.0,25.0,0,1,30.0,Gas,0.0,298.0,398.0,Fail,9523.809523809523,666.6666666666667,317460.3174603175
Argon,1,90,450.0,0.4,70.0,130.0,25.0,0,1,30.0,Gas,0.0,298.0,398.0,Fail,16071.42857142857,1125.0,535714.2857142858
Argon,1,90,450.0,0.5,70.0,130.0,25.0,0,1,30.0,Gas,0.0,298.0,398.0,Fail,12857.142857142855,900.0,428571.4285714286
Argon,1,90,450.0,0.6,70.0,130.0,25.0,0,1,30.0,Gas,0.0,298.0,398.0,Fail,10714.285714285714,750.0,357142.8571428572
Nitrogen,1,90,400.0,0.4,70.0,130.0,25.0,0,1,30.0,Gas,0.0,298.0,398.0,Fail,14285.714285714286,1000.0,476190.4761904762
Nitrogen,1,90,400.0,0.5,70.0,130.0,25.0,0,1,30.0,Gas,0.0,298.0,398.0,Fail,11428.571428571428,800.0,380952.38095238095
Nitrogen,1,90,400.0,0.6,70.0,130.0,25.0,0,1,30.0,Gas,0.0,298.0,398.0,Fail,9523.809523809523,666.6666666666667,317460.3174603175
Nitrogen,1,90,450.0,0.4,70.0,130.0,25.0,0,1,30.0,Gas,0.0,298.0,398.0,Fail,16071.42857142857,1125.0,535714.2857142858
Nitrogen,1,90,450.0,0.5,70.0,130.0,25.0,0,1,30.0,Gas,0.0,298.0,398.0,Fail,12857.142857142855,900.0,428571.4285714286
Nitrogen,1,90,450.0,0.6,70.0,130.0,25.0,0,1,30.0,Gas,0.0,298.0,398.0,Fail,10714.285714285714,750.0,357142.8571428572
Argon,1,90,90.0,0.2,30.0,80.0,27.066666666666666,0,1,30.0,Gas,0.0,298.0,298.0,Fail,15000.0,450.0,500000.00000000006
Argon,1,90,90.0,0.4,30.0,80.0,29.133333333333333,0,1,30.0,Gas,0.0,298.0,298.0,Fail,7500.0,225.0,250000.00000000003
Argon,1,90,90.0,0.6,30.0,80.0,31.200000000000003,0,1,30.0,Gas,0.0,298.0,298.0,Fail,4999.999999999999,150.0,166666.66666666666
Argon,1,90,90.0,0.8,30.0,80.0,33.266666666666666,0,1,30.0,Gas,0.0,298.0,298.0,Fail,3750.0,112.5,125000.00000000001
Argon,1,90,90.0,1.0,30.0,80.0,35.333333333333336,0,1,30.0,Gas,0.0,298.0,298.0,Fail,3000.0,90.0,100000.0
Argon,1,90,90.0,1.2,30.0,80.0,37.400000000000006,0,1,30.0,Gas,0.0,298.0,298.0,Fail,2499.9999999999995,75.0,83333.33333333333
Argon,1,90,90.0,1.4,30.0,80.0,39.46666666666667,0,1,30.0,Gas,0.0,298.0,298.0,Fail,2142.8571428571427,64.28571428571429,71428.57142857143
Argon,1,90,90.0,0.2,15.0,80.0,41.53333333333333,0,1,30.0,Gas,0.0,298.0,298.0,Fail,30000.0,450.0,1000000.0000000001
Argon,1,90,90.0,0.4,15.0,80.0,43.6,0,1,30.0,Gas,0.0,298.0,298.0,Fail,15000.0,225.0,500000.00000000006
Argon,1,90,90.0,0.6,15.0,80.0,45.66666666666667,0,1,30.0,Gas,0.0,298.0,298.0,Fail,9999.999999999998,150.0,333333.3333333333
Argon,1,90,90.0,0.8,15.0,80.0,47.733333333333334,0,1,30.0,Gas,0.0,298.0,298.0,Fail,7500.0,112.5,250000.00000000003
Argon,1,90,90.0,1.0,15.0,80.0,49.800000000000004,0,1,30.0,Gas,0.0,298.0,298.0,Fail,6000.0,90.0,200000.0
Argon,1,90,90.0,1.2,15.0,80.0,51.866666666666674,0,1,30.0,Gas,0.0,298.0,298.0,Fail,4999.999999999999,75.0,166666.66666666666
Argon,1,90,90.0,1.4,15.0,80.0,53.93333333333334,0,1,30.0,Gas,0.0,298.0,298.0,Fail,4285.714285714285,64.28571428571429,142857.14285714287
Argon,1,90,250.0,0.4,70.0,80.0,56.0,0,1,30.0,Gas,0.0,298.0,298.0,Fail,8928.571428571428,625.0,297619.04761904763
Argon,1,90,200.0,0.4,90.0,80.0,56.0,0,1,30.0,Gas,0.0,298.0,298.0,Fail,5555.555555555555,500.0,185185.1851851852
Argon,1,90,300.0,0.4,90.0,80.0,56.0,0,1,30.0,Gas,0.0,298.0,298.0,Fail,8333.333333333332,750.0,277777.77777777775
Argon,1,90,250.0,0.3,70.0,80.0,56.0,0,1,30.0,Gas,0.0,298.0,298.0,Fail,11904.761904761905,833.3333333333334,396825.39682539686
Argon,1,90,200.0,0.3,70.0,80.0,56.0,0,1,30.0,Gas,0.0,298.0,298.0,Fail,9523.809523809523,666.6666666666667,317460.3174603175
Argon,1,90,300.0,0.2,90.0,80.0,56.0,0,1,30.0,Gas,0.0,298.0,298.0,Fail,16666.666666666664,1500.0,555555.5555555555
Argon,1,90,200.0,0.4,50.0,80.0,56.0,0,1,30.0,Gas,0.0,298.0,298.0,Fail,10000.0,500.0,333333.3333333334
Argon,1,90,300.0,0.3,70.0,80.0,56.0,0,1,30.0,Gas,0.0,298.0,298.0,Fail,14285.714285714284,1000.0,476190.47619047627
Argon,1,90,300.0,0.3,50.0,80.0,56.0,0,1,30.0,Gas,0.0,298.0,298.0,Fail,20000.0,1000.0,666666.6666666666
Argon,1,90,250.0,0.3,50.0,80.0,56.0,0,1,30.0,Gas,0.0,298.0,298.0,Fail,16666.666666666668,833.3333333333334,555555.5555555556
Argon,1,90,300.0,0.4,50.0,80.0,56.0,0,1,30.0,Gas,0.0,298.0,298.0,Fail,15000.0,750.0,500000.00000000006
Argon,1,90,200.0,0.2,90.0,80.0,56.0,0,1,30.0,Gas,0.0,298.0,298.0,Fail,11111.11111111111,1000.0,370370.3703703704
Argon,1,90,200.0,0.2,50.0,80.0,56.0,0,1,30.0,Gas,0.0,298.0,298.0,Fail,20000.0,1000.0,666666.6666666667
Argon,1,90,250.0,0.2,70.0,80.0,56.0,0,1,30.0,Gas,0.0,298.0,298.0,Fail,17857.142857142855,1250.0,595238.0952380953
Argon,1,90,250.0,0.3,90.0,80.0,56.0,0,1,30.0,Gas,0.0,298.0,298.0,Fail,9259.25925925926,833.3333333333334,308641.97530864197
Argon,1,90,250.0,0.4,70.0,80.0,38.0,0,1,30.0,Gas,0.0,298.0,298.0,Fail,8928.571428571428,625.0,297619.04761904763
Argon,1,90,200.0,0.4,90.0,80.0,38.0,0,1,30.0,Gas,0.0,298.0,298.0,Fail,5555.555555555555,500.0,185185.1851851852
Argon,1,90,300.0,0.4,90.0,80.0,38.0,0,1,30.0,Gas,0.0,298.0,298.0,Fail,8333.333333333332,750.0,277777.77777777775
Argon,1,90,250.0,0.3,70.0,80.0,38.0,0,1,30.0,Gas,0.0,298.0,298.0,Fail,11904.761904761905,833.3333333333334,396825.39682539686
Argon,1,90,200.0,0.3,70.0,80.0,38.0,0,1,30.0,Gas,0.0,298.0,298.0,Fail,9523.809523809523,666.6666666666667,317460.3174603175
Argon,1,90,300.0,0.2,90.0,80.0,38.0,0,1,30.0,Gas,0.0,298.0,298.0,Fail,16666.666666666664,1500.0,555555.5555555555
Argon,1,90,200.0,0.4,50.0,80.0,38.0,0,1,30.0,Gas,0.0,298.0,298.0,Fail,10000.0,500.0,333333.3333333334
Argon,1,90,300.0,0.3,70.0,80.0,38.0,0,1,30.0,Gas,0.0,298.0,298.0,Fail,14285.714285714284,1000.0,476190.47619047627
Argon,1,90,300.0,0.3,50.0,80.0,38.0,0,1,30.0,Gas,0.0,298.0,298.0,Fail,20000.0,1000.0,666666.6666666666
Argon,1,90,250.0,0.3,50.0,80.0,38.0,0,1,30.0,Gas,0.0,298.0,298.0,Fail,16666.666666666668,833.3333333333334,555555.5555555556
Argon,1,90,300.0,0.4,50.0,80.0,38.0,0,1,30.0,Gas,0.0,298.0,298.0,Fail,15000.0,750.0,500000.00000000006
Argon,1,90,200.0,0.2,90.0,80.0,38.0,0,1,30.0,Gas,0.0,298.0,298.0,Fail,11111.11111111111,1000.0,370370.3703703704
Argon,1,90,200.0,0.2,50.0,80.0,38.0,0,1,30.0,Gas,0.0,298.0,298.0,Fail,20000.0,1000.0,666666.6666666667
Argon,1,90,250.0,0.2,70.0,80.0,38.0,0,1,30.0,Gas,0.0,298.0,298.0,Fail,17857.142857142855,1250.0,595238.0952380953
Argon,1,90,250.0,0.3,90.0,80.0,38.0,0,1,30.0,Gas,0.0,298.0,298.0,Fail,9259.25925925926,833.3333333333334,308641.97530864197
Argon,1,90,100.0,0.2,100.0,40.0,25.0,0,1,20.0,Gas,0.0,298.0,353.0,Fail,5000.0,500.0,250000.00000000003
Argon,1,90,100.0,0.3,100.0,40.0,25.0,0,1,20.0,Gas,0.0,298.0,353.0,Fail,3333.3333333333335,333.33333333333337,166666.6666666667
Argon,1,90,100.0,0.4,100.0,40.0,25.0,0,1,20.0,Gas,0.0,298.0,353.0,Fail,2500.0,250.0,125000.00000000001
Argon,1,90,100.0,0.5,100.0,40.0,25.0,0,1,20.0,Gas,0.0,298.0,353.0,Fail,2000.0,200.0,100000.0
Argon,1,90,100.0,0.7,100.0,40.0,25.0,0,1,20.0,Gas,0.0,298.0,353.0,Fail,1428.5714285714284,142.85714285714286,71428.57142857143
Argon,1,90,100.0,0.8,100.0,40.0,25.0,0,1,20.0,Gas,0.0,298.0,353.0,Fail,1250.0,125.0,62500.00000000001
Argon,1,90,100.0,0.9,100.0,40.0,25.0,0,1,20.0,Gas,0.0,298.0,353.0,Fail,1111.111111111111,111.11111111111111,55555.555555555555
Argon,1,90,100.0,1.0,100.0,40.0,25.0,0,1,20.0,Gas,0.0,298.0,353.0,Fail,1000.0,100.0,50000.0
Argon,1,90,125.0,0.2,100.0,40.0,25.0,0,1,20.0,Gas,0.0,298.0,353.0,Fail,6250.0,625.0,312500.0
Argon,1,90,125.0,0.3,100.0,40.0,25.0,0,1,20.0,Gas,0.0,298.0,353.0,Fail,4166.666666666667,416.6666666666667,208333.33333333334
Argon,1,90,125.0,0.4,100.0,40.0,25.0,0,1,20.0,Gas,0.0,298.0,353.0,Fail,3125.0,312.5,156250.0
Argon,1,90,125.0,0.5,100.0,40.0,25.0,0,1,20.0,Gas,0.0,298.0,353.0,Fail,2500.0,250.0,125000.0
Argon,1,90,125.0,0.7,100.0,40.0,25.0,0,1,20.0,Gas,0.0,298.0,353.0,Fail,1785.7142857142856,178.57142857142858,89285.71428571429
Argon,1,90,125.0,0.8,100.0,40.0,25.0,0,1,20.0,Gas,0.0,298.0,353.0,Fail,1562.5,156.25,78125.0
Argon,1,90,125.0,0.9,100.0,40.0,25.0,0,1,20.0,Gas,0.0,298.0,353.0,Fail,1388.888888888889,138.88888888888889,69444.44444444445
Argon,1,90,125.0,1.0,100.0,40.0,25.0,0,1,20.0,Gas,0.0,298.0,353.0,Fail,1250.0,125.0,62500.0
Argon,1,90,150.0,0.2,100.0,40.0,25.0,0,1,20.0,Gas,0.0,298.0,353.0,Fail,7500.0,750.0,375000.00000000006
Argon,1,90,150.0,0.3,100.0,40.0,25.0,0,1,20.0,Gas,0.0,298.0,353.0,Fail,5000.0,500.0,250000.00000000003
Argon,1,90,150.0,0.4,100.0,40.0,25.0,0,1,20.0,Gas,0.0,298.0,353.0,Fail,3750.0,375.0,187500.00000000003
Argon,1,90,150.0,0.5,100.0,40.0,25.0,0,1,20.0,Gas,0.0,298.0,353.0,Fail,3000.0,300.0,150000.0
Argon,1,90,150.0,0.7,100.0,40.0,25.0,0,1,20.0,Gas,0.0,298.0,353.0,Fail,2142.8571428571427,214.2857142857143,107142.85714285714
Argon,1,90,150.0,0.8,100.0,40.0,25.0,0,1,20.0,Gas,0.0,298.0,353.0,Fail,1875.0,187.5,93750.00000000001
Argon,1,90,150.0,0.9,100.0,40.0,25.0,0,1,20.0,Gas,0.0,298.0,353.0,Fail,1666.6666666666667,166.66666666666666,83333.33333333333
Argon,1,90,150.0,1.0,100.0,40.0,25.0,0,1,20.0,Gas,0.0,298.0,353.0,Fail,1500.0,150.0,75000.0
Argon,1,90,170.0,0.2,100.0,40.0,25.0,0,1,20.0,Gas,0.0,298.0,353.0,Fail,8500.0,850.0,425000.00000000006
Argon,1,90,170.0,0.3,100.0,40.0,25.0,0,1,20.0,Gas,0.0,298.0,353.0,Fail,5666.666666666667,566.6666666666667,283333.3333333334
Argon,1,90,170.0,0.4,100.0,40.0,25.0,0,1,20.0,Gas,0.0,298.0,353.0,Fail,4250.0,425.0,212500.00000000003
Argon,1,90,170.0,0.5,100.0,40.0,25.0,0,1,20.0,Gas,0.0,298.0,353.0,Fail,3400.0,340.0,170000.0
Argon,1,90,170.0,0.7,100.0,40.0,25.0,0,1,20.0,Gas,0.0,298.0,353.0,Fail,2428.5714285714284,242.85714285714286,121428.57142857143
Argon,1,90,170.0,0.8,100.0,40.0,25.0,0,1,20.0,Gas,0.0,298.0,353.0,Fail,2125.0,212.5,106250.00000000001
Argon,1,90,170.0,0.9,100.0,40.0,25.0,0,1,20.0,Gas,0.0,298.0,353.0,Fail,1888.888888888889,188.88888888888889,94444.44444444445
Argon,1,90,170.0,1.0,100.0,40.0,25.0,0,1,20.0,Gas,0.0,298.0,353.0,Fail,1700.0,170.0,85000.0
Argon,1,90,170.0,0.4,40.0,40.0,25.0,0,1,20.0,Gas,0.0,298.0,353.0,Fail,10625.0,425.0,531250.0
Argon,1,90,170.0,0.5,40.0,40.0,25.0,0,1,20.0,Gas,0.0,298.0,353.0,Fail,8500.0,340.0,425000.00000000006
Argon,1,90,170.0,0.6,40.0,40.0,25.0,0,1,20.0,Gas,0.0,298.0,353.0,Fail,7083.333333333333,283.33333333333337,354166.6666666667
Argon,1,90,170.0,0.8,40.0,40.0,25.0,0,1,20.0,Gas,0.0,298.0,353.0,Fail,5312.5,212.5,265625.0
Argon,1,90,170.0,0.4,50.0,40.0,25.0,0,1,20.0,Gas,0.0,298.0,353.0,Fail,8500.0,425.0,425000.00000000006
Argon,1,90,170.0,0.5,50.0,40.0,25.0,0,1,20.0,Gas,0.0,298.0,353.0,Fail,6800.0,340.0,340000.0
Argon,1,90,170.0,0.6,50.0,40.0,25.0,0,1,20.0,Gas,0.0,298.0,353.0,Fail,5666.666666666667,283.33333333333337,283333.3333333334
Argon,1,90,170.0,0.8,50.0,40.0,25.0,0,1,20.0,Gas,0.0,298.0,353.0,Fail,4250.0,212.5,212500.00000000003
Argon,1,90,170.0,0.4,60.0,40.0,25.0,0,1,20.0,Gas,0.0,298.0,353.0,Fail,7083.333333333333,425.0,354166.6666666667
Argon,1,90,170.0,0.5,60.0,40.0,25.0,0,1,20.0,Gas,0.0,298.0,353.0,Fail,5666.666666666667,340.0,283333.3333333334
Argon,1,90,170.0,0.6,60.0,40.0,25.0,0,1,20.0,Gas,0.0,298.0,353.0,Fail,4722.222222222222,283.33333333333337,236111.11111111112
Argon,1,90,170.0,0.8,60.0,40.0,25.0,0,1,20.0,Gas,0.0,298.0,353.0,Fail,3541.6666666666665,212.5,177083.33333333334
Argon,1,90,170.0,0.4,70.0,40.0,25.0,0,1,20.0,Gas,0.0,298.0,353.0,Fail,6071.428571428572,425.0,303571.4285714286
Argon,1,90,170.0,0.5,70.0,40.0,25.0,0,1,20.0,Gas,0.0,298.0,353.0,Fail,4857.142857142857,340.0,242857.14285714287
Argon,1,90,170.0,0.6,70.0,40.0,25.0,0,1,20.0,Gas,0.0,298.0,353.0,Fail,4047.6190476190473,283.33333333333337,202380.9523809524
Argon,1,90,170.0,0.8,70.0,40.0,25.0,0,1,20.0,Gas,0.0,298.0,353.0,Fail,3035.714285714286,212.5,151785.7142857143
Argon,1,90,250.0,0.3,50.0,100.0,45.6,0,0.1,20.0,Gas,0.0,298.0,308.15,Fail,16666.666666666668,833.3333333333334,833333.3333333334
Argon,1,90,250.0,0.5,50.0,100.0,45.6,0,0.1,20.0,Gas,0.0,298.0,308.15,Fail,10000.0,500.0,500000.0
Argon,1,90,250.0,0.7,50.0,100.0,45.6,0,0.1,20.0,Gas,0.0,298.0,308.15,Fail,7142.857142857142,357.14285714285717,357142.85714285716
Argon,1,90,250.0,0.9,50.0,100.0,45.6,0,0.1,20.0,Gas,0.0,298.0,308.15,Fail,5555.555555555556,277.77777777777777,277777.7777777778
Argon,1,90,250.0,0.3,70.0,100.0,45.6,0,0.1,20.0,Gas,0.0,298.0,308.15,Fail,11904.761904761905,833.3333333333334,595238.0952380953
Argon,1,90,250.0,0.5,70.0,100.0,45.6,0,0.1,20.0,Gas,0.0,298.0,308.15,Fail,7142.857142857142,500.0,357142.85714285716
Argon,1,90,250.0,0.7,70.0,100.0,45.6,0,0.1,20.0,Gas,0.0,298.0,308.15,Fail,5102.04081632653,357.14285714285717,255102.04081632654
Argon,1,90,250.0,0.9,70.0,100.0,45.6,0,0.1,20.0,Gas,0.0,298.0,308.15,Fail,3968.253968253968,277.77777777777777,198412.69841269843
Argon,1,90,250.0,0.3,90.0,100.0,45.6,0,0.1,20.0,Gas,0.0,298.0,308.15,Fail,9259.25925925926,833.3333333333334,462962.962962963
Argon,1,90,250.0,0.5,90.0,100.0,45.6,0,0.1,20.0,Gas,0.0,298.0,308.15,Fail,5555.555555555556,500.0,277777.7777777778
Argon,1,90,250.0,0.7,90.0,100.0,45.6,0,0.1,20.0,Gas,0.0,298.0,308.15,Fail,3968.253968253968,357.14285714285717,198412.69841269846
Argon,1,90,250.0,0.9,90.0,100.0,45.6,0,0.1,20.0,Gas,0.0,298.0,308.15,Fail,3086.41975308642,277.77777777777777,154320.98765432098
Argon,1,90,250.0,0.3,110.0,100.0,45.6,0,0.1,20.0,Gas,0.0,298.0,308.15,Fail,7575.757575757575,833.3333333333334,378787.8787878788
Argon,1,90,250.0,0.5,110.0,100.0,45.6,0,0.1,20.0,Gas,0.0,298.0,308.15,Fail,4545.454545454545,500.0,227272.7272727273
Argon,1,90,250.0,0.7,110.0,100.0,45.6,0,0.1,20.0,Gas,0.0,298.0,308.15,Fail,3246.753246753247,357.14285714285717,162337.66233766233
Argon,1,90,250.0,0.9,110.0,100.0,45.6,0,0.1,20.0,Gas,0.0,298.0,308.15,Fail,2525.252525252525,277.77777777777777,126262.62626262626
Argon,1,90,250.0,0.3,130.0,100.0,45.6,0,0.1,20.0,Gas,0.0,298.0,308.15,Fail,6410.25641025641,833.3333333333334,320512.8205128205
Argon,1,90,250.0,0.5,130.0,100.0,45.6,0,0.1,20.0,Gas,0.0,298.0,308.15,Fail,3846.153846153846,500.0,192307.6923076923
Argon,1,90,250.0,0.7,130.0,100.0,45.6,0,0.1,20.0,Gas,0.0,298.0,308.15,Fail,2747.252747252747,357.14285714285717,137362.63736263735
Argon,1,90,250.0,0.9,130.0,100.0,45.6,0,0.1,20.0,Gas,0.0,298.0,308.15,Fail,2136.7521367521367,277.77777777777777,106837.60683760683
Argon,1,90,300.0,0.3,50.0,100.0,45.6,0,0.1,20.0,Gas,0.0,298.0,308.15,Fail,20000.0,1000.0,1000000.0000000001
Argon,1,90,300.0,0.5,50.0,100.0,45.6,0,0.1,20.0,Gas,0.0,298.0,308.15,Fail,12000.0,600.0,600000.0
Argon,1,90,300.0,0.7,50.0,100.0,45.6,0,0.1,20.0,Gas,0.0,298.0,308.15,Fail,8571.42857142857,428.5714285714286,428571.4285714286
Argon,1,90,300.0,0.9,50.0,100.0,45.6,0,0.1,20.0,Gas,0.0,298.0,308.15,Fail,6666.666666666667,333.3333333333333,333333.3333333333
Argon,1,90,300.0,0.3,70.0,100.0,45.6,0,0.1,20.0,Gas,0.0,298.0,308.15,Fail,14285.714285714284,1000.0,714285.7142857143
Argon,1,90,300.0,0.5,70.0,100.0,45.6,0,0.1,20.0,Gas,0.0,298.0,308.15,Fail,8571.42857142857,600.0,428571.4285714286
Argon,1,90,300.0,0.7,70.0,100.0,45.6,0,0.1,20.0,Gas,0.0,298.0,308.15,Fail,6122.448979591836,428.5714285714286,306122.44897959183
Argon,1,90,300.0,0.9,70.0,100.0,45.6,0,0.1,20.0,Gas,0.0,298.0,308.15,Fail,4761.9047619047615,333.3333333333333,238095.23809523814
Argon,1,90,300.0,0.3,90.0,100.0,45.6,0,0.1,20.0,Gas,0.0,298.0,308.15,Fail,11111.111111111111,1000.0,555555.5555555555
Argon,1,90,300.0,0.5,90.0,100.0,45.6,0,0.1,20.0,Gas,0.0,298.0,308.15,Fail,6666.666666666667,600.0,333333.3333333333
Argon,1,90,300.0,0.7,90.0,100.0,45.6,0,0.1,20.0,Gas,0.0,298.0,308.15,Fail,4761.9047619047615,428.5714285714286,238095.23809523816
Argon,1,90,300.0,0.9,90.0,100.0,45.6,0,0.1,20.0,Gas,0.0,298.0,308.15,Fail,3703.7037037037035,333.3333333333333,185185.1851851852
Argon,1,90,300.0,0.3,110.0,100.0,45.6,0,0.1,20.0,Gas,0.0,298.0,308.15,Fail,9090.90909090909,1000.0,454545.45454545453
Argon,1,90,300.0,0.5,110.0,100.0,45.6,0,0.1,20.0,Gas,0.0,298.0,308.15,Fail,5454.545454545455,600.0,272727.27272727276
Argon,1,90,300.0,0.7,110.0,100.0,45.6,0,0.1,20.0,Gas,0.0,298.0,308.15,Fail,3896.103896103896,428.5714285714286,194805.19480519483
Argon,1,90,300.0,0.9,110.0,100.0,45.6,0,0.1,20.0,Gas,0.0,298.0,308.15,Fail,3030.30303030303,333.3333333333333,151515.15151515152
Argon,1,90,300.0,0.3,130.0,100.0,45.6,0,0.1,20.0,Gas,0.0,298.0,308.15,Fail,7692.307692307692,1000.0,384615.3846153846
Argon,1,90,300.0,0.5,130.0,100.0,45.6,0,0.1,20.0,Gas,0.0,298.0,308.15,Fail,4615.384615384615,600.0,230769.23076923078
Argon,1,90,300.0,0.7,130.0,100.0,45.6,0,0.1,20.0,Gas,0.0,298.0,308.15,Fail,3296.703296703297,428.5714285714286,164835.16483516485
Argon,1,90,300.0,0.9,130.0,100.0,45.6,0,0.1,20.0,Gas,0.0,298.0,308.15,Fail,2564.102564102564,333.3333333333333,128205.1282051282
Argon,1,90,370.0,0.3,50.0,100.0,45.6,0,0.1,20.0,Gas,0.0,298.0,308.15,Fail,24666.666666666668,1233.3333333333335,1233333.3333333335
Argon,1,90,370.0,0.5,50.0,100.0,45.6,0,0.1,20.0,Gas,0.0,298.0,308.15,Fail,14800.0,740.0,740000.0
Argon,1,90,370.0,0.7,50.0,100.0,45.6,0,0.1,20.0,Gas,0.0,298.0,308.15,Fail,10571.42857142857,528.5714285714286,528571.4285714285
Argon,1,90,370.0,0.9,50.0,100.0,45.6,0,0.1,20.0,Gas,0.0,298.0,308.15,Fail,8222.222222222223,411.1111111111111,411111.1111111111
Argon,1,90,370.0,0.3,70.0,100.0,45.6,0,0.1,20.0,Gas,0.0,298.0,308.15,Fail,17619.04761904762,1233.3333333333335,880952.3809523811
Argon,1,90,370.0,0.5,70.0,100.0,45.6,0,0.1,20.0,Gas,0.0,298.0,308.15,Fail,10571.42857142857,740.0,528571.4285714285
Argon,1,90,370.0,0.7,70.0,100.0,45.6,0,0.1,20.0,Gas,0.0,298.0,308.15,Fail,7551.020408163265,528.5714285714286,377551.02040816325
Argon,1,90,370.0,0.9,70.0,100.0,45.6,0,0.1,20.0,Gas,0.0,298.0,308.15,Fail,5873.015873015873,411.1111111111111,293650.79365079367
Argon,1,90,370.0,0.3,90.0,100.0,45.6,0,0.1,20.0,Gas,0.0,298.0,308.15,Fail,13703.703703703704,1233.3333333333335,685185.1851851852
Argon,1,90,370.0,0.5,90.0,100.0,45.6,0,0.1,20.0,Gas,0.0,298.0,308.15,Fail,8222.222222222223,740.0,411111.1111111111
Argon,1,90,370.0,0.7,90.0,100.0,45.6,0,0.1,20.0,Gas,0.0,298.0,308.15,Fail,5873.015873015873,528.5714285714286,293650.7936507937
Argon,1,90,370.0,0.9,90.0,100.0,45.6,0,0.1,20.0,Gas,0.0,298.0,308.15,Fail,4567.901234567901,411.1111111111111,228395.06172839509
Argon,1,90,370.0,0.3,110.0,100.0,45.6,0,0.1,20.0,Gas,0.0,298.0,308.15,Fail,11212.121212121212,1233.3333333333335,560606.0606060607
Argon,1,90,370.0,0.5,110.0,100.0,45.6,0,0.1,20.0,Gas,0.0,298.0,308.15,Fail,6727.272727272727,740.0,336363.6363636364
Argon,1,90,370.0,0.7,110.0,100.0,45.6,0,0.1,20.0,Gas,0.0,298.0,308.15,Fail,4805.194805194806,528.5714285714286,240259.74025974027
Argon,1,90,370.0,0.9,110.0,100.0,45.6,0,0.1,20.0,Gas,0.0,298.0,308.15,Fail,3737.373737373737,411.1111111111111,186868.68686868687
Argon,1,90,370.0,0.3,130.0,100.0,45.6,0,0.1,20.0,Gas,0.0,298.0,308.15,Fail,9487.179487179486,1233.3333333333335,474358.9743589744
Argon,1,90,370.0,0.5,130.0,100.0,45.6,0,0.1,20.0,Gas,0.0,298.0,308.15,Fail,5692.307692307692,740.0,284615.3846153846
Argon,1,90,370.0,0.7,130.0,100.0,45.6,0,0.1,20.0,Gas,0.0,298.0,308.15,Fail,4065.934065934066,528.5714285714286,203296.7032967033
Argon,1,90,370.0,0.9,130.0,100.0,45.6,0,0.1,20.0,Gas,0.0,298.0,308.15,Fail,3162.393162393162,411.1111111111111,158119.65811965812
Argon,1,90,300.0,0.3,50.0,70.0,25.0,0,1,20.0,Gas,0.0,298.0,298.0,Fail,20000.0,1000.0,1000000.0000000001
Argon,>=2,90,300.0,0.3,50.0,70.0,25.0,0,1,20.0,Gas,0.0,298.0,298.0,Fail,20000.0,1000.0,1000000.0000000001
Argon,1,90,200.0,0.025,50.0,80.0,24.74,0,1,50.0,Gas,0.0,298.0,298.0,Fail,160000.0,8000.0,3200000.0
Argon,1,90,200.0,0.05,50.0,80.0,24.48,0,1,50.0,Gas,0.0,298.0,298.0,Fail,80000.0,4000.0,1600000.0
Argon,1,90,200.0,0.1,50.0,80.0,24.22,0,1,50.0,Gas,0.0,298.0,298.0,Fail,40000.0,2000.0,800000.0
Argon,1,90,200.0,0.3,50.0,80.0,23.96,0,1,50.0,Gas,0.0,298.0,298.0,Fail,13333.333333333334,666.6666666666667,266666.6666666667
Argon,1,90,400.0,0.1,70.0,70.0,45.0,0,0.7,50.0,Gas,0.0,298.0,298.0,Fail,57142.857142857145,4000.0,1142857.142857143
Argon,1,90,400.0,0.15,70.0,70.0,45.0,0,0.7,50.0,Gas,0.0,298.0,298.0,Fail,38095.23809523809,2666.666666666667,761904.7619047619
Argon,1,90,400.0,0.2,70.0,70.0,45.0,0,0.7,50.0,Gas,0.0,298.0,298.0,Fail,28571.428571428572,2000.0,571428.5714285715
Argon,1,90,400.0,0.25,70.0,70.0,45.0,0,0.7,50.0,Gas,0.0,298.0,298.0,Fail,22857.142857142855,1600.0,457142.8571428572
Argon,1,90,400.0,0.3,70.0,70.0,45.0,0,0.7,50.0,Gas,0.0,298.0,298.0,Fail,19047.619047619046,1333.3333333333335,380952.38095238095
Argon,1,90,400.0,0.1,85.0,70.0,45.0,0,0.7,50.0,Gas,0.0,298.0,298.0,Fail,47058.82352941176,4000.0,941176.4705882353
Argon,1,90,400.0,0.15,85.0,70.0,45.0,0,0.7,50.0,Gas,0.0,298.0,298.0,Fail,31372.549019607843,2666.666666666667,627450.9803921569
Argon,1,90,400.0,0.2,85.0,70.0,45.0,0,0.7,50.0,Gas,0.0,298.0,298.0,Fail,23529.41176470588,2000.0,470588.23529411765
Argon,1,90,400.0,0.25,85.0,70.0,45.0,0,0.7,50.0,Gas,0.0,298.0,298.0,Fail,18823.529411764706,1600.0,376470.58823529416
Argon,1,90,400.0,0.3,85.0,70.0,45.0,0,0.7,50.0,Gas,0.0,298.0,298.0,Fail,15686.274509803921,1333.3333333333335,313725.49019607843
Argon,1,90,400.0,0.1,100.0,70.0,45.0,0,0.7,50.0,Gas,0.0,298.0,298.0,Fail,40000.0,4000.0,800000.0
Argon,1,90,400.0,0.15,100.0,70.0,45.0,0,0.7,50.0,Gas,0.0,298.0,298.0,Fail,26666.666666666668,2666.666666666667,533333.3333333334
Argon,1,90,400.0,0.2,100.0,70.0,45.0,0,0.7,50.0,Gas,0.0,298.0,298.0,Fail,20000.0,2000.0,400000.0
Argon,1,90,400.0,0.25,100.0,70.0,45.0,0,0.7,50.0,Gas,0.0,298.0,298.0,Fail,16000.0,1600.0,320000.0
Argon,1,90,400.0,0.3,100.0,70.0,45.0,0,0.7,50.0,Gas,0.0,298.0,298.0,Fail,13333.333333333334,1333.3333333333335,266666.6666666667
Argon,1,90,400.0,0.1,115.0,70.0,45.0,0,0.7,50.0,Gas,0.0,298.0,298.0,Fail,34782.608695652176,4000.0,695652.1739130435
Argon,1,90,400.0,0.15,115.0,70.0,45.0,0,0.7,50.0,Gas,0.0,298.0,298.0,Fail,23188.405797101448,2666.666666666667,463768.115942029
Argon,1,90,400.0,0.2,115.0,70.0,45.0,0,0.7,50.0,Gas,0.0,298.0,298.0,Fail,17391.304347826088,2000.0,347826.0869565217
Argon,1,90,400.0,0.25,115.0,70.0,45.0,0,0.7,50.0,Gas,0.0,298.0,298.0,Fail,13913.043478260868,1600.0,278260.8695652174
Argon,1,90,400.0,0.3,115.0,70.0,45.0,0,0.7,50.0,Gas,0.0,298.0,298.0,Fail,11594.202898550724,1333.3333333333335,231884.0579710145
Argon,1,90,400.0,0.1,130.0,70.0,45.0,0,0.7,50.0,Gas,0.0,298.0,298.0,Fail,30769.230769230766,4000.0,615384.6153846154
Argon,1,90,400.0,0.15,130.0,70.0,45.0,0,0.7,50.0,Gas,0.0,298.0,298.0,Fail,20512.82051282051,2666.666666666667,410256.41025641025
Argon,1,90,400.0,0.2,130.0,70.0,45.0,0,0.7,50.0,Gas,0.0,298.0,298.0,Fail,15384.615384615383,2000.0,307692.3076923077
Argon,1,90,400.0,0.25,130.0,70.0,45.0,0,0.7,50.0,Gas,0.0,298.0,298.0,Fail,12307.692307692307,1600.0,246153.84615384616
Argon,1,90,400.0,0.3,130.0,70.0,45.0,0,0.7,50.0,Gas,0.0,298.0,298.0,Fail,10256.410256410256,1333.3333333333335,205128.20512820513
Argon,1,90,100.0,0.05,100.0,43.0,44.735,0,1,30.0,Gas,0.0,298.0,298.0,Fail,20000.0,2000.0,666666.6666666667
Argon,1,90,100.0,0.055,100.0,43.0,44.47,0,1,30.0,Gas,0.0,298.0,298.0,Fail,18181.818181818184,1818.1818181818182,606060.6060606061
Argon,1,90,100.0,0.065,100.0,43.0,44.205,0,1,30.0,Gas,0.0,298.0,298.0,Fail,15384.615384615383,1538.4615384615383,512820.5128205128
Argon,1,90,100.0,0.08,100.0,43.0,43.94,0,1,30.0,Gas,0.0,298.0,298.0,Fail,12500.0,1250.0,416666.6666666667
Argon,1,90,100.0,0.085,100.0,43.0,43.675,0,1,30.0,Gas,0.0,298.0,298.0,Fail,11764.70588235294,1176.4705882352941,392156.8627450981
Argon,1,90,100.0,0.1,100.0,43.0,43.41,0,1,30.0,Gas,0.0,298.0,298.0,Fail,10000.0,1000.0,333333.3333333334
Argon,1,90,100.0,0.15,100.0,43.0,43.145,0,1,30.0,Gas,0.0,298.0,298.0,Fail,6666.666666666667,666.6666666666667,222222.22222222222
Argon,1,90,100.0,0.125,100.0,43.0,42.88,0,1,30.0,Gas,0.0,298.0,298.0,Fail,8000.0,800.0,266666.6666666667
Argon,1,90,100.0,0.14,100.0,43.0,42.615,0,1,30.0,Gas,0.0,298.0,298.0,Fail,7142.857142857142,714.2857142857142,238095.23809523808
Argon,1,90,100.0,0.145,100.0,43.0,42.35,0,1,30.0,Gas,0.0,298.0,298.0,Fail,6896.551724137931,689.6551724137931,229885.0574712644
Argon,1,90,100.0,0.16,100.0,43.0,42.085,0,1,30.0,Gas,0.0,298.0,298.0,Fail,6250.0,625.0,208333.33333333334
Argon,1,90,100.0,0.165,100.0,43.0,41.82,0,1,30.0,Gas,0.0,298.0,298.0,Fail,6060.60606060606,606.060606060606,202020.20202020204
Argon,1,90,100.0,0.175,100.0,43.0,41.555,0,1,30.0,Gas,0.0,298.0,298.0,Fail,5714.285714285714,571.4285714285714,190476.19047619047
Argon,1,90,100.0,0.185,100.0,43.0,41.29,0,1,30.0,Gas,0.0,298.0,298.0,Fail,5405.405405405406,540.5405405405405,180180.1801801802
Argon,1,90,100.0,0.2,100.0,43.0,41.025,0,1,30.0,Gas,0.0,298.0,298.0,Fail,5000.0,500.0,166666.6666666667
Argon,1,90,100.0,0.215,100.0,43.0,40.76,0,1,30.0,Gas,0.0,298.0,298.0,Fail,4651.162790697674,465.1162790697675,155038.7596899225
Argon,1,90,100.0,0.225,100.0,43.0,40.495,0,1,30.0,Gas,0.0,298.0,298.0,Fail,4444.444444444444,444.44444444444446,148148.14814814818
Argon,1,90,100.0,0.25,100.0,43.0,40.23,0,1,30.0,Gas,0.0,298.0,298.0,Fail,4000.0,400.0,133333.33333333334
Argon,1,90,100.0,0.26,100.0,43.0,39.965,0,1,30.0,Gas,0.0,298.0,298.0,Fail,3846.1538461538457,384.6153846153846,128205.1282051282
Argon,1,90,100.0,0.265,100.0,43.0,39.7,0,1,30.0,Gas,0.0,298.0,298.0,Fail,3773.5849056603774,377.35849056603774,125786.16352201259
Argon,1,90,100.0,0.32,100.0,43.0,39.435,0,1,30.0,Gas,0.0,298.0,298.0,Fail,3125.0,312.5,104166.66666666667
Argon,1,90,100.0,0.325,100.0,43.0,39.17,0,1,30.0,Gas,0.0,298.0,298.0,Fail,3076.9230769230767,307.6923076923077,102564.10256410256
Argon,1,90,100.0,0.4,100.0,43.0,38.905,0,1,30.0,Gas,0.0,298.0,298.0,Fail,2500.0,250.0,83333.33333333334
Argon,1,90,150.0,0.05,100.0,43.0,38.64,0,1,30.0,Gas,0.0,298.0,298.0,Fail,30000.0,3000.0,1000000.0000000001
Argon,1,90,150.0,0.055,100.0,43.0,38.375,0,1,30.0,Gas,0.0,298.0,298.0,Fail,27272.727272727276,2727.2727272727275,909090.9090909091
Argon,1,90,150.0,0.065,100.0,43.0,38.11,0,1,30.0,Gas,0.0,298.0,298.0,Fail,23076.923076923074,2307.6923076923076,769230.7692307692
Argon,1,90,150.0,0.08,100.0,43.0,37.845,0,1,30.0,Gas,0.0,298.0,298.0,Fail,18750.0,1875.0,625000.0
Argon,1,90,150.0,0.085,100.0,43.0,37.58,0,1,30.0,Gas,0.0,298.0,298.0,Fail,17647.05882352941,1764.705882352941,588235.2941176471
Argon,1,90,150.0,0.1,100.0,43.0,37.315,0,1,30.0,Gas,0.0,298.0,298.0,Fail,15000.0,1500.0,500000.00000000006
Argon,1,90,150.0,0.15,100.0,43.0,37.05,0,1,30.0,Gas,0.0,298.0,298.0,Fail,10000.0,1000.0,333333.3333333333
Argon,1,90,150.0,0.125,100.0,43.0,36.785,0,1,30.0,Gas,0.0,298.0,298.0,Fail,12000.0,1200.0,400000.0
Argon,1,90,150.0,0.14,100.0,43.0,36.519999999999996,0,1,30.0,Gas,0.0,298.0,298.0,Fail,10714.285714285712,1071.4285714285713,357142.8571428571
Argon,1,90,150.0,0.145,100.0,43.0,36.254999999999995,0,1,30.0,Gas,0.0,298.0,298.0,Fail,10344.827586206897,1034.4827586206898,344827.5862068966
Argon,1,90,150.0,0.16,100.0,43.0,35.99,0,1,30.0,Gas,0.0,298.0,298.0,Fail,9375.0,937.5,312500.0
Argon,1,90,150.0,0.165,100.0,43.0,35.725,0,1,30.0,Gas,0.0,298.0,298.0,Fail,9090.90909090909,909.090909090909,303030.30303030304
Argon,1,90,150.0,0.175,100.0,43.0,35.46,0,1,30.0,Gas,0.0,298.0,298.0,Fail,8571.42857142857,857.1428571428572,285714.28571428574
Argon,1,90,150.0,0.185,100.0,43.0,35.195,0,1,30.0,Gas,0.0,298.0,298.0,Fail,8108.108108108108,810.8108108108108,270270.2702702703
Argon,1,90,150.0,0.2,100.0,43.0,34.93,0,1,30.0,Gas,0.0,298.0,298.0,Fail,7500.0,750.0,250000.00000000003
Argon,1,90,150.0,0.215,100.0,43.0,34.665,0,1,30.0,Gas,0.0,298.0,298.0,Fail,6976.7441860465115,697.6744186046511,232558.13953488372
Argon,1,90,150.0,0.225,100.0,43.0,34.4,0,1,30.0,Gas,0.0,298.0,298.0,Fail,6666.666666666667,666.6666666666666,222222.22222222225
Argon,1,90,150.0,0.25,100.0,43.0,34.135,0,1,30.0,Gas,0.0,298.0,298.0,Fail,6000.0,600.0,200000.0
Argon,1,90,150.0,0.26,100.0,43.0,33.87,0,1,30.0,Gas,0.0,298.0,298.0,Fail,5769.230769230769,576.9230769230769,192307.6923076923
Argon,1,90,150.0,0.265,100.0,43.0,33.605,0,1,30.0,Gas,0.0,298.0,298.0,Fail,5660.377358490567,566.0377358490566,188679.24528301888
Argon,1,90,150.0,0.32,100.0,43.0,33.34,0,1,30.0,Gas,0.0,298.0,298.0,Fail,4687.5,468.75,156250.0
Argon,1,90,150.0,0.325,100.0,43.0,33.075,0,1,30.0,Gas,0.0,298.0,298.0,Fail,4615.384615384615,461.53846153846155,153846.15384615384
Argon,1,90,150.0,0.4,100.0,43.0,32.81,0,1,30.0,Gas,0.0,298.0,298.0,Fail,3750.0,375.0,125000.00000000001
Argon,1,90,200.0,0.05,100.0,43.0,32.545,0,1,30.0,Gas,0.0,298.0,298.0,Fail,40000.0,4000.0,1333333.3333333335
Argon,1,90,200.0,0.055,100.0,43.0,32.28,0,1,30.0,Gas,0.0,298.0,298.0,Fail,36363.63636363637,3636.3636363636365,1212121.2121212122
Argon,1,90,200.0,0.065,100.0,43.0,32.015,0,1,30.0,Gas,0.0,298.0,298.0,Fail,30769.230769230766,3076.9230769230767,1025641.0256410256
Argon,1,90,200.0,0.08,100.0,43.0,31.75,0,1,30.0,Gas,0.0,298.0,298.0,Fail,25000.0,2500.0,833333.3333333334
Argon,1,90,200.0,0.085,100.0,43.0,31.485,0,1,30.0,Gas,0.0,298.0,298.0,Fail,23529.41176470588,2352.9411764705883,784313.7254901961
Argon,1,90,200.0,0.1,100.0,43.0,31.22,0,1,30.0,Gas,0.0,298.0,298.0,Fail,20000.0,2000.0,666666.6666666667
Argon,1,90,200.0,0.15,100.0,43.0,30.955,0,1,30.0,Gas,0.0,298.0,298.0,Fail,13333.333333333334,1333.3333333333335,444444.44444444444
Argon,1,90,200.0,0.125,100.0,43.0,30.689999999999998,0,1,30.0,Gas,0.0,298.0,298.0,Fail,16000.0,1600.0,533333.3333333334
Argon,1,90,200.0,0.14,100.0,43.0,30.424999999999997,0,1,30.0,Gas,0.0,298.0,298.0,Fail,14285.714285714284,1428.5714285714284,476190.47619047615
Argon,1,90,200.0,0.145,100.0,43.0,30.16,0,1,30.0,Gas,0.0,298.0,298.0,Fail,13793.103448275862,1379.3103448275863,459770.1149425288
Argon,1,90,200.0,0.16,100.0,43.0,29.895,0,1,30.0,Gas,0.0,298.0,298.0,Fail,12500.0,1250.0,416666.6666666667
Argon,1,90,200.0,0.165,100.0,43.0,29.63,0,1,30.0,Gas,0.0,298.0,298.0,Fail,12121.21212121212,1212.121212121212,404040.4040404041
Argon,1,90,200.0,0.175,100.0,43.0,29.365,0,1,30.0,Gas,0.0,298.0,298.0,Fail,11428.571428571428,1142.857142857143,380952.38095238095
Argon,1,90,200.0,0.185,100.0,43.0,29.1,0,1,30.0,Gas,0.0,298.0,298.0,Fail,10810.810810810812,1081.081081081081,360360.3603603604
Argon,1,90,200.0,0.2,100.0,43.0,28.835,0,1,30.0,Gas,0.0,298.0,298.0,Fail,10000.0,1000.0,333333.3333333334
Argon,1,90,200.0,0.215,100.0,43.0,28.57,0,1,30.0,Gas,0.0,298.0,298.0,Fail,9302.325581395347,930.232558139535,310077.519379845
Argon,1,90,200.0,0.225,100.0,43.0,28.305,0,1,30.0,Gas,0.0,298.0,298.0,Fail,8888.888888888889,888.8888888888889,296296.29629629635
Argon,1,90,200.0,0.25,100.0,43.0,28.04,0,1,30.0,Gas,0.0,298.0,298.0,Fail,8000.0,800.0,266666.6666666667
Argon,1,90,200.0,0.26,100.0,43.0,27.775,0,1,30.0,Gas,0.0,298.0,298.0,Fail,7692.3076923076915,769.2307692307692,256410.2564102564
Argon,1,90,200.0,0.265,100.0,43.0,27.509999999999998,0,1,30.0,Gas,0.0,298.0,298.0,Fail,7547.169811320755,754.7169811320755,251572.32704402518
Argon,1,90,200.0,0.32,100.0,43.0,27.244999999999997,0,1,30.0,Gas,0.0,298.0,298.0,Fail,6250.0,625.0,208333.33333333334
Argon,1,90,200.0,0.325,100.0,43.0,26.98,0,1,30.0,Gas,0.0,298.0,298.0,Fail,6153.846153846153,615.3846153846154,205128.20512820513
Argon,1,90,200.0,0.4,100.0,43.0,26.715,0,1,30.0,Gas,0.0,298.0,298.0,Fail,5000.0,500.0,166666.6666666667
Argon,1,90,200.0,0.145,115.0,43.0,26.45,0,0.8,30.0,Plasma,0.0,298.0,298.0,Fail,11994.002998500751,1379.3103448275863,399800.09995002515
Argon,1,90,200.0,0.145,135.0,43.0,26.185,0,0.8,30.0,Plasma,0.0,298.0,298.0,Fail,10217.113665389528,1379.3103448275863,340570.45551298425
Argon,1,90,200.0,0.145,155.0,43.0,25.919999999999998,0,0.8,30.0,Plasma,0.0,298.0,298.0,Fail,8898.776418242493,1379.3103448275863,296625.88060808316
Argon,1,90,200.0,0.1,115.0,43.0,25.654999999999998,0,0.8,30.0,Plasma,0.0,298.0,298.0,Fail,17391.304347826088,2000.0,579710.1449275363
Argon,1,90,200.0,0.1,135.0,43.0,25.39,0,0.8,30.0,Plasma,0.0,298.0,298.0,Fail,14814.814814814816,2000.0,493827.1604938272
Argon,1,90,200.0,0.1,155.0,43.0,25.125,0,0.8,30.0,Plasma,0.0,298.0,298.0,Fail,12903.225806451614,2000.0,430107.52688172046
Argon,1,90,200.0,0.2,60.0,80.0,24.86,0,1,30.0,Gas,0.0,298.0,423.15,Fail,16666.666666666668,1000.0,555555.5555555556
Argon,1,90,200.0,0.2,80.0,80.0,24.86,0,1,30.0,Gas,0.0,298.0,423.15,Fail,12500.0,1000.0,416666.6666666667
Argon,1,90,200.0,0.2,100.0,80.0,24.86,0,1,30.0,Gas,0.0,298.0,423.15,Fail,10000.0,1000.0,333333.3333333334
Argon,1,90,200.0,0.3,60.0,80.0,24.86,0,1,30.0,Gas,0.0,298.0,423.15,Fail,11111.11111111111,666.6666666666667,370370.3703703704
Argon,1,90,200.0,0.3,80.0,80.0,24.86,0,1,30.0,Gas,0.0,298.0,423.15,Fail,8333.333333333334,666.6666666666667,277777.7777777778
Argon,1,90,200.0,0.3,100.0,80.0,24.86,0,1,30.0,Gas,0.0,298.0,423.15,Fail,6666.666666666667,666.6666666666667,222222.22222222222
Argon,1,90,200.0,0.4,60.0,80.0,24.86,0,1,30.0,Gas,0.0,298.0,423.15,Fail,8333.333333333334,500.0,277777.7777777778
Argon,1,90,200.0,0.4,80.0,80.0,24.86,0,1,30.0,Gas,0.0,298.0,423.15,Fail,6250.0,500.0,208333.33333333334
Argon,1,90,200.0,0.4,100.0,80.0,24.86,0,1,30.0,Gas,0.0,298.0,423.15,Fail,5000.0,500.0,166666.6666666667
Argon,1,90,250.0,0.2,60.0,80.0,24.86,0,1,30.0,Gas,0.0,298.0,423.15,Fail,20833.333333333332,1250.0,694444.4444444445
Argon,1,90,250.0,0.2,80.0,80.0,24.86,0,1,30.0,Gas,0.0,298.0,423.15,Fail,15625.0,1250.0,520833.3333333334
Argon,1,90,250.0,0.2,100.0,80.0,24.86,0,1,30.0,Gas,0.0,298.0,423.15,Fail,12500.0,1250.0,416666.6666666667
Argon,1,90,250.0,0.3,60.0,80.0,24.86,0,1,30.0,Gas,0.0,298.0,423.15,Fail,13888.888888888887,833.3333333333334,462962.962962963
Argon,1,90,250.0,0.3,80.0,80.0,24.86,0,1,30.0,Gas,0.0,298.0,423.15,Fail,10416.666666666666,833.3333333333334,347222.22222222225
Argon,1,90,250.0,0.3,100.0,80.0,24.86,0,1,30.0,Gas,0.0,298.0,423.15,Fail,8333.333333333334,833.3333333333334,277777.7777777778
Argon,1,90,250.0,0.4,60.0,80.0,24.86,0,1,30.0,Gas,0.0,298.0,423.15,Fail,10416.666666666666,625.0,347222.22222222225
Argon,1,90,250.0,0.4,80.0,80.0,24.86,0,1,30.0,Gas,0.0,298.0,423.15,Fail,7812.5,625.0,260416.6666666667
Argon,1,90,250.0,0.4,100.0,80.0,24.86,0,1,30.0,Gas,0.0,298.0,423.15,Fail,6250.0,625.0,208333.33333333334
Argon,1,90,300.0,0.2,60.0,80.0,24.86,0,1,30.0,Gas,0.0,298.0,423.15,Fail,25000.0,1500.0,833333.3333333334
Argon,1,90,300.0,0.2,80.0,80.0,24.86,0,1,30.0,Gas,0.0,298.0,423.15,Fail,18750.0,1500.0,625000.0
Argon,1,90,300.0,0.2,100.0,80.0,24.86,0,1,30.0,Gas,0.0,298.0,423.15,Fail,15000.0,1500.0,500000.00000000006
Argon,1,90,300.0,0.3,60.0,80.0,24.86,0,1,30.0,Gas,0.0,298.0,423.15,Fail,16666.666666666664,1000.0,555555.5555555555
Argon,1,90,300.0,0.3,80.0,80.0,24.86,0,1,30.0,Gas,0.0,298.0,423.15,Fail,12500.0,1000.0,416666.6666666667
Argon,1,90,300.0,0.3,100.0,80.0,24.86,0,1,30.0,Gas,0.0,298.0,423.15,Fail,10000.0,1000.0,333333.3333333333
Argon,1,90,300.0,0.4,60.0,80.0,24.86,0,1,30.0,Gas,0.0,298.0,423.15,Fail,12500.0,750.0,416666.6666666667
Argon,1,90,300.0,0.4,80.0,80.0,24.86,0,1,30.0,Gas,0.0,298.0,423.15,Fail,9375.0,750.0,312500.0
Argon,1,90,300.0,0.4,200.0,80.0,24.86,0,1,30.0,Gas,0.0,298.0,423.15,Fail,3750.0,750.0,125000.00000000001
Argon,1,90,200.0,0.1,115.0,43.0,48.4,0,1,50.0,Plasma,0.0,298.0,298.0,Fail,17391.304347826088,2000.0,347826.0869565217
Argon,1,90,250.0,0.2,100.0,70.0,25.0,0,1,30.0,Gas,0.0,298.0,473.0,Fail,12500.0,1250.0,416666.6666666667
Argon,1,90,250.0,0.3,100.0,70.0,25.0,0,1,30.0,Gas,0.0,298.0,473.0,Fail,8333.333333333334,833.3333333333334,277777.7777777778
Argon,1,90,250.0,0.4,100.0,70.0,25.0,0,1,30.0,Gas,0.0,298.0,473.0,Fail,6250.0,625.0,208333.33333333334
Argon,1,90,250.0,0.5,100.0,70.0,25.0,0,1,30.0,Gas,0.0,298.0,473.0,Fail,5000.0,500.0,166666.66666666666
Argon,1,90,250.0,0.6,100.0,70.0,25.0,0,1,30.0,Gas,0.0,298.0,473.0,Fail,4166.666666666667,416.6666666666667,138888.8888888889
Argon,1,90,300.0,0.2,100.0,70.0,25.0,0,1,30.0,Gas,0.0,298.0,473.0,Fail,15000.0,1500.0,500000.00000000006
Argon,1,90,300.0,0.3,100.0,70.0,25.0,0,1,30.0,Gas,0.0,298.0,473.0,Fail,10000.0,1000.0,333333.3333333333
Argon,1,90,300.0,0.4,100.0,70.0,25.0,0,1,30.0,Gas,0.0,298.0,473.0,Fail,7500.0,750.0,250000.00000000003
Argon,1,90,300.0,0.5,100.0,70.0,25.0,0,1,30.0,Gas,0.0,298.0,473.0,Fail,6000.0,600.0,200000.0
Argon,1,90,300.0,0.6,100.0,70.0,25.0,0,1,30.0,Gas,0.0,298.0,473.0,Fail,5000.0,500.0,166666.66666666666
Argon,1,90,350.0,0.2,100.0,70.0,25.0,0,1,30.0,Gas,0.0,298.0,473.0,Fail,17500.0,1750.0,583333.3333333334
Argon,1,90,350.0,0.3,100.0,70.0,25.0,0,1,30.0,Gas,0.0,298.0,473.0,Fail,11666.666666666668,1166.6666666666667,388888.8888888889
Argon,1,90,350.0,0.4,100.0,70.0,25.0,0,1,30.0,Gas,0.0,298.0,473.0,Fail,8750.0,875.0,291666.6666666667
Argon,1,90,350.0,0.5,100.0,70.0,25.0,0,1,30.0,Gas,0.0,298.0,473.0,Fail,7000.0,700.0,233333.3333333333
Argon,1,90,350.0,0.6,100.0,70.0,25.0,0,1,30.0,Gas,0.0,298.0,473.0,Fail,5833.333333333334,583.3333333333334,194444.44444444444
Argon,1,90,380.0,0.2,100.0,70.0,25.0,0,1,30.0,Gas,0.0,298.0,473.0,Fail,19000.0,1900.0,633333.3333333334
Argon,1,90,380.0,0.3,100.0,70.0,25.0,0,1,30.0,Gas,0.0,298.0,473.0,Fail,12666.666666666668,1266.6666666666667,422222.22222222225
Argon,1,90,380.0,0.4,100.0,70.0,25.0,0,1,30.0,Gas,0.0,298.0,473.0,Fail,9500.0,950.0,316666.6666666667
Argon,1,90,380.0,0.5,100.0,70.0,25.0,0,1,30.0,Gas,0.0,298.0,473.0,Fail,7600.0,760.0,253333.3333333333
Argon,1,90,380.0,0.6,100.0,70.0,25.0,0,1,30.0,Gas,0.0,298.0,473.0,Fail,6333.333333333334,633.3333333333334,211111.11111111112
Argon,1,90,370.0,0.1,100.0,50.0,23.67,0,1,20.0,Gas,0.0,298.0,323.0,Fail,37000.0,3700.0,1850000.0000000002
Argon,1,90,370.0,0.2,100.0,50.0,23.67,0,1,20.0,Gas,0.0,298.0,323.0,Fail,18500.0,1850.0,925000.0000000001
Argon,1,90,370.0,0.3,100.0,50.0,23.67,0,1,20.0,Gas,0.0,298.0,323.0,Fail,12333.333333333334,1233.3333333333335,616666.6666666667
Argon,1,90,370.0,0.4,100.0,50.0,23.67,0,1,20.0,Gas,0.0,298.0,323.0,Fail,9250.0,925.0,462500.00000000006
Argon,1,90,350.0,0.1,100.0,50.0,23.67,0,1,20.0,Gas,0.0,298.0,323.0,Fail,35000.0,3500.0,1750000.0000000002
Argon,1,90,350.0,0.2,100.0,50.0,23.67,0,1,20.0,Gas,0.0,298.0,323.0,Fail,17500.0,1750.0,875000.0000000001
Argon,1,90,350.0,0.3,100.0,50.0,23.67,0,1,20.0,Gas,0.0,298.0,323.0,Fail,11666.666666666668,1166.6666666666667,583333.3333333334
Argon,1,90,350.0,0.4,100.0,50.0,23.67,0,1,20.0,Gas,0.0,298.0,323.0,Fail,8750.0,875.0,437500.00000000006
Argon,1,90,300.0,0.1,100.0,50.0,23.67,0,1,20.0,Gas,0.0,298.0,323.0,Fail,30000.0,3000.0,1500000.0000000002
Argon,1,90,300.0,0.2,100.0,50.0,23.67,0,1,20.0,Gas,0.0,298.0,323.0,Fail,15000.0,1500.0,750000.0000000001
Argon,1,90,300.0,0.3,100.0,50.0,23.67,0,1,20.0,Gas,0.0,298.0,323.0,Fail,10000.0,1000.0,500000.00000000006
Argon,1,90,300.0,0.4,100.0,50.0,23.67,0,1,20.0,Gas,0.0,298.0,323.0,Fail,7500.0,750.0,375000.00000000006
Argon,1,90,250.0,0.1,100.0,50.0,23.67,0,1,20.0,Gas,0.0,298.0,323.0,Fail,25000.0,2500.0,1250000.0
Argon,1,90,250.0,0.2,100.0,50.0,23.67,0,1,20.0,Gas,0.0,298.0,323.0,Fail,12500.0,1250.0,625000.0
Argon,1,90,250.0,0.3,100.0,50.0,23.67,0,1,20.0,Gas,0.0,298.0,323.0,Fail,8333.333333333334,833.3333333333334,416666.6666666667
Argon,1,90,250.0,0.4,100.0,50.0,23.67,0,1,20.0,Gas,0.0,298.0,323.0,Fail,6250.0,625.0,312500.0
Argon,1,90,200.0,0.1,100.0,50.0,23.67,0,1,20.0,Gas,0.0,298.0,323.0,Fail,20000.0,2000.0,1000000.0000000001
Argon,1,90,200.0,0.2,100.0,50.0,23.67,0,1,20.0,Gas,0.0,298.0,323.0,Fail,10000.0,1000.0,500000.00000000006
Argon,1,90,200.0,0.3,100.0,50.0,23.67,0,1,20.0,Gas,0.0,298.0,323.0,Fail,6666.666666666667,666.6666666666667,333333.3333333334
Argon,1,90,200.0,0.4,100.0,50.0,23.67,0,1,20.0,Gas,0.0,298.0,323.0,Fail,5000.0,500.0,250000.00000000003
Argon,1,90,130.0,0.3,30.0,85.0,50.0,0,1,20.0,Plasma,0.0,298.0,298.0,Fail,14444.444444444443,433.33333333333337,722222.2222222222
Argon,1,90,130.0,0.4,30.0,85.0,50.0,0,1,20.0,Plasma,0.0,298.0,298.0,Fail,10833.333333333334,325.0,541666.6666666667
Argon,1,90,130.0,0.5,30.0,85.0,50.0,0,1,20.0,Plasma,0.0,298.0,298.0,Fail,8666.666666666668,260.0,433333.3333333334
Argon,1,90,130.0,0.3,40.0,85.0,50.0,0,1,20.0,Plasma,0.0,298.0,298.0,Fail,10833.333333333334,433.33333333333337,541666.6666666667
Argon,1,90,130.0,0.4,40.0,85.0,50.0,0,1,20.0,Plasma,0.0,298.0,298.0,Fail,8125.0,325.0,406250.00000000006
Argon,1,90,130.0,0.5,40.0,85.0,50.0,0,1,20.0,Plasma,0.0,298.0,298.0,Fail,6500.0,260.0,325000.0
Argon,1,90,130.0,0.3,80.0,85.0,50.0,0,1,20.0,Plasma,0.0,298.0,298.0,Fail,5416.666666666667,433.33333333333337,270833.3333333334
Argon,1,90,130.0,0.4,80.0,85.0,50.0,0,1,20.0,Plasma,0.0,298.0,298.0,Fail,4062.5,325.0,203125.00000000003
Argon,1,90,130.0,0.5,80.0,85.0,50.0,0,1,20.0,Plasma,0.0,298.0,298.0,Fail,3250.0,260.0,162500.0
Argon,1,90,150.0,0.3,30.0,85.0,50.0,0,1,20.0,Plasma,0.0,298.0,298.0,Fail,16666.666666666664,500.0,833333.3333333334
Argon,1,90,150.0,0.4,30.0,85.0,50.0,0,1,20.0,Plasma,0.0,298.0,298.0,Fail,12500.0,375.0,625000.0
Argon,1,90,150.0,0.5,30.0,85.0,50.0,0,1,20.0,Plasma,0.0,298.0,298.0,Fail,10000.0,300.0,500000.00000000006
Argon,1,90,150.0,0.3,40.0,85.0,50.0,0,1,20.0,Plasma,0.0,298.0,298.0,Fail,12500.0,500.0,625000.0
Argon,1,90,150.0,0.4,40.0,85.0,50.0,0,1,20.0,Plasma,0.0,298.0,298.0,Fail,9375.0,375.0,468750.00000000006
Argon,1,90,150.0,0.5,40.0,85.0,50.0,0,1,20.0,Plasma,0.0,298.0,298.0,Fail,7500.0,300.0,375000.00000000006
Argon,1,90,150.0,0.3,80.0,85.0,50.0,0,1,20.0,Plasma,0.0,298.0,298.0,Fail,6250.0,500.0,312500.0
Argon,1,90,150.0,0.4,80.0,85.0,50.0,0,1,20.0,Plasma,0.0,298.0,298.0,Fail,4687.5,375.0,234375.00000000003
Argon,1,90,150.0,0.5,80.0,85.0,50.0,0,1,20.0,Plasma,0.0,298.0,298.0,Fail,3750.0,300.0,187500.00000000003
Argon,1,90,170.0,0.3,30.0,85.0,50.0,0,1,20.0,Plasma,0.0,298.0,298.0,Fail,18888.888888888887,566.6666666666667,944444.4444444445
Argon,1,90,170.0,0.4,30.0,85.0,50.0,0,1,20.0,Plasma,0.0,298.0,298.0,Fail,14166.666666666666,425.0,708333.3333333334
Argon,1,90,170.0,0.5,30.0,85.0,50.0,0,1,20.0,Plasma,0.0,298.0,298.0,Fail,11333.333333333334,340.0,566666.6666666667
Argon,1,90,170.0,0.3,40.0,85.0,50.0,0,1,20.0,Plasma,0.0,298.0,298.0,Fail,14166.666666666666,566.6666666666667,708333.3333333334
Argon,1,90,170.0,0.4,40.0,85.0,50.0,0,1,20.0,Plasma,0.0,298.0,298.0,Fail,10625.0,425.0,531250.0
Argon,1,90,170.0,0.5,40.0,85.0,50.0,0,1,20.0,Plasma,0.0,298.0,298.0,Fail,8500.0,340.0,425000.00000000006
Argon,1,90,170.0,0.3,80.0,85.0,50.0,0,1,20.0,Plasma,0.0,298.0,298.0,Fail,7083.333333333333,566.6666666666667,354166.6666666667
Argon,1,90,170.0,0.4,80.0,85.0,50.0,0,1,20.0,Plasma,0.0,298.0,298.0,Fail,5312.5,425.0,265625.0
Argon,1,90,170.0,0.5,80.0,85.0,50.0,0,1,20.0,Plasma,0.0,298.0,298.0,Fail,4250.0,340.0,212500.00000000003
Argon,1,90,170.0,0.7,30.0,85.0,50.0,0,1,20.0,Plasma,0.0,298.0,298.0,Fail,8095.2380952380945,242.85714285714286,404761.9047619048
Argon,1,90,170.0,0.7,40.0,85.0,50.0,0,1,20.0,Plasma,0.0,298.0,298.0,Fail,6071.428571428572,242.85714285714286,303571.4285714286
Argon,1,90,170.0,0.4,10.0,85.0,50.0,0,1,20.0,Plasma,0.0,298.0,298.0,Fail,42500.0,425.0,2125000.0
Argon,1,90,170.0,0.6,80.0,85.0,50.0,0,1,20.0,Plasma,0.0,298.0,298.0,Fail,3541.6666666666665,283.33333333333337,177083.33333333334
Argon,1,90,170.0,0.8,80.0,85.0,50.0,0,1,20.0,Plasma,0.0,298.0,298.0,Fail,2656.25,212.5,132812.5
Argon,1,90,110.0,0.4,80.0,85.0,50.0,0,1,20.0,Plasma,0.0,298.0,298.0,Fail,3437.5,275.0,171875.00000000003
Argon,1,90,185.0,0.597,100.0,80.0,45.0,0,1,50.0,Gas,0.0,298.0,298.0,Fail,3098.8274706867674,309.88274706867674,61976.549413735345
Argon,1,90,185.0,0.597,100.0,80.0,49.3,0,1,30.0,Gas,0.0,298.0,298.0,Fail,3098.8274706867674,309.88274706867674,103294.24902289225
Argon,1,90,185.0,0.597,100.0,80.0,28.2,0,1,30.0,Gas,0.0,298.0,298.0,Fail,3098.8274706867674,309.88274706867674,103294.24902289225
Argon,1,90,185.0,0.597,100.0,80.0,31.6,0,1,30.0,Gas,0.0,298.0,298.0,Fail,3098.8274706867674,309.88274706867674,103294.24902289225
Argon,1,90,185.0,0.597,100.0,80.0,28.2,0,1,30.0,Gas,0.0,298.0,1273.15,Fail,3098.8274706867674,309.88274706867674,103294.24902289225
Argon,1,90,185.0,0.597,50.0,70.0,24.25,0,1,20.0,Gas,0.0,298.0,473.05,Fail,6197.654941373535,309.88274706867674,309882.74706867675
Argon,1,90,200.0,0.3,50.0,70.0,24.25,0,1,20.0,Gas,0.0,298.0,473.05,Fail,13333.333333333334,666.6666666666667,666666.6666666667
Argon,1,90,250.0,0.3,50.0,70.0,24.25,0,1,20.0,Gas,0.0,298.0,473.05,Fail,16666.666666666668,833.3333333333334,833333.3333333334
Argon,1,90,300.0,0.3,50.0,70.0,24.25,0,1,20.0,Gas,0.0,298.0,473.05,Fail,20000.0,1000.0,1000000.0000000001
Argon,1,90,350.0,0.3,50.0,70.0,24.25,0,1,20.0,Gas,0.0,298.0,473.05,Fail,23333.333333333336,1166.6666666666667,1166666.6666666667
Argon,1,90,400.0,0.1,100.0,80.0,25.633333333333333,0,1,30.0,Plasma,0.0,298.0,298.0,Fail,40000.0,4000.0,1333333.3333333335
Argon,1,90,400.0,0.2,100.0,80.0,27.016666666666666,0,1,30.0,Plasma,0.0,298.0,298.0,Fail,20000.0,2000.0,666666.6666666667
Argon,1,90,400.0,0.3,100.0,80.0,28.4,0,1,30.0,Plasma,0.0,298.0,298.0,Fail,13333.333333333334,1333.3333333333335,444444.44444444444
Argon,1,90,400.0,0.4,100.0,80.0,29.78333333333333,0,1,30.0,Plasma,0.0,298.0,298.0,Fail,10000.0,1000.0,333333.3333333334
Argon,1,90,400.0,0.5,100.0,80.0,31.166666666666664,0,1,30.0,Plasma,0.0,298.0,298.0,Fail,8000.0,800.0,266666.6666666667
Argon,1,90,400.0,0.6,100.0,80.0,32.55,0,1,30.0,Plasma,0.0,298.0,298.0,Fail,6666.666666666667,666.6666666666667,222222.22222222222
Argon,1,90,400.0,0.7,100.0,80.0,33.93333333333334,0,1,30.0,Plasma,0.0,298.0,298.0,Fail,5714.285714285714,571.4285714285714,190476.19047619047
Argon,1,90,400.0,0.1,100.0,80.0,35.31666666666666,0,1,30.0,Plasma,0.0,298.0,298.0,Success,40000.0,4000.0,1333333.3333333335
Argon,1,90,400.0,0.2,100.0,80.0,36.7,0,1,30.0,Plasma,0.0,298.0,298.0,Success,20000.0,2000.0,666666.6666666667
Argon,1,90,400.0,0.3,100.0,80.0,38.08333333333333,0,1,30.0,Plasma,0.0,298.0,298.0,Success,13333.333333333334,1333.3333333333335,444444.44444444444
Argon,1,90,400.0,0.4,100.0,80.0,39.46666666666667,0,1,30.0,Plasma,0.0,298.0,298.0,Success,10000.0,1000.0,333333.3333333334
Argon,1,90,400.0,0.5,100.0,80.0,40.85,0,1,30.0,Plasma,0.0,298.0,298.0,Success,8000.0,800.0,266666.6666666667
Argon,1,90,400.0,0.6,100.0,80.0,42.233333333333334,0,1,30.0,Plasma,0.0,298.0,298.0,Success,6666.666666666667,666.6666666666667,222222.22222222222
Argon,1,90,400.0,0.7,100.0,80.0,43.61666666666667,0,1,30.0,Plasma,0.0,298.0,298.0,Success,5714.285714285714,571.4285714285714,190476.19047619047
Argon,1,90,200.0,0.15,50.0,70.0,45.0,0,1,20.0,Gas,0.0,298.0,453.0,Fail,26666.666666666668,1333.3333333333335,1333333.3333333335
Argon,1,90,250.0,0.2,60.0,70.0,45.0,0,1,25.0,Gas,0.0,298.0,453.0,Fail,20833.333333333332,1250.0,833333.3333333334
Argon,1,90,300.0,0.225,70.0,70.0,45.0,0,1,35.0,Gas,0.0,298.0,453.0,Fail,19047.619047619046,1333.3333333333333,544217.6870748299
Argon,1,90,350.0,0.3,100.0,70.0,45.0,0,1,35.0,Gas,0.0,298.0,453.0,Fail,11666.666666666668,1166.6666666666667,333333.3333333334
Argon,1,90,400.0,0.375,100.0,70.0,45.0,0,1,35.0,Gas,0.0,298.0,453.0,Fail,10666.666666666668,1066.6666666666667,304761.9047619048
Argon,1,90,200.0,0.0666666666666666,50.0,70.0,45.0,N30,1,30.0,Gas,0.0,298.0,453.0,Fail,60000.00000000006,3000.000000000003,2000000.000000002
Argon,1,90,250.0,0.075,60.0,70.0,45.0,N30,1,30.0,Gas,0.0,298.0,453.0,Fail,55555.55555555555,3333.3333333333335,1851851.851851852
Argon,1,90,300.0,0.15,70.0,70.0,45.0,N30,1,30.0,Gas,0.0,298.0,453.0,Fail,28571.42857142857,2000.0,952380.9523809525
Argon,1,90,350.0,0.225,70.0,70.0,45.0,N30,1,30.0,Gas,0.0,298.0,453.0,Fail,22222.222222222223,1555.5555555555554,740740.7407407408
Argon,1,90,400.0,0.3,70.0,70.0,45.0,N30,1,30.0,Gas,0.0,298.0,453.0,Fail,19047.619047619046,1333.3333333333335,634920.634920635
Argon,1,90,400.0,0.375,70.0,70.0,45.0,N30,1,30.0,Gas,0.0,298.0,453.0,Fail,15238.095238095239,1066.6666666666667,507936.50793650793
Argon,1,90,200.0,6.666666666666667,70.0,70.0,45.0,N31,1,30.0,Gas,0.0,298.0,453.0,Fail,428.57142857142856,30.0,14285.714285714288
Argon,1,90,300.0,5.0,70.0,70.0,45.0,N31,1,35.0,Gas,0.0,298.0,453.0,Fail,857.1428571428571,60.0,24489.79591836735
Argon,1,90,350.0,4.444444444444445,70.0,70.0,45.0,N31,1,35.0,Gas,0.0,298.0,453.0,Fail,1124.9999999999998,78.75,32142.857142857138
Argon,1,90,400.0,3.333333333333333,70.0,70.0,45.0,N31,1,35.0,Gas,0.0,298.0,453.0,Fail,1714.2857142857144,120.00000000000001,48979.5918367347
Gas,1,90,80.0,0.025,100.0,72.0,45.0,0,1,50.0,Gas,0.0,298.0,298.0,Fail,32000.0,3200.0,640000.0
Argon,1,90,180.0,0.7,125.0,140.0,45.0,0,1,30.0,Gas,0.0,298.0,298.0,Fail,2057.142857142857,257.14285714285717,68571.42857142858
Argon,1,90,220.0,0.7,125.0,140.0,45.0,0,1,30.0,Gas,0.0,298.0,298.0,Fail,2514.285714285714,314.2857142857143,83809.52380952382
Argon,1,90,280.0,0.7,125.0,140.0,45.0,0,1,30.0,Gas,0.0,298.0,298.0,Success,3199.9999999999995,400.0,106666.66666666667
Argon,1,90,320.0,0.7,125.0,140.0,45.0,0,1,30.0,Gas,0.0,298.0,298.0,Success,3657.142857142857,457.14285714285717,121904.76190476192
Argon,1,90,360.0,0.7,125.0,140.0,45.0,0,1,30.0,Gas,0.0,298.0,298.0,Success,4114.285714285714,514.2857142857143,137142.85714285716
Argon,1,90,600.0,0.8,120.0,70.0,43.82,0,0.75,50.0,Gas,0.0,298.0,298.0,Fail,6250.0,750.0,125000.00000000001
Argon,1,90,200.0,0.1,45.0,70.0,43.82,0,0.75,50.0,Gas,0.0,298.0,298.0,Fail,44444.44444444444,2000.0,888888.8888888889
Argon,1,90,100.0,0.1,112.0,180.0,44.03254901960784,0,1,30.0,Gas,0.0,298.0,298.0,Success,8928.571428571428,1000.0,297619.0476190476
Argon,1,90,100.0,0.12,112.0,180.0,44.245098039215684,0,1,30.0,Gas,0.0,298.0,298.0,Success,7440.47619047619,833.3333333333334,248015.87301587302
Argon,1,90,100.0,0.15,112.0,180.0,44.45764705882353,0,1,30.0,Gas,0.0,298.0,298.0,Fail,5952.380952380951,666.6666666666667,198412.6984126984
Argon,1,90,100.0,0.16,112.0,180.0,44.670196078431374,0,1,30.0,Gas,0.0,298.0,298.0,Fail,5580.357142857142,625.0,186011.9047619048
Argon,1,90,100.0,0.2,112.0,180.0,44.882745098039216,0,1,30.0,Gas,0.0,298.0,298.0,Fail,4464.285714285714,500.0,148809.5238095238
Argon,1,90,100.0,0.24,112.0,180.0,45.09529411764706,0,1,30.0,Gas,0.0,298.0,298.0,Fail,3720.238095238095,416.6666666666667,124007.93650793651
Argon,1,90,100.0,0.28,112.0,180.0,45.3078431372549,0,1,30.0,Gas,0.0,298.0,298.0,Fail,3188.775510204081,357.1428571428571,106292.51700680272
Argon,1,90,100.0,0.4,112.0,180.0,45.52039215686275,0,1,30.0,Gas,0.0,298.0,298.0,Fail,2232.142857142857,250.0,74404.7619047619
Argon,1,90,100.0,0.6,112.0,180.0,45.73294117647059,0,1,30.0,Gas,0.0,298.0,298.0,Fail,1488.0952380952378,166.66666666666669,49603.1746031746
Argon,1,90,100.0,0.1,112.0,180.0,45.94549019607843,0,1,40.0,Gas,0.0,298.0,298.0,Success,8928.571428571428,1000.0,223214.28571428568
Argon,1,90,100.0,0.12,112.0,180.0,46.15803921568627,0,1,40.0,Gas,0.0,298.0,298.0,Fail,7440.47619047619,833.3333333333334,186011.9047619048
Argon,1,90,100.0,0.15,112.0,180.0,46.370588235294115,0,1,40.0,Gas,0.0,298.0,298.0,Fail,5952.380952380951,666.6666666666667,148809.52380952382
Argon,1,90,100.0,0.16,112.0,180.0,46.58313725490196,0,1,40.0,Gas,0.0,298.0,298.0,Fail,5580.357142857142,625.0,139508.92857142855
Argon,1,90,100.0,0.2,112.0,180.0,46.795686274509805,0,1,40.0,Gas,0.0,298.0,298.0,Fail,4464.285714285714,500.0,111607.14285714284
Argon,1,90,100.0,0.24,112.0,180.0,47.00823529411765,0,1,40.0,Gas,0.0,298.0,298.0,Fail,3720.238095238095,416.6666666666667,93005.9523809524
Argon,1,90,100.0,0.28,112.0,180.0,47.22078431372549,0,1,40.0,Gas,0.0,298.0,298.0,Fail,3188.775510204081,357.1428571428571,79719.38775510203
Argon,1,90,100.0,0.4,112.0,180.0,47.43333333333333,0,1,40.0,Gas,0.0,298.0,298.0,Fail,2232.142857142857,250.0,55803.57142857142
Argon,1,90,100.0,0.6,112.0,180.0,47.64588235294117,0,1,40.0,Gas,0.0,298.0,298.0,Fail,1488.0952380952378,166.66666666666669,37202.380952380954
Argon,1,90,100.0,0.12,112.0,180.0,47.85843137254902,0,1,50.0,Gas,0.0,298.0,298.0,Fail,7440.47619047619,833.3333333333334,148809.52380952382
Argon,1,90,100.0,0.16,112.0,180.0,48.07098039215686,0,1,50.0,Gas,0.0,298.0,298.0,Fail,5580.357142857142,625.0,111607.14285714284
Argon,1,90,100.0,0.2,112.0,180.0,48.283529411764704,0,1,50.0,Gas,0.0,298.0,298.0,Fail,4464.285714285714,500.0,89285.71428571429
Argon,1,90,100.0,0.24,112.0,180.0,48.496078431372545,0,1,50.0,Gas,0.0,298.0,298.0,Fail,3720.238095238095,416.6666666666667,74404.76190476191
Argon,1,90,100.0,0.28,112.0,180.0,48.70862745098039,0,1,50.0,Gas,0.0,298.0,298.0,Fail,3188.775510204081,357.1428571428571,63775.51020408163
Argon,1,90,100.0,0.35,112.0,180.0,48.921176470588236,0,1,50.0,Gas,0.0,298.0,298.0,Fail,2551.0204081632655,285.7142857142857,51020.40816326532
Argon,1,90,100.0,0.4,112.0,180.0,49.13372549019608,0,1,50.0,Gas,0.0,298.0,298.0,Fail,2232.142857142857,250.0,44642.857142857145
Argon,1,90,100.0,0.5,112.0,180.0,49.34627450980392,0,1,50.0,Gas,0.0,298.0,298.0,Fail,1785.7142857142858,200.0,35714.28571428572
Argon,1,90,100.0,0.6,112.0,180.0,49.55882352941176,0,1,50.0,Gas,0.0,298.0,298.0,Fail,1488.0952380952378,166.66666666666669,29761.904761904763
Argon,1,90,100.0,0.1,112.0,180.0,49.7713725490196,0,1,60.0,Gas,0.0,298.0,298.0,Fail,8928.571428571428,1000.0,148809.5238095238
Argon,1,90,100.0,0.12,112.0,180.0,49.98392156862745,0,1,60.0,Gas,0.0,298.0,298.0,Fail,7440.47619047619,833.3333333333334,124007.93650793651
Argon,1,90,100.0,0.15,112.0,180.0,50.19647058823529,0,1,60.0,Gas,0.0,298.0,298.0,Fail,5952.380952380951,666.6666666666667,99206.3492063492
Argon,1,90,100.0,0.16,112.0,180.0,50.409019607843135,0,1,60.0,Gas,0.0,298.0,298.0,Fail,5580.357142857142,625.0,93005.9523809524
Argon,1,90,100.0,0.2,112.0,180.0,50.621568627450976,0,1,60.0,Gas,0.0,298.0,298.0,Fail,4464.285714285714,500.0,74404.7619047619
Argon,1,90,100.0,0.24,112.0,180.0,50.83411764705882,0,1,60.0,Gas,0.0,298.0,298.0,Fail,3720.238095238095,416.6666666666667,62003.968253968254
Argon,1,90,100.0,0.28,112.0,180.0,51.04666666666667,0,1,60.0,Gas,0.0,298.0,298.0,Fail,3188.775510204081,357.1428571428571,53146.25850340136
Argon,1,90,100.0,0.35,112.0,180.0,51.25921568627451,0,1,60.0,Gas,0.0,298.0,298.0,Fail,2551.0204081632655,285.7142857142857,42517.006802721095
Argon,1,90,100.0,0.4,112.0,180.0,51.47176470588235,0,1,60.0,Gas,0.0,298.0,298.0,Fail,2232.142857142857,250.0,37202.38095238095
Argon,1,90,100.0,0.5,112.0,180.0,51.68431372549019,0,1,60.0,Gas,0.0,298.0,298.0,Fail,1785.7142857142858,200.0,29761.904761904763
Argon,1,90,100.0,0.6,112.0,180.0,51.89686274509803,0,1,60.0,Gas,0.0,298.0,298.0,Fail,1488.0952380952378,166.66666666666669,24801.5873015873
Argon,1,90,100.0,0.15,112.0,180.0,52.10941176470588,0,1,30.0,Gas,0.0,298.0,298.0,Success,5952.380952380951,666.6666666666667,198412.6984126984
Argon,1,90,100.0,0.15,112.0,180.0,52.321960784313724,0,1,30.0,Gas,0.0,298.0,298.0,Success,5952.380952380951,666.6666666666667,198412.6984126984
Argon,1,90,100.0,0.15,112.0,180.0,52.534509803921566,0,1,30.0,Gas,0.0,298.0,298.0,Success,5952.380952380951,666.6666666666667,198412.6984126984
Argon,1,90,100.0,0.15,112.0,180.0,52.74705882352941,0,1,30.0,Gas,0.0,298.0,298.0,Success,5952.380952380951,666.6666666666667,198412.6984126984
Argon,1,90,100.0,0.15,112.0,180.0,52.95960784313725,0,1,30.0,Gas,0.0,298.0,298.0,Success,5952.380952380951,666.6666666666667,198412.6984126984
Argon,1,90,100.0,0.15,112.0,180.0,53.1721568627451,0,1,30.0,Gas,0.0,298.0,298.0,Success,5952.380952380951,666.6666666666667,198412.6984126984
Argon,1,90,100.0,0.15,112.0,180.0,53.38470588235294,0,1,30.0,Gas,0.0,298.0,298.0,Success,5952.380952380951,666.6666666666667,198412.6984126984
Argon,1,90,100.0,0.15,112.0,180.0,53.59725490196078,0,1,30.0,Gas,0.0,298.0,298.0,Success,5952.380952380951,666.6666666666667,198412.6984126984
Argon,1,90,100.0,0.15,112.0,180.0,53.80980392156862,0,1,30.0,Gas,0.0,298.0,298.0,Success,5952.380952380951,666.6666666666667,198412.6984126984
Argon,1,90,100.0,0.15,112.0,180.0,54.022352941176464,0,1,30.0,Gas,0.0,298.0,298.0,Success,5952.380952380951,666.6666666666667,198412.6984126984
Argon,1,90,100.0,0.15,112.0,180.0,54.23490196078431,0,1,30.0,Gas,0.0,298.0,298.0,Success,5952.380952380951,666.6666666666667,198412.6984126984
Argon,1,90,100.0,0.15,112.0,180.0,54.447450980392155,0,1,30.0,Gas,0.0,298.0,298.0,Success,5952.380952380951,666.6666666666667,198412.6984126984
Argon,1,90,100.0,0.626,70.0,80.0,54.66,0,1,40.0,Gas,0.0,298.0,298.0,Fail,2282.0629849383845,159.7444089456869,57051.57462345961
Argon,1,90,110.0,0.689,70.0,80.0,54.66,0,1,40.0,Gas,0.0,298.0,298.0,Fail,2280.7381297947336,159.65166908563137,57018.453244868346
Argon,1,90,120.0,0.752,70.0,80.0,54.66,0,1,40.0,Gas,0.0,298.0,298.0,Fail,2279.6352583586627,159.5744680851064,56990.88145896656
Argon,1,90,130.0,0.814,70.0,80.0,54.66,0,1,40.0,Gas,0.0,298.0,298.0,Fail,2281.5022815022817,159.70515970515973,57037.55703755704
Argon,1,90,140.0,0.877,70.0,80.0,54.66,0,1,40.0,Gas,0.0,298.0,298.0,Fail,2280.501710376283,159.63511972633978,57012.54275940708
Argon,1,90,150.0,0.94,70.0,80.0,54.66,0,1,40.0,Gas,0.0,298.0,298.0,Fail,2279.6352583586627,159.5744680851064,56990.88145896657
Argon,1,90,160.0,1.002,70.0,80.0,54.66,0,1,40.0,Gas,0.0,298.0,298.0,Fail,2281.1519817507838,159.6806387225549,57028.79954376961
Argon,1,90,170.0,1.065,70.0,80.0,54.66,0,1,40.0,Gas,0.0,298.0,298.0,Fail,2280.3487592219985,159.6244131455399,57008.71898054997
Argon,1,90,380.0,0.3,100.0,207.0,50.0,0,1,60.0,Gas,0.0,298.0,298.0,Fail,12666.666666666668,1266.6666666666667,211111.11111111112
Argon,1,90,320.0,0.3,100.0,207.0,50.0,0,1,60.0,Gas,0.0,298.0,298.0,Fail,10666.666666666668,1066.6666666666667,177777.77777777778
Argon,1,90,260.0,0.3,100.0,207.0,50.0,0,1,60.0,Gas,0.0,298.0,298.0,Fail,8666.666666666668,866.6666666666667,144444.44444444444
Argon,1,90,200.0,0.3,100.0,207.0,50.0,0,1,60.0,Gas,0.0,298.0,298.0,Fail,6666.666666666667,666.6666666666667,111111.11111111111
Argon,1,90,100.0,0.5,50.0,40.0,50.0,0,0.95,25.0,Gas,0.0,298.0,298.0,Fail,4000.0,200.0,160000.0
Argon,1,90,220.7,1.0,85.0,40.0,50.0,0,0.95,25.0,Gas,0.0,298.0,298.0,Success,2596.4705882352937,220.7,103858.82352941178
Argon,1,90,145.0,1.0,85.0,40.0,50.0,0,0.95,25.0,Gas,0.0,298.0,298.0,Success,1705.8823529411764,145.0,68235.29411764706
Argon,1,90,190.0,1.5,50.0,40.0,50.0,0,0.95,25.0,Gas,0.0,298.0,298.0,Success,2533.3333333333335,126.66666666666667,101333.33333333334
Argon,1,90,145.0,1.0,143.9,40.0,50.0,0,0.95,25.0,Gas,0.0,298.0,298.0,Fail,1007.6441973592773,145.0,40305.76789437109
Argon,1,90,100.0,1.5,50.0,40.0,50.0,0,0.95,25.0,Gas,0.0,298.0,298.0,Fail,1333.3333333333335,66.66666666666667,53333.333333333336
Argon,1,90,69.3,1.0,85.0,40.0,50.0,0,0.95,25.0,Gas,0.0,298.0,298.0,Fail,815.2941176470588,69.3,32611.764705882357
Argon,1,90,190.0,0.5,120.0,40.0,50.0,0,0.95,25.0,Gas,0.0,298.0,298.0,Success,3166.666666666667,380.0,126666.66666666666
Argon,1,90,190.0,1.5,120.0,40.0,50.0,0,0.95,25.0,Gas,0.0,298.0,298.0,Fail,1055.5555555555557,126.66666666666667,42222.222222222226
Argon,1,90,190.0,0.5,50.0,40.0,50.0,0,0.95,25.0,Gas,0.0,298.0,298.0,Fail,7600.0,380.0,304000.0
Argon,1,90,145.0,1.8409,85.0,40.0,50.0,0,0.95,25.0,Gas,0.0,298.0,298.0,Fail,926.656718420977,78.76582106578304,37066.26873683909
Argon,1,90,100.0,1.5,120.0,40.0,50.0,0,0.95,25.0,Gas,0.0,298.0,298.0,Fail,555.5555555555555,66.66666666666667,22222.222222222223
Argon,1,90,100.0,0.5,120.0,40.0,50.0,0,0.95,25.0,Gas,0.0,298.0,298.0,Fail,1666.6666666666667,200.0,66666.66666666667
Argon,1,90,145.0,1.0,26.1,40.0,50.0,0,0.95,25.0,Gas,0.0,298.0,298.0,Fail,5555.555555555555,145.0,222222.22222222222
Argon,1,90,145.0,0.1591,85.0,40.0,50.0,0,0.95,25.0,Gas,0.0,298.0,298.0,Fail,10722.076385551078,911.3764927718416,428883.0554220432
Argon,1,90,209.6,1.023,57.4,40.0,50.0,0,0.95,25.0,Gas,0.0,298.0,298.0,Fail,3569.4701312325233,204.88758553274684,142778.80524930093
Argon,1,90,217.4,1.736,51.3,40.0,50.0,0,0.95,25.0,Gas,0.0,298.0,298.0,Success,2441.138689016448,125.23041474654379,97645.54756065793
Argon,1,90,145.0,1.0,87.16,40.0,50.0,0,0.95,25.0,Gas,0.0,298.0,298.0,Success,1663.607159247361,145.0,66544.28636989444
Argon,1,90,90.0,0.8,140.0,80.0,50.0,0,1,30.0,Gas,0.0,308.15,298.0,Fail,803.5714285714286,112.5,26785.71428571429
Argon,1,90,120.0,0.8,140.0,80.0,50.0,0,1,30.0,Gas,0.0,308.15,298.0,Fail,1071.4285714285713,150.0,35714.28571428572
Argon,1,90,160.0,0.8,140.0,80.0,50.0,0,1,30.0,Gas,0.0,308.15,298.0,Fail,1428.5714285714284,200.0,47619.047619047626
Argon,1,90,200.0,0.8,140.0,80.0,50.0,0,1,30.0,Gas,0.0,308.15,298.0,Fail,1785.7142857142858,250.0,59523.80952380953
Argon,1,90,240.0,0.8,140.0,80.0,50.0,0,1,30.0,Gas,0.0,308.15,298.0,Fail,2142.8571428571427,300.0,71428.57142857143
Argon,1,90,280.0,0.8,140.0,80.0,50.0,0,1,30.0,Gas,0.0,308.15,298.0,Fail,2500.0,350.0,83333.33333333334
Argon,1,90,320.0,0.8,140.0,80.0,50.0,0,1,30.0,Gas,0.0,308.15,298.0,Fail,2857.142857142857,400.0,95238.09523809525
Argon,1,90,360.0,0.8,140.0,80.0,50.0,0,1,30.0,Gas,0.0,308.15,298.0,Fail,3214.285714285714,450.0,107142.85714285716
Argon,1,90,100.0,1.2,140.0,80.0,50.0,0,1,30.0,Gas,0.0,308.15,298.0,Fail,595.2380952380952,83.33333333333334,19841.269841269845
Argon,1,90,150.0,1.2,140.0,80.0,50.0,0,1,30.0,Gas,0.0,308.15,298.0,Fail,892.8571428571428,125.0,29761.904761904767
Argon,1,90,195.0,1.2,140.0,80.0,50.0,0,1,30.0,Gas,0.0,308.15,298.0,Fail,1160.7142857142856,162.5,38690.4761904762
Argon,1,90,223.0,1.2,140.0,80.0,50.0,0,1,30.0,Gas,0.0,308.15,298.0,Fail,1327.3809523809523,185.83333333333334,44246.03174603175
Argon,1,90,250.0,1.2,140.0,80.0,50.0,0,1,30.0,Gas,0.0,308.15,298.0,Fail,1488.095238095238,208.33333333333334,49603.17460317461
Argon,1,90,280.0,1.2,140.0,80.0,50.0,0,1,30.0,Gas,0.0,308.15,298.0,Fail,1666.6666666666665,233.33333333333334,55555.55555555556
Argon,1,90,310.0,1.2,140.0,80.0,50.0,0,1,30.0,Gas,0.0,308.15,298.0,Fail,1845.2380952380952,258.33333333333337,61507.936507936516
Argon,1,90,335.0,1.2,140.0,80.0,50.0,0,1,30.0,Gas,0.0,308.15,298.0,Fail,1994.047619047619,279.1666666666667,66468.25396825398
Argon,1,90,364.0,1.2,140.0,80.0,50.0,0,1,30.0,Gas,0.0,308.15,298.0,Fail,2166.6666666666665,303.33333333333337,72222.22222222223
Argon,1,90,280.0,1.2,140.0,80.0,50.0,0,1,60.0,Gas,0.0,308.15,298.0,Fail,1666.6666666666665,233.33333333333334,27777.77777777778
Argon,1,90,280.0,1.2,200.0,80.0,50.0,0,1,30.0,Gas,0.0,308.15,298.0,Fail,1166.6666666666667,233.33333333333334,38888.88888888889
Argon,1,90,280.0,1.2,230.0,80.0,50.0,0,1,30.0,Gas,0.0,308.15,298.0,Fail,1014.4927536231883,233.33333333333334,33816.42512077295
Argon,1,90,280.0,1.2,140.0,80.0,49.61538461538461,0,1,20.133333333333333,Gas,0.0,298.0,298.0,Fail,1666.6666666666665,233.33333333333334,82781.4569536424
Argon,1,90,280.0,0.4,140.0,80.0,49.23076923076923,0,1,53.41933333333332,Gas,0.0,298.0,298.0,Fail,5000.0,700.0,93599.07149721078
Argon,1,90,280.0,0.8,140.0,80.0,48.84615384615385,0,1,30.64666666666667,Gas,0.0,298.0,298.0,Fail,2500.0,350.0,81574.9401783772
Argon,1,90,280.0,1.0,140.0,80.0,48.46153846153846,0,1,26.046666666666667,Gas,0.0,298.0,298.0,Fail,1999.9999999999998,280.0,76785.25723061172
Argon,1,90,280.0,1.5,80.0,80.0,48.07692307692308,0,1,29.53,Gas,0.0,298.0,298.0,Fail,2333.3333333333335,186.66666666666666,79015.69025849419
Argon,1,90,280.0,1.2,140.0,80.0,47.69230769230769,0,1,20.1,Gas,0.0,298.0,298.0,Fail,1666.6666666666665,233.33333333333334,82918.73963515754
Argon,1,90,280.0,1.2,140.0,80.0,47.30769230769231,0,1,20.1,Gas,0.0,298.0,298.0,Fail,1666.6666666666665,233.33333333333334,82918.73963515754
Argon,1,90,280.0,1.2,50.0,80.0,46.92307692307692,0,1,52.14266666666666,Gas,0.0,298.0,298.0,Fail,4666.666666666667,233.33333333333334,89498.04382847062
Argon,1,90,280.0,1.2,140.0,80.0,46.53846153846154,0,1,20.1,Gas,0.0,298.0,298.0,Fail,1666.6666666666665,233.33333333333334,82918.73963515754
Argon,1,90,280.0,1.2,160.0,80.0,46.15384615384615,0,1,20.871000000000002,Gas,0.0,298.0,298.0,Fail,1458.3333333333333,233.33333333333334,69873.6684075192
Argon,1,90,280.0,1.2,40.0,80.0,45.76923076923077,0,1,72.68333333333334,Gas,0.0,298.0,298.0,Fail,5833.333333333333,233.33333333333334,80256.82182985553
Argon,1,90,280.0,1.0,240.0,80.0,45.38461538461539,0,1,22.1,Gas,0.0,298.0,298.0,Fail,1166.6666666666667,280.0,52790.34690799397
Argon,1,90,185.0,0.75,110.0,65.0,45.0,0,1,50.0,Gas,0.0,298.0,298.0,Fail,2242.4242424242425,246.66666666666666,44848.48484848485
Argon,1,90,310.0,0.6,100.0,100.0,46.8,0,1,100.0,Gas,0.0,298.0,298.0,Fail,5166.666666666667,516.6666666666667,51666.666666666664
Argon,1,90,520.0,0.45,100.0,100.0,48.6,0,1,100.0,Gas,0.0,298.0,298.0,Fail,11555.555555555557,1155.5555555555554,115555.55555555556
Argon,1,90,520.0,0.3,100.0,100.0,50.4,0,1,100.0,Gas,0.0,298.0,298.0,Fail,17333.333333333336,1733.3333333333335,173333.33333333334
Argon,1,90,470.0,0.4,100.0,100.0,52.2,0,1,100.0,Gas,0.0,298.0,298.0,Fail,11750.0,1175.0,117500.0
Argon,1,90,415.0,0.45,100.0,100.0,54.0,0,1,100.0,Gas,0.0,298.0,298.0,Fail,9222.222222222223,922.2222222222222,92222.22222222223
Argon,1,90,365.0,0.4,100.0,100.0,55.8,0,1,100.0,Gas,0.0,298.0,298.0,Fail,9125.0,912.5,91250.0
Argon,1,90,520.0,0.5,100.0,100.0,57.6,0,1,100.0,Gas,0.0,298.0,298.0,Fail,10400.0,1040.0,104000.0
Argon,1,90,470.0,1.0,100.0,100.0,59.4,0,1,100.0,Gas,0.0,298.0,298.0,Fail,4700.0,470.0,47000.0
Argon,1,90,470.0,0.4,100.0,100.0,61.2,0,1,100.0,Gas,0.0,298.0,298.0,Fail,11750.0,1175.0,117500.0
Argon,1,90,100.0,0.2,100.0,200.0,63.0,0,1,50.0,Gas,0.0,298.0,298.0,Fail,5000.0,500.0,100000.0
Argon,1,90,200.0,0.22,100.0,200.0,63.0,0,1,50.0,Gas,0.0,298.0,298.0,Fail,9090.909090909092,909.0909090909091,181818.18181818185
Argon,1,90,200.0,2.22,100.0,200.0,63.0,0,1,50.0,Gas,0.0,298.0,298.0,Fail,900.9009009009008,90.09009009009009,18018.018018018018
Argon,1,0,180.0,0.6,90.0,50.0,45.0,0,1,45.0,Gas,0.0,298.0,298.0,Fail,3333.3333333333335,300.0,74074.07407407407
Argon,1,0,210.0,0.6,90.0,50.0,45.0,0,1,45.0,Gas,0.0,298.0,298.0,Fail,3888.888888888889,350.0,86419.75308641976
Argon,1,0,210.0,0.6,120.0,50.0,45.0,0,1,45.0,Gas,0.0,298.0,298.0,Fail,2916.6666666666665,350.0,64814.81481481482
Argon,1,0,20.0,0.6,90.0,50.0,45.0,0,1,45.0,Gas,0.0,298.0,298.0,Fail,370.3703703703704,33.333333333333336,8230.45267489712
Argon,1,0,240.0,0.6,120.0,50.0,45.0,0,1,45.0,Gas,0.0,298.0,298.0,Fail,3333.333333333333,400.0,74074.07407407407
Argon,1,0,240.0,0.6,150.0,50.0,45.0,0,1,45.0,Gas,0.0,298.0,298.0,Fail,2666.666666666667,400.0,59259.25925925926
Argon,1,90,285.0,0.95,110.0,80.0,53.0,0,1,40.0,Gas,0.0,298.0,298.0,Fail,2727.2727272727275,300.0,68181.81818181819
Argon,1,90,370.0,1.0,90.0,80.0,50.666666666666664,0,1,50.0,Gas,0.0,298.0,298.0,Fail,4111.111111111111,370.0,82222.22222222223
Argon,1,90,370.0,1.6,90.0,80.0,48.333333333333336,0,1,50.0,Gas,0.0,298.0,298.0,Fail,2569.4444444444443,231.25,51388.88888888889
Argon,1,90,150.0,0.8,110.0,80.0,46.0,0,1,50.0,Gas,0.0,298.0,298.0,Fail,1704.5454545454547,187.5,34090.909090909096
Argon,1,90,200.0,0.8,60.0,80.0,50.9,0,1,40.0,Gas,0.0,298.0,298.0,Fail,4166.666666666667,250.0,104166.66666666667
Argon,1,90,200.0,0.8,90.0,80.0,50.9,0,1,40.0,Gas,0.0,298.0,298.0,Fail,2777.7777777777774,250.0,69444.44444444445
Argon,1,90,200.0,0.8,120.0,80.0,50.9,0,1,40.0,Gas,0.0,298.0,298.0,Fail,2083.3333333333335,250.0,52083.333333333336
Argon,1,90,200.0,0.8,160.0,80.0,50.9,0,1,40.0,Gas,0.0,298.0,298.0,Fail,1562.5,250.0,39062.5
Argon,1,90,200.0,1.2,60.0,80.0,50.9,0,1,40.0,Gas,0.0,298.0,298.0,Fail,2777.7777777777774,166.66666666666669,69444.44444444445
Argon,1,90,200.0,1.2,90.0,80.0,50.9,0,1,40.0,Gas,0.0,298.0,298.0,Fail,1851.851851851852,166.66666666666669,46296.2962962963
Argon,1,90,200.0,1.2,120.0,80.0,50.9,0,1,40.0,Gas,0.0,298.0,298.0,Fail,1388.8888888888887,166.66666666666669,34722.222222222226
Argon,1,90,200.0,1.2,160.0,80.0,50.9,0,1,40.0,Gas,0.0,298.0,298.0,Fail,1041.6666666666667,166.66666666666669,26041.666666666668
Argon,1,90,200.0,1.6,60.0,80.0,50.9,0,1,40.0,Gas,0.0,298.0,298.0,Fail,2083.3333333333335,125.0,52083.333333333336
Argon,1,90,200.0,1.6,90.0,80.0,50.9,0,1,40.0,Gas,0.0,298.0,298.0,Fail,1388.8888888888887,125.0,34722.222222222226
Argon,1,90,200.0,1.6,120.0,80.0,50.9,0,1,40.0,Gas,0.0,298.0,298.0,Fail,1041.6666666666667,125.0,26041.666666666668
Argon,1,90,200.0,1.6,160.0,80.0,50.9,0,1,40.0,Gas,0.0,298.0,298.0,Fail,781.25,125.0,19531.25
Argon,1,90,200.0,2.0,60.0,80.0,50.9,0,1,40.0,Gas,0.0,298.0,298.0,Fail,1666.6666666666667,100.0,41666.66666666667
Argon,1,90,200.0,2.0,90.0,80.0,50.9,0,1,40.0,Gas,0.0,298.0,298.0,Fail,1111.111111111111,100.0,27777.777777777777
Argon,1,90,200.0,2.0,120.0,80.0,50.9,0,1,40.0,Gas,0.0,298.0,298.0,Fail,833.3333333333334,100.0,20833.333333333336
Argon,1,90,200.0,2.0,160.0,80.0,50.9,0,1,40.0,Gas,0.0,298.0,298.0,Fail,625.0,100.0,15625.000000000002
Argon,1,90,260.0,0.8,60.0,80.0,50.9,0,1,40.0,Gas,0.0,298.0,298.0,Fail,5416.666666666667,325.0,135416.6666666667
Argon,1,90,260.0,0.8,90.0,80.0,50.9,0,1,40.0,Gas,0.0,298.0,298.0,Fail,3611.111111111111,325.0,90277.77777777778
Argon,1,90,260.0,0.8,120.0,80.0,50.9,0,1,40.0,Gas,0.0,298.0,298.0,Fail,2708.3333333333335,325.0,67708.33333333334
Argon,1,90,260.0,0.8,160.0,80.0,50.9,0,1,40.0,Gas,0.0,298.0,298.0,Fail,2031.25,325.0,50781.25000000001
Argon,1,90,260.0,1.2,60.0,80.0,50.9,0,1,40.0,Gas,0.0,298.0,298.0,Fail,3611.111111111111,216.66666666666669,90277.77777777778
Argon,1,90,260.0,1.2,90.0,80.0,50.9,0,1,40.0,Gas,0.0,298.0,298.0,Fail,2407.4074074074074,216.66666666666669,60185.18518518518
Argon,1,90,260.0,1.2,120.0,80.0,50.9,0,1,40.0,Gas,0.0,298.0,298.0,Fail,1805.5555555555554,216.66666666666669,45138.88888888889
Argon,1,90,260.0,1.2,160.0,80.0,50.9,0,1,40.0,Gas,0.0,298.0,298.0,Fail,1354.1666666666667,216.66666666666669,33854.16666666667
Argon,1,90,260.0,1.6,60.0,80.0,50.9,0,1,40.0,Gas,0.0,298.0,298.0,Fail,2708.3333333333335,162.5,67708.33333333334
Argon,1,90,260.0,1.6,90.0,80.0,50.9,0,1,40.0,Gas,0.0,298.0,298.0,Fail,1805.5555555555554,162.5,45138.88888888889
Argon,1,90,260.0,1.6,120.0,80.0,50.9,0,1,40.0,Gas,0.0,298.0,298.0,Fail,1354.1666666666667,162.5,33854.16666666667
Argon,1,90,260.0,1.6,160.0,80.0,50.9,0,1,40.0,Gas,0.0,298.0,298.0,Fail,1015.625,162.5,25390.625000000004
Argon,1,90,260.0,2.0,60.0,80.0,50.9,0,1,40.0,Gas,0.0,298.0,298.0,Fail,2166.666666666667,130.0,54166.66666666667
Argon,1,90,260.0,2.0,90.0,80.0,50.9,0,1,40.0,Gas,0.0,298.0,298.0,Fail,1444.4444444444446,130.0,36111.11111111111
Argon,1,90,260.0,2.0,120.0,80.0,50.9,0,1,40.0,Gas,0.0,298.0,298.0,Fail,1083.3333333333335,130.0,27083.333333333336
Argon,1,90,260.0,2.0,160.0,80.0,50.9,0,1,40.0,Gas,0.0,298.0,298.0,Fail,812.5,130.0,20312.5
Argon,1,90,320.0,0.8,60.0,80.0,50.9,0,1,40.0,Gas,0.0,298.0,298.0,Fail,6666.666666666667,400.0,166666.6666666667
Argon,1,90,320.0,0.8,90.0,80.0,50.9,0,1,40.0,Gas,0.0,298.0,298.0,Fail,4444.444444444444,400.0,111111.11111111112
Argon,1,90,320.0,0.8,120.0,80.0,50.9,0,1,40.0,Gas,0.0,298.0,298.0,Fail,3333.3333333333335,400.0,83333.33333333334
Argon,1,90,320.0,0.8,160.0,80.0,50.9,0,1,40.0,Gas,0.0,298.0,298.0,Fail,2500.0,400.0,62500.00000000001
Argon,1,90,320.0,1.2,60.0,80.0,50.9,0,1,40.0,Gas,0.0,298.0,298.0,Fail,4444.444444444444,266.6666666666667,111111.11111111112
Argon,1,90,320.0,1.2,90.0,80.0,50.9,0,1,40.0,Gas,0.0,298.0,298.0,Fail,2962.962962962963,266.6666666666667,74074.07407407407
Argon,1,90,320.0,1.2,120.0,80.0,50.9,0,1,40.0,Gas,0.0,298.0,298.0,Fail,2222.222222222222,266.6666666666667,55555.55555555556
Argon,1,90,320.0,1.2,160.0,80.0,50.9,0,1,40.0,Gas,0.0,298.0,298.0,Fail,1666.6666666666667,266.6666666666667,41666.66666666667
Argon,1,90,320.0,1.6,60.0,80.0,50.9,0,1,40.0,Gas,0.0,298.0,298.0,Fail,3333.3333333333335,200.0,83333.33333333334
Argon,1,90,320.0,1.6,90.0,80.0,50.9,0,1,40.0,Gas,0.0,298.0,298.0,Fail,2222.222222222222,200.0,55555.55555555556
Argon,1,90,320.0,1.6,120.0,80.0,50.9,0,1,40.0,Gas,0.0,298.0,298.0,Fail,1666.6666666666667,200.0,41666.66666666667
Argon,1,90,320.0,1.6,160.0,80.0,50.9,0,1,40.0,Gas,0.0,298.0,298.0,Fail,1250.0,200.0,31250.000000000004
Argon,1,90,320.0,2.0,60.0,80.0,50.9,0,1,40.0,Gas,0.0,298.0,298.0,Fail,2666.666666666667,160.0,66666.66666666667
Argon,1,90,320.0,2.0,90.0,80.0,50.9,0,1,40.0,Gas,0.0,298.0,298.0,Fail,1777.7777777777778,160.0,44444.444444444445
Argon,1,90,320.0,2.0,120.0,80.0,50.9,0,1,40.0,Gas,0.0,298.0,298.0,Fail,1333.3333333333335,160.0,33333.333333333336
Argon,1,90,320.0,2.0,160.0,80.0,50.9,0,1,40.0,Gas,0.0,298.0,298.0,Fail,1000.0,160.0,25000.000000000004
Argon,1,90,380.0,0.8,60.0,80.0,50.9,0,1,40.0,Gas,0.0,298.0,298.0,Fail,7916.666666666666,475.0,197916.6666666667
Argon,1,90,380.0,0.8,90.0,80.0,50.9,0,1,40.0,Gas,0.0,298.0,298.0,Fail,5277.777777777777,475.0,131944.44444444447
Argon,1,90,380.0,0.8,120.0,80.0,50.9,0,1,40.0,Gas,0.0,298.0,298.0,Fail,3958.333333333333,475.0,98958.33333333334
Argon,1,90,380.0,0.8,160.0,80.0,50.9,0,1,40.0,Gas,0.0,298.0,298.0,Fail,2968.75,475.0,74218.75
Argon,1,90,380.0,1.2,60.0,80.0,50.9,0,1,40.0,Gas,0.0,298.0,298.0,Fail,5277.777777777777,316.6666666666667,131944.44444444447
Argon,1,90,380.0,1.2,90.0,80.0,50.9,0,1,40.0,Gas,0.0,298.0,298.0,Fail,3518.5185185185187,316.6666666666667,87962.96296296296
Argon,1,90,380.0,1.2,120.0,80.0,50.9,0,1,40.0,Gas,0.0,298.0,298.0,Fail,2638.8888888888887,316.6666666666667,65972.22222222223
Argon,1,90,380.0,1.2,160.0,80.0,50.9,0,1,40.0,Gas,0.0,298.0,298.0,Fail,1979.1666666666665,316.6666666666667,49479.16666666667
Argon,1,90,380.0,1.6,60.0,80.0,50.9,0,1,40.0,Gas,0.0,298.0,298.0,Fail,3958.333333333333,237.5,98958.33333333334
Argon,1,90,380.0,1.6,90.0,80.0,50.9,0,1,40.0,Gas,0.0,298.0,298.0,Fail,2638.8888888888887,237.5,65972.22222222223
Argon,1,90,380.0,1.6,120.0,80.0,50.9,0,1,40.0,Gas,0.0,298.0,298.0,Fail,1979.1666666666665,237.5,49479.16666666667
Argon,1,90,380.0,1.6,160.0,80.0,50.9,0,1,40.0,Gas,0.0,298.0,298.0,Fail,1484.375,237.5,37109.375
Argon,1,90,380.0,2.0,60.0,80.0,50.9,0,1,40.0,Gas,0.0,298.0,298.0,Fail,3166.666666666667,190.0,79166.66666666667
Argon,1,90,380.0,2.0,90.0,80.0,50.9,0,1,40.0,Gas,0.0,298.0,298.0,Fail,2111.1111111111113,190.0,52777.77777777778
Argon,1,90,380.0,2.0,120.0,80.0,50.9,0,1,40.0,Gas,0.0,298.0,298.0,Fail,1583.3333333333335,190.0,39583.333333333336
Argon,1,90,380.0,2.0,160.0,80.0,50.9,0,1,40.0,Gas,0.0,298.0,298.0,Fail,1187.5,190.0,29687.500000000004
Nitrogen,1,z-direction,100.0,0.5,80.0,80.0,51.46666666666667,0,1,30.0,Gas,0.0,298.0,298.0,Fail,2500.0,200.0,83333.33333333334
Nitrogen,1,z-direction,100.0,0.8,80.0,80.0,52.03333333333333,0,1,30.0,Gas,0.0,298.0,298.0,Fail,1562.5,125.0,52083.333333333336
Nitrogen,1,z-direction,100.0,1.1,80.0,80.0,52.6,0,1,30.0,Gas,0.0,298.0,298.0,Fail,1136.3636363636365,90.9090909090909,37878.78787878788
Nitrogen,1,z-direction,200.0,0.5,80.0,80.0,53.166666666666664,0,1,30.0,Gas,0.0,298.0,298.0,Fail,5000.0,400.0,166666.6666666667
Nitrogen,1,z-direction,200.0,0.8,80.0,80.0,53.733333333333334,0,1,30.0,Gas,0.0,298.0,298.0,Fail,3125.0,250.0,104166.66666666667
Nitrogen,1,z-direction,200.0,1.1,80.0,80.0,54.3,0,1,30.0,Gas,0.0,298.0,298.0,Fail,2272.727272727273,181.8181818181818,75757.57575757576
Nitrogen,1,z-direction,300.0,0.5,80.0,80.0,54.86666666666667,0,1,30.0,Gas,0.0,298.0,298.0,Fail,7500.0,600.0,250000.00000000003
Nitrogen,1,z-direction,300.0,0.8,80.0,80.0,55.43333333333334,0,1,30.0,Gas,0.0,298.0,298.0,Fail,4687.5,375.0,156250.0
Nitrogen,1,z-direction,300.0,1.1,80.0,80.0,56.0,0,1,30.0,Gas,0.0,298.0,298.0,Fail,3409.0909090909095,272.7272727272727,113636.36363636363
Nitrogen,1,z-direction,200.0,0.835,120.0,80.0,56.56666666666667,0,1,30.0,Gas,0.0,298.0,298.0,Success,1996.007984031936,239.52095808383234,66533.59946773121
Nitrogen,1,z-direction,230.0,0.835,120.0,80.0,57.13333333333333,0,1,30.0,Gas,0.0,298.0,298.0,Success,2295.4091816367268,275.4491017964072,76513.6393878909
Nitrogen,1,z-direction,210.0,0.835,100.0,80.0,57.7,0,1,30.0,Gas,0.0,298.0,298.0,Fail,2514.970059880239,251.49700598802397,83832.33532934132
Nitrogen,1,z-direction,210.0,0.835,80.0,80.0,58.266666666666666,0,1,30.0,Gas,0.0,298.0,298.0,Fail,3143.7125748502995,251.49700598802397,104790.41916167666
Nitrogen,1,z-direction,200.0,0.835,120.0,80.0,58.833333333333336,0,1,30.0,Gas,0.0,298.0,298.0,Success,1996.007984031936,239.52095808383234,66533.59946773121
Nitrogen,1,z-direction,200.0,0.835,100.0,80.0,59.400000000000006,0,1,30.0,Gas,0.0,298.0,298.0,Success,2395.2095808383233,239.52095808383234,79840.31936127745
Nitrogen,1,z-direction,210.0,0.835,80.0,80.0,59.96666666666667,0,1,30.0,Gas,0.0,298.0,298.0,Fail,3143.7125748502995,251.49700598802397,104790.41916167666
Nitrogen,1,z-direction,210.0,0.835,80.0,80.0,60.53333333333333,0,1,30.0,Gas,0.0,298.0,298.0,Fail,3143.7125748502995,251.49700598802397,104790.41916167666
Argon,1,90,100.0,0.8,70.0,80.0,61.1,0,1,40.0,Gas,0.0,298.0,473.15,Fail,1785.7142857142858,125.0,44642.857142857145
Argon,1,90,100.0,0.8,70.0,80.0,62.9,0,1,40.0,Gas,0.0,298.0,473.15,Fail,1785.7142857142858,125.0,44642.857142857145
Argon,1,90,100.0,0.8,70.0,80.0,30.4,0,1,40.0,Gas,0.0,298.0,473.15,Fail,1785.7142857142858,125.0,44642.857142857145
Argon,1,90,100.0,0.8,70.0,80.0,63.1,0,1,40.0,Gas,0.0,298.0,473.15,Fail,1785.7142857142858,125.0,44642.857142857145
Argon,1,90,340.0,1.3,130.0,80.0,33.3,0,1,30.0,Gas,0.0,298.0,353.15,Fail,2011.834319526627,261.53846153846155,67061.14398422091
Argon,1,90,340.0,1.3,130.0,80.0,67.4,0,1,30.0,Gas,0.0,298.0,353.15,Fail,2011.834319526627,261.53846153846155,67061.14398422091
Argon,1,90,340.0,1.3,130.0,80.0,80.3,0,1,30.0,Gas,0.0,298.0,353.15,Fail,2011.834319526627,261.53846153846155,67061.14398422091
Argon,1,90,340.0,1.3,130.0,80.0,113.8,0,1,30.0,Gas,0.0,298.0,353.15,Fail,2011.834319526627,261.53846153846155,67061.14398422091
Argon,1,90,45.0,0.07,100.0,30.0,40.8,0,1,25.0,Gas,0.0,298.0,298.0,Fail,6428.5714285714275,642.8571428571428,257142.8571428571
Argon,1,90,45.0,0.09,100.0,30.0,40.8,0,1,25.0,Gas,0.0,298.0,298.0,Fail,4999.999999999999,500.0,200000.0
Argon,1,90,45.0,0.11,100.0,30.0,40.8,0,1,25.0,Gas,0.0,298.0,298.0,Fail,4090.909090909091,409.09090909090907,163636.36363636365
Argon,1,90,45.0,0.125,100.0,30.0,40.8,0,1,25.0,Gas,0.0,298.0,298.0,Fail,3600.0,360.0,144000.0
Argon,1,90,45.0,0.165,100.0,30.0,40.8,0,1,25.0,Gas,0.0,298.0,298.0,Fail,2727.272727272727,272.7272727272727,109090.90909090909
Argon,1,90,45.0,0.18,100.0,30.0,40.8,0,1,25.0,Gas,0.0,298.0,298.0,Fail,2499.9999999999995,250.0,100000.0
Argon,1,90,45.0,0.2,100.0,30.0,40.8,0,1,25.0,Gas,0.0,298.0,298.0,Fail,2250.0,225.0,90000.0
Argon,1,90,45.0,0.215,100.0,30.0,40.8,0,1,25.0,Gas,0.0,298.0,298.0,Fail,2093.0232558139533,209.30232558139537,83720.93023255814
Argon,1,90,45.0,0.23,100.0,30.0,40.8,0,1,25.0,Gas,0.0,298.0,298.0,Fail,1956.5217391304348,195.65217391304347,78260.86956521739
Argon,1,90,45.0,0.265,100.0,30.0,40.8,0,1,25.0,Gas,0.0,298.0,298.0,Fail,1698.1132075471698,169.81132075471697,67924.52830188679
Argon,1,90,45.0,0.28,100.0,30.0,40.8,0,1,25.0,Gas,0.0,298.0,298.0,Fail,1607.1428571428569,160.7142857142857,64285.714285714275
Argon,1,90,45.0,0.3,100.0,30.0,40.8,0,1,25.0,Gas,0.0,298.0,298.0,Fail,1500.0,150.0,60000.0
Argon,1,90,45.0,0.32,100.0,30.0,40.8,0,1,25.0,Gas,0.0,298.0,298.0,Fail,1406.25,140.625,56250.00000000001
Argon,1,90,45.0,0.335,100.0,30.0,40.8,0,1,25.0,Gas,0.0,298.0,298.0,Fail,1343.283582089552,134.32835820895522,53731.34328358209
Argon,1,90,45.0,0.355,100.0,30.0,40.8,0,1,25.0,Gas,0.0,298.0,298.0,Fail,1267.6056338028168,126.7605633802817,50704.22535211268
Argon,1,90,45.0,0.375,100.0,30.0,40.8,0,1,25.0,Gas,0.0,298.0,298.0,Fail,1200.0,120.0,48000.0
Argon,1,90,45.0,0.39,100.0,30.0,40.8,0,1,25.0,Gas,0.0,298.0,298.0,Fail,1153.8461538461538,115.38461538461539,46153.846153846156
Argon,1,90,45.0,0.4,100.0,30.0,40.8,0,1,25.0,Gas,0.0,298.0,298.0,Fail,1125.0,112.5,45000.0
Argon,1,90,45.0,0.425,100.0,30.0,40.8,0,1,25.0,Gas,0.0,298.0,298.0,Fail,1058.8235294117646,105.88235294117648,42352.941176470595
Argon,1,90,45.0,0.445,100.0,30.0,40.8,0,1,25.0,Gas,0.0,298.0,298.0,Fail,1011.2359550561798,101.12359550561797,40449.43820224719
Argon,1,90,45.0,0.455,100.0,30.0,40.8,0,1,25.0,Gas,0.0,298.0,298.0,Fail,989.0109890109891,98.90109890109889,39560.43956043956
Argon,1,90,45.0,0.475,100.0,30.0,40.8,0,1,25.0,Gas,0.0,298.0,298.0,Fail,947.3684210526316,94.73684210526316,37894.73684210527
Argon,1,90,45.0,0.495,100.0,30.0,40.8,0,1,25.0,Gas,0.0,298.0,298.0,Fail,909.090909090909,90.9090909090909,36363.63636363637
Argon,1,90,45.0,0.51,100.0,30.0,40.8,0,1,25.0,Gas,0.0,298.0,298.0,Fail,882.3529411764705,88.23529411764706,35294.117647058825
Argon,1,90,45.0,0.525,100.0,30.0,40.8,0,1,25.0,Gas,0.0,298.0,298.0,Fail,857.1428571428572,85.71428571428571,34285.71428571429
Argon,1,90,45.0,0.545,100.0,30.0,40.8,0,1,25.0,Gas,0.0,298.0,298.0,Fail,825.6880733944953,82.56880733944953,33027.52293577981
Argon,1,90,70.0,0.1,100.0,30.0,40.8,0,1,25.0,Gas,0.0,298.0,298.0,Fail,7000.0,700.0,280000.0
Argon,1,90,70.0,0.09,100.0,30.0,40.8,0,1,25.0,Gas,0.0,298.0,298.0,Fail,7777.7777777777765,777.7777777777778,311111.1111111111
Argon,1,90,70.0,0.105,100.0,30.0,40.8,0,1,25.0,Gas,0.0,298.0,298.0,Fail,6666.666666666666,666.6666666666667,266666.6666666667
Argon,1,90,70.0,0.08,100.0,30.0,40.8,0,1,25.0,Gas,0.0,298.0,298.0,Fail,8750.0,875.0,350000.00000000006
Argon,1,90,70.0,0.099,100.0,30.0,40.8,0,1,25.0,Gas,0.0,298.0,298.0,Fail,7070.70707070707,707.070707070707,282828.28282828286
Argon,1,90,70.0,0.2,100.0,30.0,40.8,0,1,25.0,Gas,0.0,298.0,298.0,Fail,3500.0,350.0,140000.0
Argon,1,90,70.0,0.19,100.0,30.0,40.8,0,1,25.0,Gas,0.0,298.0,298.0,Fail,3684.2105263157896,368.42105263157896,147368.42105263157
Argon,1,90,70.0,0.21,100.0,30.0,40.8,0,1,25.0,Gas,0.0,298.0,298.0,Fail,3333.333333333333,333.33333333333337,133333.33333333334
Argon,1,90,70.0,0.18,100.0,30.0,40.8,0,1,25.0,Gas,0.0,298.0,298.0,Fail,3888.8888888888882,388.8888888888889,155555.55555555556
Argon,1,90,70.0,0.215,100.0,30.0,40.8,0,1,25.0,Gas,0.0,298.0,298.0,Fail,3255.8139534883717,325.5813953488372,130232.55813953489
Argon,1,90,70.0,0.265,100.0,30.0,40.8,0,1,25.0,Gas,0.0,298.0,298.0,Fail,2641.509433962264,264.1509433962264,105660.37735849057
Argon,1,90,70.0,0.28,100.0,30.0,40.8,0,1,25.0,Gas,0.0,298.0,298.0,Fail,2499.9999999999995,249.99999999999997,99999.99999999999
Argon,1,90,70.0,0.3,100.0,30.0,40.8,0,1,25.0,Gas,0.0,298.0,298.0,Fail,2333.3333333333335,233.33333333333334,93333.33333333333
Argon,1,90,70.0,0.32,100.0,30.0,40.8,0,1,25.0,Gas,0.0,298.0,298.0,Fail,2187.5,218.75,87500.00000000001
Argon,1,90,70.0,0.335,100.0,30.0,40.8,0,1,25.0,Gas,0.0,298.0,298.0,Fail,2089.55223880597,208.955223880597,83582.08955223882
Argon,1,90,70.0,0.355,100.0,30.0,40.8,0,1,25.0,Gas,0.0,298.0,298.0,Fail,1971.8309859154926,197.1830985915493,78873.23943661973
Argon,1,90,70.0,0.375,100.0,30.0,40.8,0,1,25.0,Gas,0.0,298.0,298.0,Fail,1866.6666666666667,186.66666666666666,74666.66666666667
Argon,1,90,70.0,0.39,100.0,30.0,40.8,0,1,25.0,Gas,0.0,298.0,298.0,Fail,1794.871794871795,179.48717948717947,71794.8717948718
Argon,1,90,70.0,0.405,100.0,30.0,40.8,0,1,25.0,Gas,0.0,298.0,298.0,Fail,1728.395061728395,172.8395061728395,69135.8024691358
Argon,1,90,70.0,0.43,100.0,30.0,40.8,0,1,25.0,Gas,0.0,298.0,298.0,Fail,1627.9069767441858,162.7906976744186,65116.27906976744
Argon,1,90,70.0,0.445,100.0,30.0,40.8,0,1,25.0,Gas,0.0,298.0,298.0,Fail,1573.0337078651687,157.30337078651687,62921.348314606745
Argon,1,90,70.0,0.455,100.0,30.0,40.8,0,1,25.0,Gas,0.0,298.0,298.0,Fail,1538.4615384615386,153.84615384615384,61538.46153846154
Argon,1,90,70.0,0.475,100.0,30.0,40.8,0,1,25.0,Gas,0.0,298.0,298.0,Fail,1473.6842105263158,147.3684210526316,58947.36842105263
Argon,1,90,70.0,0.495,100.0,30.0,40.8,0,1,25.0,Gas,0.0,298.0,298.0,Fail,1414.141414141414,141.41414141414143,56565.65656565657
Argon,1,90,70.0,0.51,100.0,30.0,40.8,0,1,25.0,Gas,0.0,298.0,298.0,Fail,1372.549019607843,137.2549019607843,54901.96078431373
Argon,1,90,70.0,0.525,100.0,30.0,40.8,0,1,25.0,Gas,0.0,298.0,298.0,Fail,1333.3333333333335,133.33333333333331,53333.333333333336
Argon,1,90,70.0,0.544,100.0,30.0,40.8,0,1,25.0,Gas,0.0,298.0,298.0,Fail,1286.764705882353,128.67647058823528,51470.58823529411
Argon,1,90,95.0,0.1,100.0,30.0,40.8,0,1,25.0,Gas,0.0,298.0,298.0,Fail,9500.0,950.0,380000.0
Argon,1,90,95.0,0.08,100.0,30.0,40.8,0,1,25.0,Gas,0.0,298.0,298.0,Fail,11875.0,1187.5,475000.00000000006
Argon,1,90,95.0,0.099,100.0,30.0,40.8,0,1,25.0,Gas,0.0,298.0,298.0,Fail,9595.959595959595,959.5959595959596,383838.38383838383
Argon,1,90,95.0,0.115,100.0,30.0,40.8,0,1,25.0,Gas,0.0,298.0,298.0,Fail,8260.869565217392,826.0869565217391,330434.7826086957
Argon,1,90,95.0,0.2,100.0,30.0,40.8,0,1,25.0,Gas,0.0,298.0,298.0,Fail,4750.0,475.0,190000.0
Argon,1,90,95.0,0.17,100.0,30.0,40.8,0,1,25.0,Gas,0.0,298.0,298.0,Fail,5588.235294117647,558.8235294117646,223529.4117647059
Argon,1,90,95.0,0.19,100.0,30.0,40.8,0,1,25.0,Gas,0.0,298.0,298.0,Fail,5000.0,500.0,200000.0
Argon,1,90,95.0,0.21,100.0,30.0,40.8,0,1,25.0,Gas,0.0,298.0,298.0,Fail,4523.809523809524,452.3809523809524,180952.38095238098
Argon,1,90,95.0,0.225,100.0,30.0,40.8,0,1,25.0,Gas,0.0,298.0,298.0,Fail,4222.222222222223,422.22222222222223,168888.8888888889
Argon,1,90,95.0,0.3,100.0,30.0,40.8,0,1,25.0,Gas,0.0,298.0,298.0,Fail,3166.666666666667,316.6666666666667,126666.66666666666
Argon,1,90,95.0,0.28,100.0,30.0,40.8,0,1,25.0,Gas,0.0,298.0,298.0,Fail,3392.857142857142,339.2857142857143,135714.28571428568
Argon,1,90,95.0,0.32,100.0,30.0,40.8,0,1,25.0,Gas,0.0,298.0,298.0,Fail,2968.75,296.875,118750.00000000001
Argon,1,90,95.0,0.29,100.0,30.0,40.8,0,1,25.0,Gas,0.0,298.0,298.0,Fail,3275.8620689655177,327.58620689655174,131034.48275862072
Argon,1,90,95.0,0.31,100.0,30.0,40.8,0,1,25.0,Gas,0.0,298.0,298.0,Fail,3064.516129032258,306.4516129032258,122580.64516129033
Argon,1,90,95.0,0.365,100.0,30.0,40.8,0,1,25.0,Gas,0.0,298.0,298.0,Fail,2602.7397260273974,260.2739726027397,104109.5890410959
Argon,1,90,95.0,0.38,100.0,30.0,40.8,0,1,25.0,Gas,0.0,298.0,298.0,Fail,2500.0,250.0,100000.0
Argon,1,90,95.0,0.4,100.0,30.0,40.8,0,1,25.0,Gas,0.0,298.0,298.0,Fail,2375.0,237.5,95000.0
Argon,1,90,95.0,0.415,100.0,30.0,40.8,0,1,25.0,Gas,0.0,298.0,298.0,Fail,2289.156626506024,228.91566265060243,91566.26506024096
Argon,1,90,95.0,0.135,100.0,30.0,40.8,0,1,25.0,Gas,0.0,298.0,298.0,Fail,7037.037037037037,703.7037037037037,281481.4814814815
Argon,1,90,95.0,0.165,100.0,30.0,40.8,0,1,25.0,Gas,0.0,298.0,298.0,Fail,5757.575757575757,575.7575757575758,230303.0303030303
Argon,1,90,95.0,0.48,100.0,30.0,40.8,0,1,25.0,Gas,0.0,298.0,298.0,Fail,1979.1666666666665,197.91666666666669,79166.66666666667
Argon,1,90,95.0,0.5,100.0,30.0,40.8,0,1,25.0,Gas,0.0,298.0,298.0,Fail,1900.0,190.0,76000.0
Argon,1,90,95.0,0.515,100.0,30.0,40.8,0,1,25.0,Gas,0.0,298.0,298.0,Fail,1844.6601941747572,184.46601941747574,73786.40776699029
Argon,1,90,95.0,0.535,100.0,30.0,40.8,0,1,25.0,Gas,0.0,298.0,298.0,Fail,1775.7009345794393,177.57009345794393,71028.03738317758
Argon,1,90,200.0,0.02,100.0,500.0,45.0,0,1,75.0,Gas,0.0,298.0,298.0,Fail,100000.0,10000.0,1333333.3333333335
Argon,1,90,200.0,0.05,100.0,500.0,45.0,0,1,75.0,Gas,0.0,298.0,298.0,Fail,40000.0,4000.0,533333.3333333334
Argon,1,90,200.0,0.08,100.0,500.0,45.0,0,1,75.0,Gas,0.0,298.0,298.0,Fail,25000.0,2500.0,333333.3333333334
Argon,1,90,200.0,0.02,100.0,500.0,45.0,0,1,100.0,Gas,0.0,298.0,298.0,Fail,100000.0,10000.0,1000000.0000000001
Argon,1,90,200.0,0.05,100.0,500.0,45.0,0,1,100.0,Gas,0.0,298.0,298.0,Fail,40000.0,4000.0,400000.0
Argon,1,90,200.0,0.08,100.0,500.0,45.0,0,1,100.0,Gas,0.0,298.0,298.0,Fail,25000.0,2500.0,250000.00000000003
Argon,1,90,200.0,0.02,100.0,500.0,45.0,0,1,125.0,Gas,0.0,298.0,298.0,Fail,100000.0,10000.0,800000.0
Argon,1,90,200.0,0.05,100.0,500.0,45.0,0,1,125.0,Gas,0.0,298.0,298.0,Fail,40000.0,4000.0,320000.0
Argon,1,90,200.0,0.08,100.0,500.0,45.0,0,1,125.0,Gas,0.0,298.0,298.0,Fail,25000.0,2500.0,200000.0
Argon,1,90,300.0,0.02,100.0,500.0,45.0,0,1,75.0,Gas,0.0,298.0,298.0,Fail,150000.0,15000.0,2000000.0000000002
Argon,1,90,300.0,0.05,100.0,500.0,45.0,0,1,75.0,Gas,0.0,298.0,298.0,Fail,60000.0,6000.0,800000.0
Argon,1,90,300.0,0.08,100.0,500.0,45.0,0,1,75.0,Gas,0.0,298.0,298.0,Fail,37500.0,3750.0,500000.00000000006
Argon,1,90,300.0,0.02,100.0,500.0,45.0,0,1,100.0,Gas,0.0,298.0,298.0,Fail,150000.0,15000.0,1500000.0000000002
Argon,1,90,300.0,0.05,100.0,500.0,45.0,0,1,100.0,Gas,0.0,298.0,298.0,Fail,60000.0,6000.0,600000.0
Argon,1,90,300.0,0.08,100.0,500.0,45.0,0,1,100.0,Gas,0.0,298.0,298.0,Fail,37500.0,3750.0,375000.00000000006
Argon,1,90,300.0,0.02,100.0,500.0,45.0,0,1,125.0,Gas,0.0,298.0,298.0,Fail,150000.0,15000.0,1200000.0
Argon,1,90,300.0,0.05,100.0,500.0,45.0,0,1,125.0,Gas,0.0,298.0,298.0,Fail,60000.0,6000.0,480000.0
Argon,1,90,300.0,0.08,100.0,500.0,45.0,0,1,125.0,Gas,0.0,298.0,298.0,Fail,37500.0,3750.0,300000.0
Argon,1,90,400.0,0.02,100.0,500.0,45.0,0,1,75.0,Gas,0.0,298.0,298.0,Fail,200000.0,20000.0,2666666.666666667
Argon,1,90,400.0,0.05,100.0,500.0,45.0,0,1,75.0,Gas,0.0,298.0,298.0,Fail,80000.0,8000.0,1066666.6666666667
Argon,1,90,400.0,0.08,100.0,500.0,45.0,0,1,75.0,Gas,0.0,298.0,298.0,Fail,50000.0,5000.0,666666.6666666667
Argon,1,90,400.0,0.02,100.0,500.0,45.0,0,1,100.0,Gas,0.0,298.0,298.0,Fail,200000.0,20000.0,2000000.0000000002
Argon,1,90,400.0,0.05,100.0,500.0,45.0,0,1,100.0,Gas,0.0,298.0,298.0,Fail,80000.0,8000.0,800000.0
Argon,1,90,400.0,0.08,100.0,500.0,45.0,0,1,100.0,Gas,0.0,298.0,298.0,Fail,50000.0,5000.0,500000.00000000006
Argon,1,90,400.0,0.02,100.0,500.0,45.0,0,1,125.0,Gas,0.0,298.0,298.0,Fail,200000.0,20000.0,1600000.0
Argon,1,90,400.0,0.05,100.0,500.0,45.0,0,1,125.0,Gas,0.0,298.0,298.0,Fail,80000.0,8000.0,640000.0
Argon,1,90,400.0,0.08,100.0,500.0,45.0,0,1,125.0,Gas,0.0,298.0,298.0,Fail,50000.0,5000.0,400000.0
Argon,1,90,171.0,0.6,100.0,80.0,60.0,0,1,46.95333333333333,Gas,0.0,298.0,298.0,Fail,2850.0,285.0,60698.56595200909
Argon,1,90,171.0,0.4,100.0,80.0,60.0,0,1,62.25,Gas,0.0,298.0,298.0,Fail,4275.0,427.5,68674.69879518072
Argon,1,90,171.0,0.6,100.0,150.0,60.0,0,1,57.28095238095238,Gas,0.0,298.0,298.0,Fail,2850.0,285.0,49754.75933161527
Argon,1,90,171.0,0.4,100.0,150.0,60.0,0,1,77.08095238095238,Gas,0.0,298.0,298.0,Fail,4275.0,427.5,55461.17254587014
Argon,1,90,171.0,0.2,100.0,150.0,60.0,0,1,79.98075609575609,Gas,0.0,298.0,298.0,Fail,8550.0,855.0,106900.7148389996
Argon,1,90,157.5,1.2,100.0,80.0,60.0,0,1,47.06666666666667,Gas,0.0,298.0,298.0,Fail,1312.5,131.25,27885.977337110486
Argon,1,90,157.5,1.0,100.0,80.0,60.0,0,1,47.06666666666667,Gas,0.0,298.0,298.0,Fail,1575.0,157.5,33463.17280453257
Argon,1,90,157.5,0.8,100.0,80.0,60.0,0,1,47.6,Gas,0.0,298.0,298.0,Fail,1968.75,196.875,41360.29411764706
Argon,1,90,157.5,0.6,100.0,80.0,60.0,0,1,46.17,Gas,0.0,298.0,298.0,Fail,2625.0,262.5,56855.10071474984
Argon,1,90,157.5,0.4,100.0,80.0,60.0,0,1,70.84,Gas,0.0,298.0,298.0,Fail,3937.5,393.75,55583.00395256916
Argon,1,90,157.5,1.2,100.0,150.0,60.0,0,1,56.16428571428571,Gas,0.0,298.0,298.0,Fail,1312.5,131.25,23368.94315146891
Argon,1,90,157.5,1.0,100.0,150.0,60.0,0,1,56.09761904761905,Gas,0.0,298.0,298.0,Fail,1575.0,157.5,28076.057892279616
Argon,1,90,157.5,0.8,100.0,150.0,60.0,0,1,56.714285714285715,Gas,0.0,298.0,298.0,Fail,1968.75,196.875,34713.476070528974
Argon,1,90,157.5,0.6,100.0,10.0,60.0,0,1,24.916666666666668,Gas,0.0,298.0,298.0,Fail,2625.0,262.5,105351.17056856187
Argon,1,90,157.5,0.4,100.0,150.0,60.0,0,1,85.31428571428572,Gas,0.0,298.0,298.0,Fail,3937.5,393.75,46152.88010716678
Argon,1,90,157.5,0.6,100.0,220.0,60.0,0,1,45.56666666666667,Gas,0.0,298.0,298.0,Fail,2625.0,262.5,57607.90051207023
Argon,1,90,157.5,0.6,100.0,150.0,60.0,0,1,56.38095238095238,Gas,0.0,298.0,298.0,Fail,2625.0,262.5,46558.277027027034
Argon,1,90,120.0,1.0,100.0,150.0,60.0,0,1,56.147619047619045,Gas,0.0,298.0,298.0,Fail,1200.0,120.0,21372.233059112885
Argon,1,90,120.0,1.0,100.0,80.0,60.0,0,1,47.03333333333333,Gas,0.0,298.0,298.0,Fail,1200.0,120.0,25513.81998582566
Argon,1,90,315.0,1.2,100.0,80.0,60.0,0,1,46.733333333333334,Gas,0.0,298.0,298.0,Fail,2625.0,262.5,56169.757489300995
Argon,1,90,315.0,1.0,100.0,80.0,60.0,0,1,48.156666666666666,Gas,0.0,298.0,298.0,Fail,3150.0,315.0,65411.50411850211
Argon,1,90,315.0,0.8,100.0,80.0,60.0,0,1,47.733333333333334,Gas,0.0,298.0,298.0,Fail,3937.5,393.75,82489.5251396648
Argon,1,90,315.0,0.6,100.0,80.0,60.0,0,1,47.42333333333333,Gas,0.0,298.0,298.0,Fail,5250.0,525.0,110704.99753988894
Argon,1,90,315.0,0.4,100.0,80.0,60.0,0,1,55.86666666666667,Gas,0.0,298.0,298.0,Fail,7875.0,787.5,140960.62052505967
Argon,1,90,315.0,1.2,100.0,150.0,60.0,0,1,56.897619047619045,Gas,0.0,298.0,298.0,Fail,2625.0,262.5,46135.498179687835
Argon,1,90,315.0,1.0,100.0,150.0,60.0,0,1,58.56428571428571,Gas,0.0,298.0,298.0,Fail,3150.0,315.0,53787.047200878165
Argon,1,90,315.0,0.8,100.0,150.0,60.0,0,1,59.73095238095238,Gas,0.0,298.0,298.0,Fail,3937.5,393.75,65920.59632478973
Argon,1,90,315.0,0.6,100.0,150.0,60.0,0,1,61.53095238095238,Gas,0.0,298.0,298.0,Fail,5250.0,525.0,85322.91142669195
Argon,1,90,315.0,0.4,100.0,150.0,60.0,0,1,78.33095238095238,Gas,0.0,298.0,298.0,Fail,7875.0,787.5,100534.97066780145
Argon,1,90,157.5,0.6,100.0,360.0,60.0,0,1,107.90277777777777,Gas,0.0,298.0,298.0,Fail,2625.0,262.5,24327.455270948645
Argon,1,90,157.5,0.6,100.0,290.0,60.0,0,1,53.55,Gas,0.0,298.0,298.0,Fail,2625.0,262.5,49019.60784313726
Argon,1,90,157.7,0.6,100.0,150.0,60.0,0,1,56.38095238095238,Gas,0.0,298.0,298.0,Fail,2628.333333333333,262.8333333333333,46617.398648648654
Argon,1,90,280.0,1.2,100.0,360.0,60.0,0,1,107.56944444444444,Gas,0.0,298.0,298.0,Fail,2333.3333333333335,233.33333333333334,21691.41381536475
Argon,1,90,280.0,1.2,100.0,290.0,60.0,0,1,54.6,Gas,0.0,298.0,298.0,Fail,2333.3333333333335,233.33333333333334,42735.042735042734
Argon,1,90,280.0,1.2,100.0,220.0,60.0,0,1,46.55,Gas,0.0,298.0,298.0,Fail,2333.3333333333335,233.33333333333334,50125.31328320802
Argon,1,90,280.0,1.2,100.0,150.0,60.0,0,1,56.83095238095238,Gas,0.0,298.0,298.0,Fail,2333.3333333333335,233.33333333333334,41057.43851858059
Argon,1,90,280.0,1.2,100.0,80.0,60.0,0,1,46.79,Gas,0.0,298.0,298.0,Fail,2333.3333333333335,233.33333333333334,49868.20545700649
Argon,1,90,20.0,0.005,100.0,200.0,59.77272727272727,0,1,75.0,Gas,0.0,298.0,423.15,Fail,40000.0,4000.0,533333.3333333334
Argon,1,90,20.0,0.01,100.0,200.0,59.54545454545455,0,1,75.0,Gas,0.0,298.0,423.15,Fail,20000.0,2000.0,266666.6666666667
Argon,1,90,20.0,0.015,100.0,200.0,59.31818181818182,0,1,75.0,Gas,0.0,298.0,423.15,Fail,13333.333333333334,1333.3333333333335,177777.77777777778
Argon,1,90,20.0,0.02,100.0,200.0,59.09090909090909,0,1,75.0,Gas,0.0,298.0,423.15,Fail,10000.0,1000.0,133333.33333333334
Argon,1,90,40.0,0.005,100.0,200.0,58.86363636363637,0,1,75.0,Gas,0.0,298.0,423.15,Fail,80000.0,8000.0,1066666.6666666667
Argon,1,90,40.0,0.01,100.0,200.0,58.63636363636363,0,1,75.0,Gas,0.0,298.0,423.15,Fail,40000.0,4000.0,533333.3333333334
Argon,1,90,40.0,0.015,100.0,200.0,58.40909090909091,0,1,75.0,Gas,0.0,298.0,423.15,Fail,26666.666666666668,2666.666666666667,355555.55555555556
Argon,1,90,40.0,0.02,100.0,200.0,58.18181818181818,0,1,75.0,Gas,0.0,298.0,423.15,Fail,20000.0,2000.0,266666.6666666667
Argon,1,90,60.0,0.005,100.0,200.0,57.95454545454545,0,1,75.0,Gas,0.0,298.0,423.15,Fail,120000.0,12000.0,1600000.0000000002
Argon,1,90,60.0,0.01,100.0,200.0,57.72727272727273,0,1,75.0,Gas,0.0,298.0,423.15,Fail,60000.0,6000.0,800000.0000000001
Argon,1,90,60.0,0.015,100.0,200.0,57.5,0,1,75.0,Gas,0.0,298.0,423.15,Fail,40000.0,4000.0,533333.3333333334
Argon,1,90,60.0,0.02,100.0,200.0,57.27272727272727,0,1,75.0,Gas,0.0,298.0,423.15,Fail,30000.0,3000.0,400000.00000000006
Argon,1,90,80.0,0.005,100.0,200.0,57.04545454545455,0,1,75.0,Gas,0.0,298.0,423.15,Fail,160000.0,16000.0,2133333.3333333335
Argon,1,90,80.0,0.01,100.0,200.0,56.81818181818182,0,1,75.0,Gas,0.0,298.0,423.15,Fail,80000.0,8000.0,1066666.6666666667
Argon,1,90,80.0,0.015,100.0,200.0,56.59090909090909,0,1,75.0,Gas,0.0,298.0,423.15,Fail,53333.333333333336,5333.333333333334,711111.1111111111
Argon,1,90,80.0,0.02,100.0,200.0,56.36363636363637,0,1,75.0,Gas,0.0,298.0,423.15,Fail,40000.0,4000.0,533333.3333333334
Argon,1,90,100.0,0.005,100.0,200.0,56.13636363636364,0,1,75.0,Gas,0.0,298.0,423.15,Fail,200000.0,20000.0,2666666.666666667
Argon,1,90,100.0,0.01,100.0,200.0,55.90909090909091,0,1,75.0,Gas,0.0,298.0,423.15,Fail,100000.0,10000.0,1333333.3333333335
Argon,1,90,100.0,0.015,100.0,200.0,55.68181818181818,0,1,75.0,Gas,0.0,298.0,423.15,Fail,66666.66666666667,6666.666666666667,888888.8888888889
Argon,1,90,100.0,0.02,100.0,200.0,55.45454545454545,0,1,75.0,Gas,0.0,298.0,423.15,Fail,50000.0,5000.0,666666.6666666667
Argon,1,0,60.0,0.01,150.0,200.0,55.22727272727273,0,1,75.0,Gas,0.0,298.0,423.15,Success,40000.0,6000.0,533333.3333333334
Argon,1,0,60.0,0.01,200.0,200.0,55.0,0,1,75.0,Gas,0.0,298.0,423.15,Success,30000.0,6000.0,400000.00000000006
Argon,1,0,60.0,0.01,250.0,200.0,54.77272727272727,0,1,75.0,Gas,0.0,298.0,423.15,Success,24000.0,6000.0,320000.0
Argon,1,0,60.0,0.01,300.0,200.0,54.54545454545455,0,1,75.0,Gas,0.0,298.0,423.15,Success,20000.0,6000.0,266666.6666666667
Argon,1,0,60.0,0.01,350.0,200.0,54.31818181818182,0,1,75.0,Gas,0.0,298.0,423.15,Success,17142.85714285714,6000.0,228571.42857142858
Argon,1,0,60.0,0.01,250.0,200.0,54.09090909090909,0,1,75.0,Gas,0.0,298.0,423.15,Success,24000.0,6000.0,320000.0
Argon,1,90,100.0,0.4,100.0,80.0,53.86363636363637,0,1,38.92111111111111,Gas,0.0,298.0,298.0,Fail,2500.0,250.0,64232.49307716464
Argon,1,90,100.0,0.6,100.0,80.0,53.63636363636364,0,1,39.07,Gas,0.0,298.0,298.0,Fail,1666.6666666666667,166.66666666666669,42658.47623922874
Argon,1,90,100.0,0.8,100.0,80.0,53.40909090909091,0,1,39.88,Gas,0.0,298.0,298.0,Fail,1250.0,125.0,31344.03209628887
Argon,1,90,100.0,1.0,100.0,80.0,53.18181818181818,0,1,39.596666666666664,Gas,0.0,298.0,298.0,Fail,1000.0,100.0,25254.651064904458
Argon,1,90,100.0,1.2,100.0,80.0,52.95454545454545,0,1,39.61,Gas,0.0,298.0,298.0,Fail,833.3333333333334,83.33333333333334,21038.458301775645
Argon,1,90,100.0,1.4,100.0,80.0,52.72727272727273,0,1,39.416666666666664,Gas,0.0,298.0,298.0,Fail,714.2857142857142,71.42857142857143,18121.41347025068
Argon,1,90,140.0,0.4,100.0,80.0,52.5,0,1,41.60999999999999,Gas,0.0,298.0,298.0,Fail,3500.0,350.0,84114.39557798608
Argon,1,90,140.0,0.6,100.0,80.0,52.27272727272727,0,1,37.526666666666664,Gas,0.0,298.0,298.0,Fail,2333.3333333333335,233.33333333333334,62178.00675075502
Argon,1,90,140.0,0.8,100.0,80.0,52.04545454545455,0,1,43.85,Gas,0.0,298.0,298.0,Fail,1750.0,175.0,39908.77993158495
Argon,1,90,140.0,1.0,100.0,80.0,51.81818181818182,0,1,48.08,Gas,0.0,298.0,298.0,Fail,1400.0,140.0,29118.136439267888
Argon,1,90,140.0,1.2,100.0,80.0,51.59090909090909,0,1,48.016666666666666,Gas,0.0,298.0,298.0,Fail,1166.6666666666667,116.66666666666667,24297.119055883373
Argon,1,90,140.0,1.4,100.0,80.0,51.36363636363636,0,1,48.343333333333334,Gas,0.0,298.0,298.0,Fail,999.9999999999999,100.0,20685.37543956423
Argon,1,90,180.0,0.4,100.0,80.0,51.13636363636364,0,1,53.792222222222215,Gas,0.0,298.0,298.0,Fail,4500.0,450.0,83655.2165740607
Argon,1,90,180.0,0.6,100.0,80.0,50.90909090909091,0,1,40.473333333333336,Gas,0.0,298.0,298.0,Fail,3000.0,300.0,74122.87926206556
Argon,1,90,180.0,0.8,100.0,80.0,50.68181818181818,0,1,43.81611111111111,Gas,0.0,298.0,298.0,Fail,2250.0,225.0,51350.97440058831
Argon,1,90,180.0,1.0,100.0,80.0,50.45454545454545,0,1,41.63333333333333,Gas,0.0,298.0,298.0,Fail,1800.0,180.0,43234.58767013611
Argon,1,90,180.0,1.2,100.0,80.0,50.22727272727273,0,1,38.68333333333333,Gas,0.0,298.0,298.0,Fail,1500.0,150.0,38776.38948728997
Argon,1,90,180.0,1.4,100.0,80.0,50.0,0,1,29.95,Gas,0.0,298.0,298.0,Fail,1285.7142857142856,128.57142857142858,42928.69067493442
Argon,1,90,220.0,0.4,100.0,80.0,49.77272727272727,0,1,46.555555555555536,Gas,0.0,298.0,298.0,Fail,5500.0,550.0,118138.42482100244
Argon,1,90,220.0,0.6,100.0,80.0,49.54545454545455,0,1,45.181,Gas,0.0,298.0,298.0,Fail,3666.666666666667,366.6666666666667,81155.05780453437
Argon,1,90,220.0,0.8,100.0,80.0,49.31818181818182,0,1,48.98,Gas,0.0,298.0,298.0,Fail,2750.0,275.0,56145.36545528787
Argon,1,90,220.0,1.0,100.0,80.0,49.09090909090909,0,1,48.91766666666666,Gas,0.0,298.0,298.0,Fail,2200.0,220.0,44973.52694663824
Argon,1,90,220.0,1.2,100.0,80.0,48.86363636363636,0,1,49.0,Gas,0.0,298.0,298.0,Fail,1833.3333333333335,183.33333333333334,37414.965986394556
Argon,1,90,220.0,1.4,100.0,80.0,48.63636363636364,0,1,39.99233333333325,Gas,0.0,298.0,298.0,Fail,1571.4285714285713,157.14285714285714,39293.24549110016
Argon,1,90,260.0,0.4,100.0,80.0,48.40909090909091,0,1,41.53933333333327,Gas,0.0,298.0,298.0,Fail,6500.0,650.0,156478.19737116652
Argon,1,90,260.0,0.6,100.0,80.0,48.18181818181818,0,1,42.39399999999996,Gas,0.0,298.0,298.0,Fail,4333.333333333334,433.33333333333337,102215.7223506472
Argon,1,90,260.0,0.8,100.0,80.0,47.95454545454545,0,1,41.34699999999998,Gas,0.0,298.0,298.0,Fail,3250.0,325.0,78603.04254238523
Argon,1,90,260.0,1.0,100.0,80.0,47.72727272727273,0,1,39.80699999999998,Gas,0.0,298.0,298.0,Fail,2600.0,260.0,65315.14557741105
Argon,1,90,260.0,1.2,100.0,80.0,47.5,0,1,39.48666666666665,Gas,0.0,298.0,298.0,Fail,2166.666666666667,216.66666666666669,54870.84247847377
Argon,1,90,260.0,1.4,100.0,80.0,47.27272727272727,0,1,39.64133333333331,Gas,0.0,298.0,298.0,Fail,1857.1428571428569,185.71428571428572,46848.64763570495
Argon,1,90,100.0,0.4,100.0,80.0,47.04545454545455,0,1,41.97644444444441,Gas,0.0,298.0,298.0,Fail,2500.0,250.0,59557.211981322915
Argon,1,90,100.0,0.6,100.0,80.0,46.81818181818182,0,1,42.96599999999997,Gas,0.0,298.0,298.0,Fail,1666.6666666666667,166.66666666666669,38790.36137100656
Argon,1,90,100.0,0.8,100.0,80.0,46.59090909090909,0,1,42.09233333333332,Gas,0.0,298.0,298.0,Fail,1250.0,125.0,29696.6193368547
Argon,1,90,100.0,1.0,100.0,80.0,46.36363636363636,0,1,40.32933333333332,Gas,0.0,298.0,298.0,Fail,1000.0,100.0,24795.847522068318
Argon,1,90,100.0,1.2,100.0,80.0,46.13636363636364,0,1,41.75333333333332,Gas,0.0,298.0,298.0,Fail,833.3333333333334,83.33333333333334,19958.486348395345
Argon,1,90,100.0,1.4,100.0,80.0,45.90909090909091,0,1,38.78466666666666,Gas,0.0,298.0,298.0,Fail,714.2857142857142,71.42857142857143,18416.70370470412
Argon,1,90,140.0,0.4,100.0,80.0,45.68181818181818,0,1,45.00266666666666,Gas,0.0,298.0,298.0,Fail,3500.0,350.0,77773.16899739276
Argon,1,90,140.0,0.6,100.0,80.0,45.45454545454545,0,1,43.29,Gas,0.0,298.0,298.0,Fail,2333.3333333333335,233.33333333333334,53900.0539000539
Argon,1,90,140.0,0.8,100.0,80.0,45.22727272727273,0,1,39.49333333333333,Gas,0.0,298.0,298.0,Fail,1750.0,175.0,44311.27616475355
Argon,1,90,140.0,1.0,100.0,80.0,45.0,0,1,31.466666666666665,Gas,0.0,298.0,298.0,Fail,1400.0,140.0,44491.52542372882
Argon,1,90,140.0,1.2,100.0,80.0,44.77272727272727,0,1,40.03333333333333,Gas,0.0,298.0,298.0,Fail,1166.6666666666667,116.66666666666667,29142.381348875937
Argon,1,90,140.0,1.4,100.0,80.0,44.54545454545455,0,1,40.3,Gas,0.0,298.0,298.0,Fail,999.9999999999999,100.0,24813.89578163772
Argon,1,90,180.0,0.4,100.0,80.0,44.31818181818182,0,1,41.72333333333333,Gas,0.0,298.0,298.0,Fail,4500.0,450.0,107853.31948549974
Argon,1,90,180.0,0.6,100.0,80.0,44.09090909090909,0,1,42.21666666666667,Gas,0.0,298.0,298.0,Fail,3000.0,300.0,71061.98183971575
Argon,1,90,180.0,0.8,100.0,80.0,43.86363636363636,0,1,40.13,Gas,0.0,298.0,298.0,Fail,2250.0,225.0,56067.77971592325
Argon,1,90,180.0,1.0,100.0,80.0,43.63636363636364,0,1,39.53333333333333,Gas,0.0,298.0,298.0,Fail,1800.0,180.0,45531.197301854976
Argon,1,90,180.0,1.2,100.0,80.0,43.40909090909091,0,1,39.46666666666667,Gas,0.0,298.0,298.0,Fail,1500.0,150.0,38006.75675675676
Argon,1,90,180.0,1.4,100.0,80.0,43.18181818181819,0,1,40.166666666666664,Gas,0.0,298.0,298.0,Fail,1285.7142857142856,128.57142857142858,32009.484291641973
Argon,1,90,220.0,0.4,100.0,80.0,42.95454545454545,0,1,39.99877777777777,Gas,0.0,298.0,298.0,Fail,5500.0,550.0,137504.20151726864
Argon,1,90,220.0,0.6,100.0,80.0,42.72727272727273,0,1,41.28333333333333,Gas,0.0,298.0,298.0,Fail,3666.666666666667,366.6666666666667,88817.11748082358
Argon,1,90,220.0,0.8,100.0,80.0,42.5,0,1,39.7,Gas,0.0,298.0,298.0,Fail,2750.0,275.0,69269.52141057934
Argon,1,90,220.0,1.0,100.0,80.0,42.27272727272727,0,1,38.9,Gas,0.0,298.0,298.0,Fail,2200.0,220.0,56555.26992287918
Argon,1,90,220.0,1.2,100.0,80.0,42.04545454545455,0,1,37.166666666666664,Gas,0.0,298.0,298.0,Fail,1833.3333333333335,183.33333333333334,49327.35426008969
Argon,1,90,220.0,1.4,100.0,80.0,41.81818181818182,0,1,36.2,Gas,0.0,298.0,298.0,Fail,1571.4285714285713,157.14285714285714,43409.62904498816
Argon,1,90,260.0,0.4,100.0,80.0,41.59090909090909,0,1,37.75655555555555,Gas,0.0,298.0,298.0,Fail,6500.0,650.0,172155.53443257834
Argon,1,90,260.0,0.6,100.0,80.0,41.36363636363636,0,1,37.047666666666665,Gas,0.0,298.0,298.0,Fail,4333.333333333334,433.33333333333337,116966.43063440794
Argon,1,90,260.0,0.8,100.0,80.0,41.13636363636364,0,1,35.13666666666666,Gas,0.0,298.0,298.0,Fail,3250.0,325.0,92495.96812446638
Argon,1,90,260.0,1.0,100.0,80.0,40.90909090909091,0,1,32.4,Gas,0.0,298.0,298.0,Fail,2600.0,260.0,80246.91358024692
Argon,1,90,260.0,1.2,100.0,80.0,40.68181818181819,0,1,30.133333333333333,Gas,0.0,298.0,298.0,Fail,2166.666666666667,216.66666666666669,71902.65486725664
Argon,1,90,260.0,1.4,100.0,80.0,40.45454545454545,0,1,30.166666666666668,Gas,0.0,298.0,298.0,Fail,1857.1428571428569,185.71428571428572,61562.74664561956
Argon,1,90,80.0,0.4,100.0,80.0,40.22727272727273,0,1,30.666666666666668,Gas,0.0,298.0,298.0,Fail,2000.0,200.0,65217.391304347824
Argon,1,90,80.0,0.6,100.0,80.0,40.0,0,1,44.46666666666667,Gas,0.0,298.0,298.0,Fail,1333.3333333333335,133.33333333333334,29985.007496251877
Argon,1,90,80.0,0.8,100.0,80.0,39.77272727272727,0,1,31.366666666666667,Gas,0.0,298.0,298.0,Fail,1000.0,100.0,31880.97768331562
Argon,1,90,80.0,1.0,100.0,80.0,39.54545454545455,0,1,30.9,Gas,0.0,298.0,298.0,Fail,800.0,80.0,25889.967637540452
Argon,1,90,80.0,1.2,100.0,80.0,39.31818181818182,0,1,30.766666666666666,Gas,0.0,298.0,298.0,Fail,666.6666666666667,66.66666666666667,21668.472372697724
Argon,1,90,120.0,0.4,100.0,80.0,39.09090909090909,0,1,32.9,Gas,0.0,298.0,298.0,Fail,3000.0,300.0,91185.41033434651
Argon,1,90,120.0,0.6,100.0,80.0,38.86363636363636,0,1,30.483333333333334,Gas,0.0,298.0,298.0,Fail,2000.0,200.0,65609.62274466922
Argon,1,90,120.0,0.8,100.0,80.0,38.63636363636364,0,1,30.866666666666667,Gas,0.0,298.0,298.0,Fail,1500.0,150.0,48596.11231101512
Argon,1,90,120.0,1.0,100.0,80.0,38.40909090909091,0,1,30.433333333333334,Gas,0.0,298.0,298.0,Fail,1200.0,120.0,39430.44906900329
Argon,1,90,120.0,1.2,100.0,80.0,38.18181818181819,0,1,30.0,Gas,0.0,298.0,298.0,Fail,1000.0,100.0,33333.333333333336
Argon,1,90,160.0,0.4,100.0,80.0,37.95454545454545,0,1,30.44444444444444,Gas,0.0,298.0,298.0,Fail,4000.0,400.0,131386.86131386863
Argon,1,90,160.0,0.6,100.0,80.0,37.72727272727273,0,1,30.133333333333333,Gas,0.0,298.0,298.0,Fail,2666.666666666667,266.6666666666667,88495.57522123893
Argon,1,90,160.0,0.8,100.0,80.0,37.5,0,1,29.483333333333334,Gas,0.0,298.0,298.0,Fail,2000.0,200.0,67834.93499152063
Argon,1,90,160.0,1.0,100.0,80.0,37.27272727272727,0,1,29.627777777777773,Gas,0.0,298.0,298.0,Fail,1600.0,160.0,54003.3752109507
Argon,1,90,160.0,1.2,100.0,80.0,37.04545454545455,0,1,29.908333333333335,Gas,0.0,298.0,298.0,Fail,1333.3333333333335,133.33333333333334,44580.66313736417
Argon,1,90,200.0,0.4,100.0,80.0,36.81818181818182,0,1,30.163888888888888,Gas,0.0,298.0,298.0,Fail,5000.0,500.0,165761.11980845383
Argon,1,90,200.0,0.6,100.0,80.0,36.59090909090909,0,1,30.202777777777772,Gas,0.0,298.0,298.0,Fail,3333.3333333333335,333.33333333333337,110365.12462061991
Argon,1,90,200.0,0.8,100.0,80.0,36.36363636363636,0,1,30.636111111111106,Gas,0.0,298.0,298.0,Fail,2500.0,250.0,81603.04651373652
Argon,1,90,200.0,1.0,100.0,80.0,36.13636363636364,0,1,29.96944444444444,Gas,0.0,298.0,298.0,Fail,2000.0,200.0,66734.63713041061
Argon,1,90,200.0,1.2,100.0,80.0,35.90909090909091,0,1,30.113888888888887,Gas,0.0,298.0,298.0,Fail,1666.6666666666667,166.66666666666669,55345.44783691542
Argon,1,90,240.0,0.4,100.0,80.0,35.68181818181819,0,1,31.14722222222222,Gas,0.0,298.0,298.0,Fail,6000.0,600.0,192633.5503433515
Argon,1,90,240.0,0.6,100.0,80.0,35.45454545454545,0,1,31.16706349206349,Gas,0.0,298.0,298.0,Fail,4000.0,400.0,128340.61190970324
Argon,1,90,240.0,0.8,100.0,80.0,35.22727272727273,0,1,31.952777777777772,Gas,0.0,298.0,298.0,Fail,3000.0,300.0,93888.55081283147
Argon,1,90,240.0,1.0,100.0,80.0,35.0,0,1,31.89722222222222,Gas,0.0,298.0,298.0,Fail,2400.0,240.0,75241.66158669339
Argon,1,90,240.0,1.2,100.0,80.0,34.77272727272727,0,1,32.03055555555555,Gas,0.0,298.0,298.0,Fail,2000.0,200.0,62440.37811117858
Argon,1,90,80.0,0.4,100.0,80.0,34.54545454545455,0,1,30.386111111111106,Gas,0.0,298.0,298.0,Fail,2000.0,200.0,65819.54474814884
Argon,1,90,80.0,0.6,100.0,80.0,34.31818181818182,0,1,30.477777777777774,Gas,0.0,298.0,298.0,Fail,1333.3333333333335,133.33333333333334,43747.72147283996
Argon,1,90,80.0,0.8,100.0,80.0,34.09090909090909,0,1,29.477777777777774,Gas,0.0,298.0,298.0,Fail,1000.0,100.0,33923.85978137958
Argon,1,90,80.0,1.0,100.0,80.0,33.86363636363636,0,1,29.49444444444444,Gas,0.0,298.0,298.0,Fail,800.0,80.0,27123.75211904314
Argon,1,90,120.0,0.4,100.0,80.0,33.63636363636364,0,1,32.03333333333333,Gas,0.0,298.0,298.0,Fail,3000.0,300.0,93652.44536940688
Argon,1,90,120.0,0.6,100.0,80.0,33.40909090909091,0,1,32.077777777777776,Gas,0.0,298.0,298.0,Fail,2000.0,200.0,62348.4586075511
Argon,1,90,120.0,0.8,100.0,80.0,33.18181818181819,0,1,32.227777777777774,Gas,0.0,298.0,298.0,Fail,1500.0,150.0,46543.699362178944
Argon,1,90,120.0,1.0,100.0,80.0,32.95454545454545,0,1,32.227777777777774,Gas,0.0,298.0,298.0,Fail,1200.0,120.0,37234.95948974315
Argon,1,90,160.0,0.4,100.0,80.0,32.72727272727273,0,1,32.09722222222222,Gas,0.0,298.0,298.0,Fail,4000.0,400.0,124621.37602769364
Argon,1,90,160.0,0.6,100.0,80.0,32.5,0,1,32.038888888888884,Gas,0.0,298.0,298.0,Fail,2666.666666666667,266.6666666666667,83232.18311080286
Argon,1,90,160.0,0.8,100.0,80.0,32.27272727272727,0,1,31.538888888888888,Gas,0.0,298.0,298.0,Fail,2000.0,200.0,63413.774881099176
Argon,1,90,160.0,1.0,100.0,80.0,32.04545454545455,0,1,31.555555555555554,Gas,0.0,298.0,298.0,Fail,1600.0,160.0,50704.225352112684
Argon,1,90,200.0,0.4,100.0,80.0,31.81818181818182,0,1,30.941666666666666,Gas,0.0,298.0,298.0,Fail,5000.0,500.0,161594.3980608672
Argon,1,90,200.0,0.6,100.0,80.0,31.590909090909093,0,1,31.20873015873016,Gas,0.0,298.0,298.0,Fail,3333.3333333333335,333.33333333333337,106807.72067238003
Argon,1,90,200.0,0.8,100.0,80.0,31.363636363636363,0,1,30.99444444444444,Gas,0.0,298.0,298.0,Fail,2500.0,250.0,80659.61641871305
Argon,1,90,200.0,1.0,100.0,80.0,31.136363636363637,0,1,30.71111111111111,Gas,0.0,298.0,298.0,Fail,2000.0,200.0,65123.010130246024
Argon,1,90,240.0,0.4,100.0,80.0,30.90909090909091,0,1,31.987777777777772,Gas,0.0,298.0,298.0,Fail,6000.0,600.0,187571.64194657686
Argon,1,90,240.0,0.6,100.0,80.0,30.681818181818183,0,1,31.517063492063492,Gas,0.0,298.0,298.0,Fail,4000.0,400.0,126915.37715775028
Argon,1,90,240.0,0.8,100.0,80.0,30.454545454545457,0,1,31.69444444444444,Gas,0.0,298.0,298.0,Fail,3000.0,300.0,94653.8124452235
Argon,1,90,240.0,1.0,100.0,80.0,30.227272727272727,0,1,30.894444444444442,Gas,0.0,298.0,298.0,Fail,2400.0,240.0,77683.86980758858
Argon,1,90,80.0,0.3,100.0,80.0,30.0,0,1,15.0,Gas,0.0,298.0,298.0,Fail,2666.666666666667,266.6666666666667,177777.77777777778
Argon,1,90,80.0,0.4,100.0,80.0,30.0,0,1,15.0,Gas,0.0,298.0,298.0,Fail,2000.0,200.0,133333.33333333334
Argon,1,90,80.0,0.5,100.0,80.0,30.0,0,1,15.0,Gas,0.0,298.0,298.0,Fail,1600.0,160.0,106666.66666666667
Argon,1,90,80.0,0.6,100.0,80.0,30.0,0,1,15.0,Gas,0.0,298.0,298.0,Fail,1333.3333333333335,133.33333333333334,88888.88888888889
Argon,1,90,80.0,0.7,100.0,80.0,30.0,0,1,15.0,Gas,0.0,298.0,298.0,Fail,1142.8571428571427,114.28571428571429,76190.4761904762
Argon,1,90,90.0,0.3,100.0,80.0,30.0,0,1,15.0,Gas,0.0,298.0,298.0,Fail,3000.0,300.0,200000.0
Argon,1,90,90.0,0.4,100.0,80.0,30.0,0,1,15.0,Gas,0.0,298.0,298.0,Fail,2250.0,225.0,150000.0
Argon,1,90,90.0,0.5,100.0,80.0,30.0,0,1,15.0,Gas,0.0,298.0,298.0,Fail,1800.0,180.0,120000.0
Argon,1,90,90.0,0.6,100.0,80.0,30.0,0,1,15.0,Gas,0.0,298.0,298.0,Fail,1500.0,150.0,100000.0
Argon,1,90,90.0,0.7,100.0,80.0,30.0,0,1,15.0,Gas,0.0,298.0,298.0,Fail,1285.7142857142856,128.57142857142858,85714.28571428572
Argon,1,90,100.0,0.3,100.0,80.0,30.0,0,1,15.0,Gas,0.0,298.0,298.0,Fail,3333.3333333333335,333.33333333333337,222222.22222222222
Argon,1,90,100.0,0.4,100.0,80.0,30.0,0,1,15.0,Gas,0.0,298.0,298.0,Fail,2500.0,250.0,166666.6666666667
Argon,1,90,100.0,0.5,100.0,80.0,30.0,0,1,15.0,Gas,0.0,298.0,298.0,Fail,2000.0,200.0,133333.33333333334
Argon,1,90,100.0,0.6,100.0,80.0,30.0,0,1,15.0,Gas,0.0,298.0,298.0,Fail,1666.6666666666667,166.66666666666669,111111.11111111111
Argon,1,90,100.0,0.7,100.0,80.0,30.0,0,1,15.0,Gas,0.0,298.0,298.0,Fail,1428.5714285714284,142.85714285714286,95238.09523809524
